image_1,split_1,class_1,image_2,split_2,class_2,match_type,cross_split_leakage,cross_class_conflict,dhash_hamming_distance
train/Grade 1/301438_jpg.rf.8e79eecd1bed6fde9dc2d8eb2ee39908.jpg,train,Grade 1,train/Grade 1/301438_jpg.rf.c29f91532ec816291603f0aef0230153.jpg,train,Grade 1,EXACT_SHA256,False,False,
train/Grade 1/303558_jpg.rf.2ca2197b4328c02c31c796024254b839.jpg,train,Grade 1,train/Grade 1/303558_jpg.rf.49f97afdfd23a43cafd67e6a98669d04.jpg,train,Grade 1,EXACT_SHA256,False,False,
train/Grade 1/334_jpg.rf.1751023840343cc4ede1443d29c39ec0.jpg,train,Grade 1,train/Grade 1/334_jpg.rf.7c74590b9afd8a457f2d38d91a9c17db.jpg,train,Grade 1,EXACT_SHA256,False,False,
train/Grade 2/192_jpg.rf.44a3dd28bbc0fba8ce41a70cddfc60a5.jpg,train,Grade 2,train/Grade 2/192_jpg.rf.6a970ed66f926d646e8989eb9e608552.jpg,train,Grade 2,EXACT_SHA256,False,False,
train/Grade 2/301200_jpg.rf.80bd0705eb017f5d269720530d115a1c.jpg,train,Grade 2,train/Grade 2/301200_jpg.rf.a87fcb8eaa6a5d321d572a2ac82e47b2.jpg,train,Grade 2,EXACT_SHA256,False,False,
train/Grade 2/302303_jpg.rf.44053da24fe41f73eb708e08e725a8ef.jpg,train,Grade 2,train/Grade 2/302303_jpg.rf.648acbbe98257f2627f001bf78b95b70.jpg,train,Grade 2,EXACT_SHA256,False,False,
train/Grade 3/303048_jpg.rf.62cfdb113a37ab7985fbc682717613c4.jpg,train,Grade 3,train/Grade 3/303048_jpg.rf.7f2b3ce7f4ab47cc53dd63b5aaaa831f.jpg,train,Grade 3,EXACT_SHA256,False,False,
train/Grade 3/304224_jpg.rf.1e83f24597dc4be66451313290669e10.jpg,train,Grade 3,train/Grade 3/304224_jpg.rf.24f0360c7421876e9ae8cb111281df99.jpg,train,Grade 3,EXACT_SHA256,False,False,
train/Grade 3/305338_jpg.rf.23c1c1076523de7fa62f9d2d130029e9.jpg,train,Grade 3,train/Grade 3/305338_jpg.rf.fa9d88fe9131373758a2ef14aea98e1e.jpg,train,Grade 3,EXACT_SHA256,False,False,
train/Grade 3/305439_jpg.rf.576c6a85b640d9cf73e9f33d7b682dd7.jpg,train,Grade 3,train/Grade 3/305439_jpg.rf.77cb90a7ba84e4ccc0258d82f63bea03.jpg,train,Grade 3,EXACT_SHA256,False,False,
train/Grade 3/498_jpg.rf.42c2be53f2d39930fe89a8f8532a8ad8.jpg,train,Grade 3,train/Grade 3/498_jpg.rf.8fc9d7859fb68fda0f85689094f93cec.jpg,train,Grade 3,EXACT_SHA256,False,False,
train/Grade 4/501544_jpg.rf.67054514cf994ad5f4788a220c087426.jpg,train,Grade 4,train/Grade 4/501544_jpg.rf.86b4cc9bd10f4a48d8e49a093f1f69b2.jpg,train,Grade 4,EXACT_SHA256,False,False,
train/Grade 4/303682_jpg.rf.c91b8d35ef8818623ac2c3ecd49551a4.jpg,train,Grade 4,train/Grade 4/303682_jpg.rf.d8f5d42458ee6943df73204429911bdd.jpg,train,Grade 4,NEAR_DUPLICATE_DHASH,False,False,0.0
train/Grade 4/303682_jpg.rf.c91b8d35ef8818623ac2c3ecd49551a4.jpg,train,Grade 4,train/Grade 4/303682_jpg.rf.ed487d6ecb83a954c6d9e1438568db60.jpg,train,Grade 4,NEAR_DUPLICATE_DHASH,False,False,0.0
train/Grade 4/303682_jpg.rf.d8f5d42458ee6943df73204429911bdd.jpg,train,Grade 4,train/Grade 4/303682_jpg.rf.ed487d6ecb83a954c6d9e1438568db60.jpg,train,Grade 4,NEAR_DUPLICATE_DHASH,False,False,0.0
train/Grade 4/306022_jpg.rf.8da5af368884fe909bfdbb5b447e9892.jpg,train,Grade 4,train/Grade 4/306022_jpg.rf.f63ff7ffea1cba3b78466e6bb883ac9d.jpg,train,Grade 4,NEAR_DUPLICATE_DHASH,False,False,2.0
train/Grade 1/223_jpg.rf.0e806fc423ad5889b3512e4eef6ec022.jpg,train,Grade 1,train/Grade 1/223_jpg.rf.d0940cb100dfc6b899f6c58f87225295.jpg,train,Grade 1,NEAR_DUPLICATE_DHASH,False,False,0.0
train/Grade 1/223_jpg.rf.163949b2c6044fe6553b8e431928d0c7.jpg,train,Grade 1,train/Grade 1/223_jpg.rf.765bb5de683457b3e4707a680c01f35b.jpg,train,Grade 1,NEAR_DUPLICATE_DHASH,False,False,0.0
train/Grade 3/305759_jpg.rf.513d57e26134fca2942651bd4c5c8147.jpg,train,Grade 3,train/Grade 3/305759_jpg.rf.b285e1d4e097180a8b984fd8b9a7756b.jpg,train,Grade 3,NEAR_DUPLICATE_DHASH,False,False,4.0
train/Grade 3/353_jpg.rf.29e3951c05defb298f107730f7ed9216.jpg,train,Grade 3,train/Grade 3/353_jpg.rf.5ec05228b13fb467a166de8201ce822c.jpg,train,Grade 3,NEAR_DUPLICATE_DHASH,False,False,0.0
train/Grade 3/353_jpg.rf.29e3951c05defb298f107730f7ed9216.jpg,train,Grade 3,train/Grade 3/353_jpg.rf.ff46dfa438d83a8bd183b4ef788f3af4.jpg,train,Grade 3,NEAR_DUPLICATE_DHASH,False,False,2.0
train/Grade 3/353_jpg.rf.5ec05228b13fb467a166de8201ce822c.jpg,train,Grade 3,train/Grade 3/353_jpg.rf.ff46dfa438d83a8bd183b4ef788f3af4.jpg,train,Grade 3,NEAR_DUPLICATE_DHASH,False,False,2.0
train/Grade 2/303738_jpg.rf.2243575a624440eecea28dc75d14b758.jpg,train,Grade 2,train/Grade 2/303738_jpg.rf.8c9e863fd96e2ab49ee69c24c0bd3cdd.jpg,train,Grade 2,NEAR_DUPLICATE_DHASH,False,False,1.0
train/Grade 3/20_jpg.rf.ba6b071e90ca85bdee61a1df2286c6a9.jpg,train,Grade 3,train/Grade 3/2_png.rf.d0ff86d32fce25a8e9fcff00d82b0194.jpg,train,Grade 3,NEAR_DUPLICATE_DHASH,False,False,1.0
train/Grade 3/303603_jpg.rf.6e27f5f61edb03695b7a8c94808108f1.jpg,train,Grade 3,train/Grade 3/303603_jpg.rf.9fef45d452a7295e6a8bd67d6735934b.jpg,train,Grade 3,NEAR_DUPLICATE_DHASH,False,False,4.0
train/Grade 3/303603_jpg.rf.6e27f5f61edb03695b7a8c94808108f1.jpg,train,Grade 3,train/Grade 3/303603_jpg.rf.a8236620cafaaa5029ee9a831c919ca2.jpg,train,Grade 3,NEAR_DUPLICATE_DHASH,False,False,1.0
train/Grade 3/303603_jpg.rf.9fef45d452a7295e6a8bd67d6735934b.jpg,train,Grade 3,train/Grade 3/303603_jpg.rf.a8236620cafaaa5029ee9a831c919ca2.jpg,train,Grade 3,NEAR_DUPLICATE_DHASH,False,False,3.0
train/Grade 4/372_jpg.rf.46608e09f724920d371cffd7d9f217d9.jpg,train,Grade 4,train/Grade 4/372_jpg.rf.9253fadb0cd4998f78bb6c67aece1770.jpg,train,Grade 4,NEAR_DUPLICATE_DHASH,False,False,2.0
train/Grade 1/115_jpg.rf.7cb54d591b8181f8622cf37cd0aaadd7.jpg,train,Grade 1,train/Grade 1/115_jpg.rf.c0f05c2a661e29c81613ef0c52728127.jpg,train,Grade 1,NEAR_DUPLICATE_DHASH,False,False,0.0
train/Grade 1/410_jpg.rf.4aade362d9bbd193f0e1a995e784e70b.jpg,train,Grade 1,train/Grade 1/410_jpg.rf.859014cc83c6302c53c193ce4d7bb3c1.jpg,train,Grade 1,NEAR_DUPLICATE_DHASH,False,False,4.0
train/Grade 2/126_jpg.rf.a11ce32d73863fc39809722258aae714.jpg,train,Grade 2,train/Grade 2/126_jpg.rf.c0b6a651a73826dabfb2f3dd172de787.jpg,train,Grade 2,NEAR_DUPLICATE_DHASH,False,False,0.0
train/Grade 3/52373453_1135239593302921_4835848423259242496_n_jpg.rf.1520a2e4451091702a39749588162458.jpg,train,Grade 3,train/Grade 3/52373453_1135239593302921_4835848423259242496_n_jpg.rf.be464f91c14fdf1d2a1fc71c613bf7aa.jpg,train,Grade 3,NEAR_DUPLICATE_DHASH,False,False,4.0
train/Grade 4/222748d9f97a36c08da91dc46f6f5200_jpg.rf.86e91db9bc544045d4e5a90b7e745fcf.jpg,train,Grade 4,train/Grade 4/222748d9f97a36c08da91dc46f6f5200_jpg.rf.f09c285eea6b4ec044363b1a165dc173.jpg,train,Grade 4,NEAR_DUPLICATE_DHASH,False,False,1.0
train/Grade 1/244_jpg.rf.1e1fc71e7df7b1c7af3c558e1ced39f4.jpg,train,Grade 1,train/Grade 1/244_jpg.rf.f97e2fe043c12afb7426f22438b67d93.jpg,train,Grade 1,NEAR_DUPLICATE_DHASH,False,False,3.0
train/Grade 1/303680_jpg.rf.4151c63e9589137aca5c727adbd1a003.jpg,train,Grade 1,train/Grade 1/303680_jpg.rf.99ebd81f18c76dced7fcf82fe3ecdc97.jpg,train,Grade 1,NEAR_DUPLICATE_DHASH,False,False,3.0
train/Grade 2/215_jpg.rf.0ff338e3ee17e01d102a05a44f8d25e2.jpg,train,Grade 2,train/Grade 2/215_jpg.rf.1e1793fa0ba49e5dfd31c9aec20df506.jpg,train,Grade 2,NEAR_DUPLICATE_DHASH,False,False,4.0
train/Grade 2/303054_jpg.rf.66dc8428725bc92936217cab34e60a53.jpg,train,Grade 2,train/Grade 2/303054_jpg.rf.f82da1800ec04e67b761f645c10d8fe0.jpg,train,Grade 2,NEAR_DUPLICATE_DHASH,False,False,2.0
train/Grade 2/52669909_292819728074291_6340199583842304000_n_jpg.rf.0e578eee5ed792d50b22711c4b6924d8.jpg,train,Grade 2,train/Grade 2/52669909_292819728074291_6340199583842304000_n_jpg.rf.b1afe5bb1593abce44e493b924baed0c.jpg,train,Grade 2,NEAR_DUPLICATE_DHASH,False,False,1.0
train/Grade 3/51793334_1180076592168559_694132724385972224_n_jpg.rf.3e288cb31a9db5e3310c0d7f20083dd3.jpg,train,Grade 3,train/Grade 3/51793334_1180076592168559_694132724385972224_n_jpg.rf.4813b132e3a81adf477ddc417a888123.jpg,train,Grade 3,NEAR_DUPLICATE_DHASH,False,False,1.0
train/Grade 4/136_jpg.rf.7f36bb7917200648362672e29980a497.jpg,train,Grade 4,train/Grade 4/136_jpg.rf.bb8910e2d574f0a25a5e0c34cc200463.jpg,train,Grade 4,NEAR_DUPLICATE_DHASH,False,False,4.0
train/Grade 4/222748d9f97a36c08da91dc46f6f5200_jpg.rf.366a598cd7578e72f5f12f4482358650.jpg,train,Grade 4,train/Grade 4/222748d9f97a36c08da91dc46f6f5200_jpg.rf.aa5d66ff9eede798f91d11effc93c78d.jpg,train,Grade 4,NEAR_DUPLICATE_DHASH,False,False,3.0
train/Grade 4/336_jpg.rf.080b33a9c86730fb445d0ecd40191bef.jpg,train,Grade 4,train/Grade 4/336_jpg.rf.17b513183c0b3d289945bc1b2f501100.jpg,train,Grade 4,NEAR_DUPLICATE_DHASH,False,False,2.0
train/Grade 4/336_jpg.rf.080b33a9c86730fb445d0ecd40191bef.jpg,train,Grade 4,train/Grade 4/336_jpg.rf.d05de8ab7be270aecef6024a1c62818f.jpg,train,Grade 4,NEAR_DUPLICATE_DHASH,False,False,4.0
train/Grade 4/4916270068439552632_jpg.rf.dedd53f4bffc1c8e601d8576c068d79c.jpg,train,Grade 4,train/Grade 4/51828252_1926211384175067_24937331739852800_n_jpg.rf.d3108317192337e95198ad4118ef4a89.jpg,train,Grade 4,NEAR_DUPLICATE_DHASH,False,False,0.0
train/Grade 4/53084622_1543060975838394_486984067993042944_n_jpg.rf.3767934df6a2a8cb8a1f4f63eef233ce.jpg,train,Grade 4,train/Grade 4/53084622_1543060975838394_486984067993042944_n_jpg.rf.399c4374128a70128099dbcca1edd1c0.jpg,train,Grade 4,NEAR_DUPLICATE_DHASH,False,False,1.0
train/Grade 4/53084622_1543060975838394_486984067993042944_n_jpg.rf.3767934df6a2a8cb8a1f4f63eef233ce.jpg,train,Grade 4,train/Grade 4/53084622_1543060975838394_486984067993042944_n_jpg.rf.4bfe005ff1f25b0398c86a76df79d8ea.jpg,train,Grade 4,NEAR_DUPLICATE_DHASH,False,False,0.0
train/Grade 4/53084622_1543060975838394_486984067993042944_n_jpg.rf.399c4374128a70128099dbcca1edd1c0.jpg,train,Grade 4,train/Grade 4/53084622_1543060975838394_486984067993042944_n_jpg.rf.4bfe005ff1f25b0398c86a76df79d8ea.jpg,train,Grade 4,NEAR_DUPLICATE_DHASH,False,False,1.0
train/Grade 1/326_jpg.rf.32bbc86efec8a36c1a6e8f9e0972d40c.jpg,train,Grade 1,train/Grade 1/326_jpg.rf.6aaa87e9a84ae619afa8044ba56b09e7.jpg,train,Grade 1,NEAR_DUPLICATE_DHASH,False,False,2.0
train/Grade 3/4493578528152659698_jpg.rf.173845bf6d8d8df897e5445bd3a0133c.jpg,train,Grade 3,train/Grade 3/4493578528152659698_jpg.rf.cdf281f7c72e3b3d99b82675105c7b06.jpg,train,Grade 3,NEAR_DUPLICATE_DHASH,False,False,3.0
train/Grade 3/4493578528152659698_jpg.rf.173845bf6d8d8df897e5445bd3a0133c.jpg,train,Grade 3,train/Grade 3/52290072_288278388503662_4626597947310604288_n_jpg.rf.a58eb01a7f2b291db19a4a5088db650b.jpg,train,Grade 3,NEAR_DUPLICATE_DHASH,False,False,2.0
train/Grade 3/4493578528152659698_jpg.rf.cdf281f7c72e3b3d99b82675105c7b06.jpg,train,Grade 3,train/Grade 3/52290072_288278388503662_4626597947310604288_n_jpg.rf.a58eb01a7f2b291db19a4a5088db650b.jpg,train,Grade 3,NEAR_DUPLICATE_DHASH,False,False,1.0
train/Grade 4/406_jpg.rf.67f0493b5c84d2a4229e7f6b4624011e.jpg,train,Grade 4,train/Grade 4/406_jpg.rf.6e0f832acc030e88da03343d49e477b7.jpg,train,Grade 4,NEAR_DUPLICATE_DHASH,False,False,0.0
train/Grade 4/406_jpg.rf.67f0493b5c84d2a4229e7f6b4624011e.jpg,train,Grade 4,train/Grade 4/406_jpg.rf.e46df667aee617d42afda167a5e6decb.jpg,train,Grade 4,NEAR_DUPLICATE_DHASH,False,False,4.0
train/Grade 4/406_jpg.rf.6e0f832acc030e88da03343d49e477b7.jpg,train,Grade 4,train/Grade 4/406_jpg.rf.e46df667aee617d42afda167a5e6decb.jpg,train,Grade 4,NEAR_DUPLICATE_DHASH,False,False,4.0
train/Grade 4/501453_jpg.rf.13ea8f084405055b81e31a5c6835501a.jpg,train,Grade 4,train/Grade 4/501453_jpg.rf.4ef34e18b953bd5270141093d76baa6e.jpg,train,Grade 4,NEAR_DUPLICATE_DHASH,False,False,2.0
train/Grade 1/237_jpg.rf.c6dcbd476756efc0e168c49493a690ed.jpg,train,Grade 1,train/Grade 1/237_jpg.rf.d033624d7e17b6982bcc04fb20b3b47f.jpg,train,Grade 1,NEAR_DUPLICATE_DHASH,False,False,3.0
train/Grade 1/478_jpg.rf.21da72018bafcae8af67c650a24f059d.jpg,train,Grade 1,train/Grade 1/478_jpg.rf.e9a474ff63c79540b52826e884263245.jpg,train,Grade 1,NEAR_DUPLICATE_DHASH,False,False,1.0
train/Grade 1/491_jpg.rf.4cc523bd3982675edc532bbf207c3886.jpg,train,Grade 1,train/Grade 1/52766842_553738755138733_4660913657968852992_n_jpg.rf.20e01fc180549160225a0d3dcd59cb84.jpg,train,Grade 1,NEAR_DUPLICATE_DHASH,False,False,4.0
train/Grade 1/52605175_2036653519784616_4603193373434576896_n_jpg.rf.783f98451e8c1918ce043df38fcf306a.jpg,train,Grade 1,train/Grade 1/52605175_2036653519784616_4603193373434576896_n_jpg.rf.83712707081ae206eb31b61d25f61fcb.jpg,train,Grade 1,NEAR_DUPLICATE_DHASH,False,False,3.0
train/Grade 1/a39266877b6897fad51e9383d93daa05-diabetes-weird_jpg.rf.3b2cd3e949441daa81da22a71f8f959e.jpg,train,Grade 1,train/Grade 1/a39266877b6897fad51e9383d93daa05-diabetes-weird_jpg.rf.98a0e660d8671bee4c4ecbe2f814209c.jpg,train,Grade 1,NEAR_DUPLICATE_DHASH,False,False,0.0
train/Grade 2/15_jpg.rf.c768597df8c9009babf7e1127c8e0f2e.jpg,train,Grade 2,train/Grade 4/39_jpg.rf.2765e09668990a7a25f499c81e5301e2.jpg,train,Grade 4,NEAR_DUPLICATE_DHASH,False,True,0.0
train/Grade 2/15_jpg.rf.c768597df8c9009babf7e1127c8e0f2e.jpg,train,Grade 2,train/Grade 4/39_jpg.rf.3103f3cb29faf7fae64a4c6b875ea590.jpg,train,Grade 4,NEAR_DUPLICATE_DHASH,False,True,0.0
train/Grade 2/15_jpg.rf.c768597df8c9009babf7e1127c8e0f2e.jpg,train,Grade 2,train/Grade 4/39_jpg.rf.5c9fbc6799c70ed4384d1ae733eaa1fe.jpg,train,Grade 4,NEAR_DUPLICATE_DHASH,False,True,3.0
train/Grade 2/15_jpg.rf.c768597df8c9009babf7e1127c8e0f2e.jpg,train,Grade 2,train/Grade 4/39_jpg.rf.be908a826d416d5bfbc330ae45c807e7.jpg,train,Grade 4,NEAR_DUPLICATE_DHASH,False,True,4.0
train/Grade 2/15_jpg.rf.f32ebfd3b543dfa74ac9b4b7b0c4b807.jpg,train,Grade 2,train/Grade 4/39_jpg.rf.5c9fbc6799c70ed4384d1ae733eaa1fe.jpg,train,Grade 4,NEAR_DUPLICATE_DHASH,False,True,4.0
train/Grade 2/15_jpg.rf.f32ebfd3b543dfa74ac9b4b7b0c4b807.jpg,train,Grade 2,train/Grade 4/39_jpg.rf.be908a826d416d5bfbc330ae45c807e7.jpg,train,Grade 4,NEAR_DUPLICATE_DHASH,False,True,3.0
train/Grade 2/462_jpg.rf.335dd54679c20381886c7f4ca428cf49.jpg,train,Grade 2,train/Grade 2/462_jpg.rf.eaf17b8a4f6c15b85ad1075ac5119fc0.jpg,train,Grade 2,NEAR_DUPLICATE_DHASH,False,False,3.0
train/Grade 2/462_jpg.rf.41d4352c21514e123e2ff4cb5ee60c06.jpg,train,Grade 2,train/Grade 2/462_jpg.rf.bbb97b4f53c914dde2836db550a1021d.jpg,train,Grade 2,NEAR_DUPLICATE_DHASH,False,False,2.0
train/Grade 2/462_jpg.rf.bbb97b4f53c914dde2836db550a1021d.jpg,train,Grade 2,train/Grade 2/462_jpg.rf.eaf17b8a4f6c15b85ad1075ac5119fc0.jpg,train,Grade 2,NEAR_DUPLICATE_DHASH,False,False,3.0
train/Grade 2/4_png.rf.3c04294d077d3d2b99efdf95f5fd3ea3.jpg,train,Grade 2,train/Grade 2/9_jpg.rf.443c6820e86be03c581bf666106695cf.jpg,train,Grade 2,NEAR_DUPLICATE_DHASH,False,False,2.0
train/Grade 2/4_png.rf.3c04294d077d3d2b99efdf95f5fd3ea3.jpg,train,Grade 2,train/Grade 2/9_jpg.rf.d2f15ee0103c594e6b398f9fa1080cc1.jpg,train,Grade 2,NEAR_DUPLICATE_DHASH,False,False,1.0
train/Grade 2/51800923_402404833902939_2858222923565498368_n_jpg.rf.7a5f0e44136a0263cb315ed90923fdf3.jpg,train,Grade 2,train/Grade 2/51800923_402404833902939_2858222923565498368_n_jpg.rf.a627ba18cac4329e43a53dcf2e7b68b4.jpg,train,Grade 2,NEAR_DUPLICATE_DHASH,False,False,1.0
train/Grade 2/9_jpg.rf.443c6820e86be03c581bf666106695cf.jpg,train,Grade 2,train/Grade 2/9_jpg.rf.d2f15ee0103c594e6b398f9fa1080cc1.jpg,train,Grade 2,NEAR_DUPLICATE_DHASH,False,False,1.0
train/Grade 3/271_jpg.rf.7cd3447e9a9c5a2f2cb2c701a4dc59f4.jpg,train,Grade 3,train/Grade 3/271_jpg.rf.db3babdea83ac01cd337e2f1cc10e572.jpg,train,Grade 3,NEAR_DUPLICATE_DHASH,False,False,1.0
train/Grade 3/305351_jpg.rf.6816729e8b093a4c1860a8156dbad766.jpg,train,Grade 3,train/Grade 3/305351_jpg.rf.df7955ddbfb67ff0c2e0fbec2588d14e.jpg,train,Grade 3,NEAR_DUPLICATE_DHASH,False,False,0.0
train/Grade 3/486_jpg.rf.14ec83f48a8b3158c170ae380912aead.jpg,train,Grade 3,train/Grade 3/486_jpg.rf.ab3a097b7ddd8192cf3dd0c511ffa6e5.jpg,train,Grade 3,NEAR_DUPLICATE_DHASH,False,False,1.0
train/Grade 3/52109842_405285516886601_4290415047278067712_n_jpg.rf.0a81d04ca49907a0d77c3063382ec896.jpg,train,Grade 3,train/Grade 3/52109842_405285516886601_4290415047278067712_n_jpg.rf.d1b32e3fa7eecd56d9fa3daf70266aa1.jpg,train,Grade 3,NEAR_DUPLICATE_DHASH,False,False,1.0
train/Grade 3/52373453_1135239593302921_4835848423259242496_n_jpg.rf.5a13c38bb813f124b0fdffcc12e66d53.jpg,train,Grade 3,train/Grade 3/52373453_1135239593302921_4835848423259242496_n_jpg.rf.7f8a2dea8f976d084f0a15be1f14701e.jpg,train,Grade 3,NEAR_DUPLICATE_DHASH,False,False,3.0
train/Grade 3/52940660_966274583562322_8984757067071881216_n_jpg.rf.056c89fbf2cfec80cd121ee76e27f59b.jpg,train,Grade 3,train/Grade 3/52940660_966274583562322_8984757067071881216_n_jpg.rf.146a8aba3d700de632984cb6e4aa1855.jpg,train,Grade 3,NEAR_DUPLICATE_DHASH,False,False,0.0
train/Grade 3/C1_jpg.rf.8300a723ee9852cee2fa065b5e0b35d5.jpg,train,Grade 3,train/Grade 3/C1_jpg.rf.d331e265a40f5fc50ba604a7ca05b3ad.jpg,train,Grade 3,NEAR_DUPLICATE_DHASH,False,False,0.0
train/Grade 4/141_jpg.rf.05d89fac85f0e78703864bf11b85bdd8.jpg,train,Grade 4,train/Grade 4/141_jpg.rf.496d908f5feb27278a97baab2b423fa0.jpg,train,Grade 4,NEAR_DUPLICATE_DHASH,False,False,0.0
train/Grade 4/224_jpg.rf.2c29f4f8179bddfa85019d3054f4de80.jpg,train,Grade 4,train/Grade 4/224_jpg.rf.c6278b7264539373b0714f805cfaa7dc.jpg,train,Grade 4,NEAR_DUPLICATE_DHASH,False,False,0.0
train/Grade 4/304_jpg.rf.06b6938fc6c0f8909b3ff6a27db7f3c8.jpg,train,Grade 4,train/Grade 4/304_jpg.rf.3442e21f055c1841d970662cde4e005d.jpg,train,Grade 4,NEAR_DUPLICATE_DHASH,False,False,4.0
train/Grade 4/304_jpg.rf.06b6938fc6c0f8909b3ff6a27db7f3c8.jpg,train,Grade 4,train/Grade 4/304_jpg.rf.4f218e6a79e395bf4abf3a687ae1451e.jpg,train,Grade 4,NEAR_DUPLICATE_DHASH,False,False,3.0
train/Grade 4/39_jpg.rf.2765e09668990a7a25f499c81e5301e2.jpg,train,Grade 4,train/Grade 4/39_jpg.rf.3103f3cb29faf7fae64a4c6b875ea590.jpg,train,Grade 4,NEAR_DUPLICATE_DHASH,False,False,0.0
train/Grade 4/39_jpg.rf.2765e09668990a7a25f499c81e5301e2.jpg,train,Grade 4,train/Grade 4/39_jpg.rf.5c9fbc6799c70ed4384d1ae733eaa1fe.jpg,train,Grade 4,NEAR_DUPLICATE_DHASH,False,False,3.0
train/Grade 4/39_jpg.rf.2765e09668990a7a25f499c81e5301e2.jpg,train,Grade 4,train/Grade 4/39_jpg.rf.be908a826d416d5bfbc330ae45c807e7.jpg,train,Grade 4,NEAR_DUPLICATE_DHASH,False,False,4.0
train/Grade 4/39_jpg.rf.3103f3cb29faf7fae64a4c6b875ea590.jpg,train,Grade 4,train/Grade 4/39_jpg.rf.5c9fbc6799c70ed4384d1ae733eaa1fe.jpg,train,Grade 4,NEAR_DUPLICATE_DHASH,False,False,3.0
train/Grade 4/39_jpg.rf.3103f3cb29faf7fae64a4c6b875ea590.jpg,train,Grade 4,train/Grade 4/39_jpg.rf.be908a826d416d5bfbc330ae45c807e7.jpg,train,Grade 4,NEAR_DUPLICATE_DHASH,False,False,4.0
train/Grade 4/39_jpg.rf.5c9fbc6799c70ed4384d1ae733eaa1fe.jpg,train,Grade 4,train/Grade 4/39_jpg.rf.be908a826d416d5bfbc330ae45c807e7.jpg,train,Grade 4,NEAR_DUPLICATE_DHASH,False,False,1.0
train/Grade 4/4916270068439552632_jpg.rf.2b861b4833366de0f225667e463cece8.jpg,train,Grade 4,train/Grade 4/51828252_1926211384175067_24937331739852800_n_jpg.rf.0f8dc86dcf0429afe4fef36c9d099afc.jpg,train,Grade 4,NEAR_DUPLICATE_DHASH,False,False,0.0
train/Grade 4/4916270068439552632_jpg.rf.2b861b4833366de0f225667e463cece8.jpg,train,Grade 4,train/Grade 4/51828252_1926211384175067_24937331739852800_n_jpg.rf.375d9eb9f81d754892cd8f4ae306907d.jpg,train,Grade 4,NEAR_DUPLICATE_DHASH,False,False,1.0
train/Grade 4/51828252_1926211384175067_24937331739852800_n_jpg.rf.0f8dc86dcf0429afe4fef36c9d099afc.jpg,train,Grade 4,train/Grade 4/51828252_1926211384175067_24937331739852800_n_jpg.rf.375d9eb9f81d754892cd8f4ae306907d.jpg,train,Grade 4,NEAR_DUPLICATE_DHASH,False,False,1.0
train/Grade 4/51847159_1281628641993421_7737370621532700672_n_jpg.rf.47a31144b0a74e60e1872cb36c1a12c2.jpg,train,Grade 4,train/Grade 4/51847159_1281628641993421_7737370621532700672_n_jpg.rf.6423e7625fa66f9950f0ad764917083e.jpg,train,Grade 4,NEAR_DUPLICATE_DHASH,False,False,2.0
train/Grade 4/52590332_933677237022401_4422700044289835008_n_jpg.rf.07ad782e9aa4afd205d057aa7fee0476.jpg,train,Grade 4,train/Grade 4/52590332_933677237022401_4422700044289835008_n_jpg.rf.bfe8d2bb041a7cc668eca78b4b99fadd.jpg,train,Grade 4,NEAR_DUPLICATE_DHASH,False,False,1.0
train/Grade 1/303137_jpg.rf.cc62a94fd71a64637aa24ce4a12589e3.jpg,train,Grade 1,train/Grade 1/303137_jpg.rf.df41916dcfbfa4bd5de14a7adbd63eea.jpg,train,Grade 1,NEAR_DUPLICATE_DHASH,False,False,0.0
train/Grade 3/301041_jpg.rf.5efd9e2988f7efc9e70ae74a644dc941.jpg,train,Grade 3,train/Grade 3/301041_jpg.rf.d4d1996eef6cd5f8576529aa08698c92.jpg,train,Grade 3,NEAR_DUPLICATE_DHASH,False,False,0.0
train/Grade 3/304188_jpg.rf.3248c54a99df22f96b42adeabc8ccd52.jpg,train,Grade 3,train/Grade 3/304188_jpg.rf.b0022a85b86b4e54cd46ba7852fef787.jpg,train,Grade 3,NEAR_DUPLICATE_DHASH,False,False,2.0
train/Grade 3/304188_jpg.rf.3248c54a99df22f96b42adeabc8ccd52.jpg,train,Grade 3,train/Grade 3/304188_jpg.rf.eb7873b291d4a2cca89149a599ac3735.jpg,train,Grade 3,NEAR_DUPLICATE_DHASH,False,False,2.0
train/Grade 3/304188_jpg.rf.b0022a85b86b4e54cd46ba7852fef787.jpg,train,Grade 3,train/Grade 3/304188_jpg.rf.eb7873b291d4a2cca89149a599ac3735.jpg,train,Grade 3,NEAR_DUPLICATE_DHASH,False,False,0.0
train/Grade 3/52595810_1014501805416572_8447854350839054336_n_jpg.rf.2110341d4418b97301f58184013e95df.jpg,train,Grade 3,train/Grade 3/52595810_1014501805416572_8447854350839054336_n_jpg.rf.ef553d2ac1672f148e82ae2a06a39b57.jpg,train,Grade 3,NEAR_DUPLICATE_DHASH,False,False,0.0
train/Grade 1/301481_jpg.rf.0f6e2a365d336c2827aea982e85d734f.jpg,train,Grade 1,train/Grade 1/301481_jpg.rf.8e3ee741744601feff60a2bcaec33bdc.jpg,train,Grade 1,NEAR_DUPLICATE_DHASH,False,False,0.0
train/Grade 2/305638_jpg.rf.3fa160972b1f8f44931ebe70f86749bb.jpg,train,Grade 2,train/Grade 2/305638_jpg.rf.ec962a67a54f6f4f502fe5e8162972ce.jpg,train,Grade 2,NEAR_DUPLICATE_DHASH,False,False,1.0
train/Grade 2/304129_jpg.rf.b005ebf2555261710135670d130f984f.jpg,train,Grade 2,train/Grade 2/304129_jpg.rf.f6f17c6e3c72c52145f3177b931fecc3.jpg,train,Grade 2,NEAR_DUPLICATE_DHASH,False,False,2.0
train/Grade 2/pt1114diabetes_1_png.rf.142f07c5490fd27235c930aac9a75d80.jpg,train,Grade 2,train/Grade 2/pt1114diabetes_1_png.rf.ef02058e12b7876db2a82a24feb4e71b.jpg,train,Grade 2,NEAR_DUPLICATE_DHASH,False,False,0.0
train/Grade 3/images-9-_jpg.rf.02cb3c6954cb19052e894d03dd20cfaa.jpg,train,Grade 3,train/Grade 3/images-9-_jpg.rf.5341f36ee90e411b10473e4d1b3b94db.jpg,train,Grade 3,NEAR_DUPLICATE_DHASH,False,False,1.0
train/Grade 3/diabetic-foot-ulcer_opt_jpg.rf.3fc2f687eaede055d90e0954bbdd7176.jpg,train,Grade 3,train/Grade 3/diabetic-foot-ulcer_opt_jpg.rf.8fafcedc3a6a0e25c74e315ece043785.jpg,train,Grade 3,NEAR_DUPLICATE_DHASH,False,False,3.0
train/Grade 4/302521_jpg.rf.1743568fba6095cc1ea29fc55d4135bc.jpg,train,Grade 4,train/Grade 4/302521_jpg.rf.c29b463a6ad258fe5293d3b38181d514.jpg,train,Grade 4,NEAR_DUPLICATE_DHASH,False,False,3.0
train/Grade 1/244_jpg.rf.18b8453177283dce90e5a80ff15a86b6.jpg,train,Grade 1,train/Grade 1/244_jpg.rf.6a0b3c3523d912ad5d2efe3d7bce21f5.jpg,train,Grade 1,NEAR_DUPLICATE_DHASH,False,False,0.0
train/Grade 1/244_jpg.rf.18b8453177283dce90e5a80ff15a86b6.jpg,train,Grade 1,train/Grade 1/244_jpg.rf.7c19cdfa90184c3a91b8ef77b97127c5.jpg,train,Grade 1,NEAR_DUPLICATE_DHASH,False,False,3.0
train/Grade 1/244_jpg.rf.49d395b621dd4e78dec9cf72491367e4.jpg,train,Grade 1,train/Grade 1/244_jpg.rf.7c19cdfa90184c3a91b8ef77b97127c5.jpg,train,Grade 1,NEAR_DUPLICATE_DHASH,False,False,2.0
train/Grade 1/244_jpg.rf.6a0b3c3523d912ad5d2efe3d7bce21f5.jpg,train,Grade 1,train/Grade 1/244_jpg.rf.7c19cdfa90184c3a91b8ef77b97127c5.jpg,train,Grade 1,NEAR_DUPLICATE_DHASH,False,False,3.0
train/Grade 1/303660_jpg.rf.23ad1ccd92542d1a0338ff55aade8a12.jpg,train,Grade 1,train/Grade 1/303660_jpg.rf.e950dd6a2e3411b0f578e1f41215ab77.jpg,train,Grade 1,NEAR_DUPLICATE_DHASH,False,False,4.0
train/Grade 4/306093_jpg.rf.586107ca7fe53be7a40ad77ba9e5e642.jpg,train,Grade 4,train/Grade 4/306093_jpg.rf.be9f5422d56dcc9cac7961936474a9b4.jpg,train,Grade 4,NEAR_DUPLICATE_DHASH,False,False,2.0
train/Grade 4/306093_jpg.rf.586107ca7fe53be7a40ad77ba9e5e642.jpg,train,Grade 4,train/Grade 4/306093_jpg.rf.de27a638973ee67a238fcc9b318066fc.jpg,train,Grade 4,NEAR_DUPLICATE_DHASH,False,False,1.0
train/Grade 4/306093_jpg.rf.be9f5422d56dcc9cac7961936474a9b4.jpg,train,Grade 4,train/Grade 4/306093_jpg.rf.de27a638973ee67a238fcc9b318066fc.jpg,train,Grade 4,NEAR_DUPLICATE_DHASH,False,False,3.0
train/Grade 4/52769400_2289082084749692_2368844041937747968_n_jpg.rf.1165fdb0a8f6c2a9912e5a963b9c3b9d.jpg,train,Grade 4,train/Grade 4/52769400_2289082084749692_2368844041937747968_n_jpg.rf.60c84e1cc1b7c3804da6d642cd9292b1.jpg,train,Grade 4,NEAR_DUPLICATE_DHASH,False,False,3.0
train/Grade 3/301502_439096869504954_1816155530_n_jpg.rf.0866abdcf1b31a6361b503d8ab85b353.jpg,train,Grade 3,train/Grade 3/301502_439096869504954_1816155530_n_jpg.rf.7ac2bd6488142682f805d97643641dd2.jpg,train,Grade 3,NEAR_DUPLICATE_DHASH,False,False,2.0
train/Grade 2/303449_jpg.rf.0efd06aa67cdc23bd66a4c9fa3aed37a.jpg,train,Grade 2,train/Grade 2/303449_jpg.rf.e4b77202ef83ca6ba5c963337fbb5507.jpg,train,Grade 2,NEAR_DUPLICATE_DHASH,False,False,1.0
train/Grade 3/20_jpg.rf.37d5b0b3a78d034ad183b33c115da987.jpg,train,Grade 3,train/Grade 3/2_png.rf.6228f108d575db0cec64f72cc8058c35.jpg,train,Grade 3,NEAR_DUPLICATE_DHASH,False,False,0.0
train/Grade 3/316_jpg.rf.61cb3cd5cb291e4fa6f9d132d6c47eae.jpg,train,Grade 3,train/Grade 3/316_jpg.rf.6ab0d38f503d0cd2042652dbbae597ab.jpg,train,Grade 3,NEAR_DUPLICATE_DHASH,False,False,4.0
train/Grade 3/316_jpg.rf.61cb3cd5cb291e4fa6f9d132d6c47eae.jpg,train,Grade 3,train/Grade 3/316_jpg.rf.ea679c0bca03d132a1f532c8e3b580c8.jpg,train,Grade 3,NEAR_DUPLICATE_DHASH,False,False,1.0
train/Grade 3/52126881_1471327799673926_5898452769995489280_n_jpg.rf.3cb3cd461b7c76f692404f12faf5e794.jpg,train,Grade 3,train/Grade 3/52126881_1471327799673926_5898452769995489280_n_jpg.rf.b41574ae7439edd30da14a7ef1c4050a.jpg,train,Grade 3,NEAR_DUPLICATE_DHASH,False,False,2.0
train/Grade 3/52970995_426417371436683_7545621660573892608_n_jpg.rf.7332b2878c7afb46b824e4b6332ddd46.jpg,train,Grade 3,train/Grade 3/52970995_426417371436683_7545621660573892608_n_jpg.rf.81ce338c31c140464872eaaff096861b.jpg,train,Grade 3,NEAR_DUPLICATE_DHASH,False,False,0.0
train/Grade 4/301086_jpg.rf.57133cc2bda3f9a9b5b2769459a91f95.jpg,train,Grade 4,train/Grade 4/301086_jpg.rf.609c5812ab5f8a940cae05b6904ec645.jpg,train,Grade 4,NEAR_DUPLICATE_DHASH,False,False,2.0
train/Grade 2/501292_jpg.rf.06a2b7970e0a8836549b6d50f6383a08.jpg,train,Grade 2,train/Grade 2/501292_jpg.rf.485a2bc2b5fa00e6a34c581b2d1be153.jpg,train,Grade 2,NEAR_DUPLICATE_DHASH,False,False,2.0
train/Grade 3/302094_jpg.rf.d45c5ebf4b17e6dd63e85ffe3a8956e6.jpg,train,Grade 3,train/Grade 3/302094_jpg.rf.db123e7e7aec03a2cd00e63d7e83e8b3.jpg,train,Grade 3,NEAR_DUPLICATE_DHASH,False,False,0.0
train/Grade 1/95_jpg.rf.9417f9737942b824cb393a06e4b09405.jpg,train,Grade 1,train/Grade 1/95_jpg.rf.fb85bb4fd938e074c42af059564b869e.jpg,train,Grade 1,NEAR_DUPLICATE_DHASH,False,False,0.0
train/Grade 3/404_jpg.rf.21fd3cc2a459afd5308704f148883fe7.jpg,train,Grade 3,train/Grade 3/404_jpg.rf.9daf5d13d7406e84b2f7ff2dcce4c7bc.jpg,train,Grade 3,NEAR_DUPLICATE_DHASH,False,False,1.0
train/Grade 3/42_jpg.rf.14627ba27fd1b27bb6cecf657f6abbc3.jpg,train,Grade 3,train/Grade 3/42_jpg.rf.321592442e76a2e720ed026a0d21c471.jpg,train,Grade 3,NEAR_DUPLICATE_DHASH,False,False,0.0
train/Grade 3/51842320_2103300119956121_104957898223779840_n_jpg.rf.481a4a77481d4557098c46c197823110.jpg,train,Grade 3,train/Grade 3/51842320_2103300119956121_104957898223779840_n_jpg.rf.82c4b4f05be578be8c2ba1368af711b5.jpg,train,Grade 3,NEAR_DUPLICATE_DHASH,False,False,0.0
train/Grade 1/198_jpg.rf.1c394ffd6c66fb8d5740de8f2f4121da.jpg,train,Grade 1,train/Grade 1/198_jpg.rf.bca597ff95e4e3bbc097d7a32abc861e.jpg,train,Grade 1,NEAR_DUPLICATE_DHASH,False,False,0.0
train/Grade 2/302463_jpg.rf.4cd2676bd036f1d02ac59efaa225f93d.jpg,train,Grade 2,train/Grade 2/302463_jpg.rf.a265555b9661fd0931dd5f84c7f82717.jpg,train,Grade 2,NEAR_DUPLICATE_DHASH,False,False,3.0
train/Grade 2/302463_jpg.rf.4cd2676bd036f1d02ac59efaa225f93d.jpg,train,Grade 2,train/Grade 2/302463_jpg.rf.eaa6723d8f60f51d24a353f10d68233c.jpg,train,Grade 2,NEAR_DUPLICATE_DHASH,False,False,0.0
train/Grade 2/302463_jpg.rf.a265555b9661fd0931dd5f84c7f82717.jpg,train,Grade 2,train/Grade 2/302463_jpg.rf.eaa6723d8f60f51d24a353f10d68233c.jpg,train,Grade 2,NEAR_DUPLICATE_DHASH,False,False,3.0
train/Grade 1/a39266877b6897fad51e9383d93daa05-diabetes-weird_jpg.rf.61096533d1d91151f25b17065269d69c.jpg,train,Grade 1,train/Grade 1/a39266877b6897fad51e9383d93daa05-diabetes-weird_jpg.rf.c21a987667b01da61cebe476856e90d2.jpg,train,Grade 1,NEAR_DUPLICATE_DHASH,False,False,2.0
train/Grade 2/5_jpg.rf.61c7e6bc4a4c12b0ede54e394faeeec9.jpg,train,Grade 2,train/Grade 2/5_jpg.rf.90729e364b0b915a078477669412882f.jpg,train,Grade 2,NEAR_DUPLICATE_DHASH,False,False,2.0
train/Grade 3/images-9-_jpg.rf.4aacb6a9b9f3b3bc934aa54684094c6a.jpg,train,Grade 3,train/Grade 3/images-9-_jpg.rf.7c5b52b18caeea8bfc47ca892170f820.jpg,train,Grade 3,NEAR_DUPLICATE_DHASH,False,False,1.0
train/Grade 2/305127_jpg.rf.583b8d06f722fe927c50ca5b394b7ff2.jpg,train,Grade 2,train/Grade 2/305127_jpg.rf.e0286df46129d77d6c7a8ae419fd042e.jpg,train,Grade 2,NEAR_DUPLICATE_DHASH,False,False,4.0
train/Grade 2/305127_jpg.rf.c83781b81e3f3e3488c3c00df9bc51b3.jpg,train,Grade 2,train/Grade 2/305127_jpg.rf.e0286df46129d77d6c7a8ae419fd042e.jpg,train,Grade 2,NEAR_DUPLICATE_DHASH,False,False,3.0
train/Grade 1/303132_jpg.rf.1bd1da4f3c18d2b7ff3d302cb73b9733.jpg,train,Grade 1,train/Grade 1/303132_jpg.rf.d678b93152123dea54fc6787360f03e5.jpg,train,Grade 1,NEAR_DUPLICATE_DHASH,False,False,0.0
train/Grade 1/301898_jpg.rf.0be498ccf5668c92fa90fcb36dfdffc9.jpg,train,Grade 1,train/Grade 1/301898_jpg.rf.962e6c3ec2ae1753ab410cd7200ff3f9.jpg,train,Grade 1,NEAR_DUPLICATE_DHASH,False,False,2.0
train/Grade 2/446_jpg.rf.7bef09728b21f6f612da0635e5d02b0d.jpg,train,Grade 2,train/Grade 2/446_jpg.rf.857068790f457135650bdd926c5df730.jpg,train,Grade 2,NEAR_DUPLICATE_DHASH,False,False,1.0
train/Grade 2/51361417_390073928235564_6976026271759204352_n_jpg.rf.311116dba5ab3fcd71f89f8aab8248fa.jpg,train,Grade 2,train/Grade 2/51361417_390073928235564_6976026271759204352_n_jpg.rf.4ce5ab91e32ed0c7598a63fba1ec66f2.jpg,train,Grade 2,NEAR_DUPLICATE_DHASH,False,False,0.0
train/Grade 4/371_jpg.rf.0ef45152eecdcc712b2c8f7d0349cd5c.jpg,train,Grade 4,train/Grade 4/371_jpg.rf.9b8ba3b030a38bd3a82a63f44a7234ad.jpg,train,Grade 4,NEAR_DUPLICATE_DHASH,False,False,2.0
train/Grade 1/274_jpg.rf.ce3aa754d7b66f68e47893452b46a7b3.jpg,train,Grade 1,train/Grade 1/274_jpg.rf.da04e138ef4ba5b184d60371eb13ba0e.jpg,train,Grade 1,NEAR_DUPLICATE_DHASH,False,False,1.0
train/Grade 1/52766842_553738755138733_4660913657968852992_n_jpg.rf.e13298c20f28ff5f443fdee180c484ef.jpg,train,Grade 1,train/Grade 4/191_jpg.rf.1c6cbbfb5ee13f953852be7c145e0ef9.jpg,train,Grade 4,NEAR_DUPLICATE_DHASH,False,True,2.0
train/Grade 3/281_jpg.rf.466f22529afda17ea34d5bc51951da57.jpg,train,Grade 3,train/Grade 3/281_jpg.rf.afab31276040145ca9e172ef84641016.jpg,train,Grade 3,NEAR_DUPLICATE_DHASH,False,False,3.0
train/Grade 3/302640_jpg.rf.489101f9077901de669cec1b1c17adc1.jpg,train,Grade 3,train/Grade 3/302640_jpg.rf.9e8ed3cfde839d53e29e72479b266321.jpg,train,Grade 3,NEAR_DUPLICATE_DHASH,False,False,3.0
train/Grade 3/304636_jpg.rf.6a1ef02f5d708837271b0b22b7882c22.jpg,train,Grade 3,train/Grade 3/304636_jpg.rf.ac11f74ce5149c4dd3c102d20ce33a5f.jpg,train,Grade 3,NEAR_DUPLICATE_DHASH,False,False,0.0
train/Grade 3/486_jpg.rf.1af4fe194ef9ace6b74e1ac41836f42f.jpg,train,Grade 3,train/Grade 3/486_jpg.rf.4687d7b71465052587754dfaf372d146.jpg,train,Grade 3,NEAR_DUPLICATE_DHASH,False,False,0.0
train/Grade 3/52109842_405285516886601_4290415047278067712_n_jpg.rf.0713f4891a686b6b622c1468aceb26cb.jpg,train,Grade 3,train/Grade 3/52109842_405285516886601_4290415047278067712_n_jpg.rf.91ebc9e4399d2a233b8041f365c16824.jpg,train,Grade 3,NEAR_DUPLICATE_DHASH,False,False,0.0
train/Grade 3/52940660_966274583562322_8984757067071881216_n_jpg.rf.15ccb0b2e535d3b6b90f2091587e8f36.jpg,train,Grade 3,train/Grade 3/52940660_966274583562322_8984757067071881216_n_jpg.rf.679458242d3a1ea4e717a0932522c5d5.jpg,train,Grade 3,NEAR_DUPLICATE_DHASH,False,False,3.0
train/Grade 3/52940660_966274583562322_8984757067071881216_n_jpg.rf.15ccb0b2e535d3b6b90f2091587e8f36.jpg,train,Grade 3,train/Grade 4/319_jpg.rf.fb8b9d2ec44d6d802c89709f48586ba3.jpg,train,Grade 4,NEAR_DUPLICATE_DHASH,False,True,4.0
train/Grade 3/52947203_2002480693380731_7008819313431805952_n_jpg.rf.a9acd5ab0b4383086da260445ce4d9c6.jpg,train,Grade 3,train/Grade 3/52947203_2002480693380731_7008819313431805952_n_jpg.rf.ebe54773447b89066447842508c70d29.jpg,train,Grade 3,NEAR_DUPLICATE_DHASH,False,False,2.0
train/Grade 3/487_jpg.rf.2a903ebf066d0b726cdd9c9a0a94725a.jpg,train,Grade 3,train/Grade 3/487_jpg.rf.43a286be8f0f5f19bcb41ba34d73217e.jpg,train,Grade 3,NEAR_DUPLICATE_DHASH,False,False,1.0
train/Grade 3/487_jpg.rf.2a903ebf066d0b726cdd9c9a0a94725a.jpg,train,Grade 3,train/Grade 3/487_jpg.rf.835c393482ec4821c5331ec70022ab16.jpg,train,Grade 3,NEAR_DUPLICATE_DHASH,False,False,3.0
train/Grade 3/487_jpg.rf.43a286be8f0f5f19bcb41ba34d73217e.jpg,train,Grade 3,train/Grade 3/487_jpg.rf.835c393482ec4821c5331ec70022ab16.jpg,train,Grade 3,NEAR_DUPLICATE_DHASH,False,False,2.0
train/Grade 3/487_jpg.rf.43a286be8f0f5f19bcb41ba34d73217e.jpg,train,Grade 3,train/Grade 3/487_jpg.rf.afa4e7675802010ad9ac8aec0c90f264.jpg,train,Grade 3,NEAR_DUPLICATE_DHASH,False,False,4.0
train/Grade 3/487_jpg.rf.835c393482ec4821c5331ec70022ab16.jpg,train,Grade 3,train/Grade 3/487_jpg.rf.afa4e7675802010ad9ac8aec0c90f264.jpg,train,Grade 3,NEAR_DUPLICATE_DHASH,False,False,2.0
train/Grade 1/0cbt67mm0fr01_jpg.rf.1a03a7f02719ca031dbb45c510d6edf2.jpg,train,Grade 1,train/Grade 1/0cbt67mm0fr01_jpg.rf.313b744ae123d7c1b409c9c5e9797eac.jpg,train,Grade 1,NEAR_DUPLICATE_DHASH,False,False,2.0
train/Grade 1/0cbt67mm0fr01_jpg.rf.1a03a7f02719ca031dbb45c510d6edf2.jpg,train,Grade 1,train/Grade 1/0cbt67mm0fr01_jpg.rf.aa98c425ab72739d039ea4f05243c109.jpg,train,Grade 1,NEAR_DUPLICATE_DHASH,False,False,0.0
train/Grade 1/0cbt67mm0fr01_jpg.rf.313b744ae123d7c1b409c9c5e9797eac.jpg,train,Grade 1,train/Grade 1/0cbt67mm0fr01_jpg.rf.aa98c425ab72739d039ea4f05243c109.jpg,train,Grade 1,NEAR_DUPLICATE_DHASH,False,False,2.0
train/Grade 3/foot-ulcer-pic-1-_png.rf.5f435e2c60ff604d5f1852c6abb3d040.jpg,train,Grade 3,train/Grade 3/foot-ulcer-pic-1-_png.rf.98b350f326a0f528b4e2553c24c1a6f6.jpg,train,Grade 3,NEAR_DUPLICATE_DHASH,False,False,3.0
train/Grade 3/foot-ulcer-pic-1-_png.rf.6719792a471f9264c94fc410a1fd7084.jpg,train,Grade 3,train/Grade 3/foot-ulcer-pic-1-_png.rf.98b350f326a0f528b4e2553c24c1a6f6.jpg,train,Grade 3,NEAR_DUPLICATE_DHASH,False,False,2.0
train/Grade 4/-a-a-_jpg.rf.aa365afb184792888970cd42534e4ac5.jpg,train,Grade 4,train/Grade 4/-a-a-_jpg.rf.c10666cc66bdd2ec8303f69971ddf2cc.jpg,train,Grade 4,NEAR_DUPLICATE_DHASH,False,False,2.0
train/Grade 1/115_jpg.rf.01cd2037b9f698ebe01aa24234091699.jpg,train,Grade 1,train/Grade 3/51754591_2131917850178589_3095084442885029888_n_jpg.rf.9bff96a5063820db39801f30098f3d9a.jpg,train,Grade 3,NEAR_DUPLICATE_DHASH,False,True,4.0
train/Grade 1/115_jpg.rf.01cd2037b9f698ebe01aa24234091699.jpg,train,Grade 1,train/Grade 4/52985842_2191114764444546_3837081889135394816_n_jpg.rf.f62db499ff7efeecf5ce1811bcd45dff.jpg,train,Grade 4,NEAR_DUPLICATE_DHASH,False,True,4.0
train/Grade 1/237_jpg.rf.60f3ea2c5fbc70535007c86aa2b61bf8.jpg,train,Grade 1,train/Grade 1/237_jpg.rf.cf01d51c1b17f1f584d752263dc184c4.jpg,train,Grade 1,NEAR_DUPLICATE_DHASH,False,False,2.0
train/Grade 1/305479_jpg.rf.0ec8fab22173014156bd030c14498337.jpg,train,Grade 1,train/Grade 1/305479_jpg.rf.36798a090f5678a35290c3695d0c4f5f.jpg,train,Grade 1,NEAR_DUPLICATE_DHASH,False,False,3.0
train/Grade 1/478_jpg.rf.16a2083db1a490a5195985f73893815f.jpg,train,Grade 1,train/Grade 1/478_jpg.rf.34b7902364ca741effd75f006415c0a1.jpg,train,Grade 1,NEAR_DUPLICATE_DHASH,False,False,1.0
train/Grade 1/478_jpg.rf.34b7902364ca741effd75f006415c0a1.jpg,train,Grade 1,train/Grade 1/52605175_2036653519784616_4603193373434576896_n_jpg.rf.96069712f6e929359c5b82d3ee602613.jpg,train,Grade 1,NEAR_DUPLICATE_DHASH,False,False,4.0
train/Grade 1/491_jpg.rf.01b1542bcf3f70c371d27535f5f33cee.jpg,train,Grade 1,train/Grade 1/52766842_553738755138733_4660913657968852992_n_jpg.rf.b5b9c1ceec3883d1dd9c22fbfc75ff3e.jpg,train,Grade 1,NEAR_DUPLICATE_DHASH,False,False,3.0
train/Grade 1/491_jpg.rf.01b1542bcf3f70c371d27535f5f33cee.jpg,train,Grade 1,train/Grade 3/51795551_387825175429049_5388304199618396160_n_jpg.rf.2a546dd011785460f1a57ecea3614043.jpg,train,Grade 3,NEAR_DUPLICATE_DHASH,False,True,3.0
train/Grade 1/491_jpg.rf.01b1542bcf3f70c371d27535f5f33cee.jpg,train,Grade 1,train/Grade 3/51795551_387825175429049_5388304199618396160_n_jpg.rf.deda6b163e784445fc0550ce9d41e319.jpg,train,Grade 3,NEAR_DUPLICATE_DHASH,False,True,4.0
train/Grade 1/491_jpg.rf.01b1542bcf3f70c371d27535f5f33cee.jpg,train,Grade 1,train/Grade 4/51677707_318598352100507_1141860632379785216_n_jpg.rf.fab3454d8e16774a3600b427b9cb8b03.jpg,train,Grade 4,NEAR_DUPLICATE_DHASH,False,True,3.0
train/Grade 1/52766842_553738755138733_4660913657968852992_n_jpg.rf.b5b9c1ceec3883d1dd9c22fbfc75ff3e.jpg,train,Grade 1,train/Grade 3/51754591_2131917850178589_3095084442885029888_n_jpg.rf.a01d71cd1a28eb5ac90603cfb6441ccc.jpg,train,Grade 3,NEAR_DUPLICATE_DHASH,False,True,4.0
train/Grade 1/52766842_553738755138733_4660913657968852992_n_jpg.rf.b5b9c1ceec3883d1dd9c22fbfc75ff3e.jpg,train,Grade 1,train/Grade 3/51795551_387825175429049_5388304199618396160_n_jpg.rf.2a546dd011785460f1a57ecea3614043.jpg,train,Grade 3,NEAR_DUPLICATE_DHASH,False,True,4.0
train/Grade 1/52766842_553738755138733_4660913657968852992_n_jpg.rf.b5b9c1ceec3883d1dd9c22fbfc75ff3e.jpg,train,Grade 1,train/Grade 4/222748d9f97a36c08da91dc46f6f5200_jpg.rf.818e2cfbb81701ccfa916be0917733e8.jpg,train,Grade 4,NEAR_DUPLICATE_DHASH,False,True,4.0
train/Grade 1/52893683_309124839801524_5592826745502826496_n_jpg.rf.8af21310cad59f53ef8cd9b4930b3e02.jpg,train,Grade 1,train/Grade 4/190_jpg.rf.b327deda6412804bd7273b07eeb22d07.jpg,train,Grade 4,NEAR_DUPLICATE_DHASH,False,True,4.0
train/Grade 1/52893683_309124839801524_5592826745502826496_n_jpg.rf.8af21310cad59f53ef8cd9b4930b3e02.jpg,train,Grade 1,train/Grade 4/354_jpg.rf.776f0fbf1058edbc45fbd11613a6207c.jpg,train,Grade 4,NEAR_DUPLICATE_DHASH,False,True,4.0
train/Grade 1/52893683_309124839801524_5592826745502826496_n_jpg.rf.8af21310cad59f53ef8cd9b4930b3e02.jpg,train,Grade 1,train/Grade 4/52590332_933677237022401_4422700044289835008_n_jpg.rf.a725847a7fed952d293ad4b13a34bec1.jpg,train,Grade 4,NEAR_DUPLICATE_DHASH,False,True,3.0
train/Grade 1/7_jpg.rf.07748e56e6f45d71225a5e7e7e898fe8.jpg,train,Grade 1,train/Grade 1/7_jpg.rf.ae6c3245acaadd2faa4bc5fd3483bed8.jpg,train,Grade 1,NEAR_DUPLICATE_DHASH,False,False,0.0
train/Grade 1/7_jpg.rf.07748e56e6f45d71225a5e7e7e898fe8.jpg,train,Grade 1,train/Grade 2/9_jpg.rf.1b2371d5057a618c55ed6713039adf10.jpg,train,Grade 2,NEAR_DUPLICATE_DHASH,False,True,4.0
train/Grade 1/7_jpg.rf.07748e56e6f45d71225a5e7e7e898fe8.jpg,train,Grade 1,train/Grade 2/9_jpg.rf.1d8d2c4c02070165b3e76c1c52899028.jpg,train,Grade 2,NEAR_DUPLICATE_DHASH,False,True,4.0
train/Grade 1/7_jpg.rf.ae6c3245acaadd2faa4bc5fd3483bed8.jpg,train,Grade 1,train/Grade 2/9_jpg.rf.1b2371d5057a618c55ed6713039adf10.jpg,train,Grade 2,NEAR_DUPLICATE_DHASH,False,True,4.0
train/Grade 1/7_jpg.rf.ae6c3245acaadd2faa4bc5fd3483bed8.jpg,train,Grade 1,train/Grade 2/9_jpg.rf.1d8d2c4c02070165b3e76c1c52899028.jpg,train,Grade 2,NEAR_DUPLICATE_DHASH,False,True,4.0
train/Grade 2/126_jpg.rf.06634371ada87e7a931743903afd9ad3.jpg,train,Grade 2,train/Grade 2/126_jpg.rf.640eb7bdf66496b8bbfbda5f6a68373f.jpg,train,Grade 2,NEAR_DUPLICATE_DHASH,False,False,0.0
train/Grade 2/4_png.rf.332f1e168c5b438fd14dbda6436cd6ef.jpg,train,Grade 2,train/Grade 2/9_jpg.rf.f8cf1cd5c5eb6006db26dc65257ef5e2.jpg,train,Grade 2,NEAR_DUPLICATE_DHASH,False,False,1.0
train/Grade 2/51800923_402404833902939_2858222923565498368_n_jpg.rf.a475a4a921700c29bea1444e0f0b3bbc.jpg,train,Grade 2,train/Grade 2/51800923_402404833902939_2858222923565498368_n_jpg.rf.fab12d91f2a5717fc43e5165ebac6feb.jpg,train,Grade 2,NEAR_DUPLICATE_DHASH,False,False,1.0
train/Grade 2/51800923_402404833902939_2858222923565498368_n_jpg.rf.a475a4a921700c29bea1444e0f0b3bbc.jpg,train,Grade 2,train/Grade 2/51800923_402404833902939_2858222923565498368_n_jpg.rf.fb29baa1174c8e6e2e045f5c55696895.jpg,train,Grade 2,NEAR_DUPLICATE_DHASH,False,False,0.0
train/Grade 2/51800923_402404833902939_2858222923565498368_n_jpg.rf.a475a4a921700c29bea1444e0f0b3bbc.jpg,train,Grade 2,train/Grade 3/51754591_2131917850178589_3095084442885029888_n_jpg.rf.9bff96a5063820db39801f30098f3d9a.jpg,train,Grade 3,NEAR_DUPLICATE_DHASH,False,True,4.0
train/Grade 2/51800923_402404833902939_2858222923565498368_n_jpg.rf.a475a4a921700c29bea1444e0f0b3bbc.jpg,train,Grade 2,train/Grade 4/52985842_2191114764444546_3837081889135394816_n_jpg.rf.f62db499ff7efeecf5ce1811bcd45dff.jpg,train,Grade 4,NEAR_DUPLICATE_DHASH,False,True,4.0
train/Grade 2/51800923_402404833902939_2858222923565498368_n_jpg.rf.fab12d91f2a5717fc43e5165ebac6feb.jpg,train,Grade 2,train/Grade 2/51800923_402404833902939_2858222923565498368_n_jpg.rf.fb29baa1174c8e6e2e045f5c55696895.jpg,train,Grade 2,NEAR_DUPLICATE_DHASH,False,False,1.0
train/Grade 2/51800923_402404833902939_2858222923565498368_n_jpg.rf.fab12d91f2a5717fc43e5165ebac6feb.jpg,train,Grade 2,train/Grade 3/51754591_2131917850178589_3095084442885029888_n_jpg.rf.9bff96a5063820db39801f30098f3d9a.jpg,train,Grade 3,NEAR_DUPLICATE_DHASH,False,True,3.0
train/Grade 2/51800923_402404833902939_2858222923565498368_n_jpg.rf.fab12d91f2a5717fc43e5165ebac6feb.jpg,train,Grade 2,train/Grade 3/51754591_2131917850178589_3095084442885029888_n_jpg.rf.a01d71cd1a28eb5ac90603cfb6441ccc.jpg,train,Grade 3,NEAR_DUPLICATE_DHASH,False,True,4.0
train/Grade 2/51800923_402404833902939_2858222923565498368_n_jpg.rf.fab12d91f2a5717fc43e5165ebac6feb.jpg,train,Grade 2,train/Grade 3/51754591_2131917850178589_3095084442885029888_n_jpg.rf.c9e0206d784c67fa0b300cf3bb97f1f2.jpg,train,Grade 3,NEAR_DUPLICATE_DHASH,False,True,4.0
train/Grade 2/51800923_402404833902939_2858222923565498368_n_jpg.rf.fab12d91f2a5717fc43e5165ebac6feb.jpg,train,Grade 2,train/Grade 3/51758604_536049470222332_2162260324068098048_n_jpg.rf.39a64934a3e9c8629418e179b1669500.jpg,train,Grade 3,NEAR_DUPLICATE_DHASH,False,True,4.0
train/Grade 2/51800923_402404833902939_2858222923565498368_n_jpg.rf.fab12d91f2a5717fc43e5165ebac6feb.jpg,train,Grade 2,train/Grade 3/51758604_536049470222332_2162260324068098048_n_jpg.rf.bac079451e458b49c63f01eca6d253e7.jpg,train,Grade 3,NEAR_DUPLICATE_DHASH,False,True,4.0
train/Grade 2/51800923_402404833902939_2858222923565498368_n_jpg.rf.fab12d91f2a5717fc43e5165ebac6feb.jpg,train,Grade 2,train/Grade 4/52985842_2191114764444546_3837081889135394816_n_jpg.rf.f62db499ff7efeecf5ce1811bcd45dff.jpg,train,Grade 4,NEAR_DUPLICATE_DHASH,False,True,3.0
train/Grade 2/51800923_402404833902939_2858222923565498368_n_jpg.rf.fb29baa1174c8e6e2e045f5c55696895.jpg,train,Grade 2,train/Grade 3/51754591_2131917850178589_3095084442885029888_n_jpg.rf.9bff96a5063820db39801f30098f3d9a.jpg,train,Grade 3,NEAR_DUPLICATE_DHASH,False,True,4.0
train/Grade 2/51800923_402404833902939_2858222923565498368_n_jpg.rf.fb29baa1174c8e6e2e045f5c55696895.jpg,train,Grade 2,train/Grade 4/52985842_2191114764444546_3837081889135394816_n_jpg.rf.f62db499ff7efeecf5ce1811bcd45dff.jpg,train,Grade 4,NEAR_DUPLICATE_DHASH,False,True,4.0
train/Grade 2/9_jpg.rf.1b2371d5057a618c55ed6713039adf10.jpg,train,Grade 2,train/Grade 2/9_jpg.rf.1d8d2c4c02070165b3e76c1c52899028.jpg,train,Grade 2,NEAR_DUPLICATE_DHASH,False,False,0.0
train/Grade 3/281_jpg.rf.13bdeed738d6ef4db858c4dee25163c1.jpg,train,Grade 3,train/Grade 3/281_jpg.rf.62a6d9c57505529f2d5e4e96ec4a2502.jpg,train,Grade 3,NEAR_DUPLICATE_DHASH,False,False,0.0
train/Grade 3/305351_jpg.rf.c034318a558519f2a3caf7806e0700d3.jpg,train,Grade 3,train/Grade 3/305351_jpg.rf.ecc04a545a71e107b6319e8737b35cf7.jpg,train,Grade 3,NEAR_DUPLICATE_DHASH,False,False,0.0
train/Grade 3/486_jpg.rf.6696ef5aa35a78b023b007a9a2007571.jpg,train,Grade 3,train/Grade 3/486_jpg.rf.eab5aded6eb09b181f4f38632f53dd02.jpg,train,Grade 3,NEAR_DUPLICATE_DHASH,False,False,1.0
train/Grade 3/51754591_2131917850178589_3095084442885029888_n_jpg.rf.9bff96a5063820db39801f30098f3d9a.jpg,train,Grade 3,train/Grade 3/51754591_2131917850178589_3095084442885029888_n_jpg.rf.a01d71cd1a28eb5ac90603cfb6441ccc.jpg,train,Grade 3,NEAR_DUPLICATE_DHASH,False,False,1.0
train/Grade 3/51754591_2131917850178589_3095084442885029888_n_jpg.rf.9bff96a5063820db39801f30098f3d9a.jpg,train,Grade 3,train/Grade 3/51754591_2131917850178589_3095084442885029888_n_jpg.rf.c9e0206d784c67fa0b300cf3bb97f1f2.jpg,train,Grade 3,NEAR_DUPLICATE_DHASH,False,False,1.0
train/Grade 3/51754591_2131917850178589_3095084442885029888_n_jpg.rf.9bff96a5063820db39801f30098f3d9a.jpg,train,Grade 3,train/Grade 4/52985842_2191114764444546_3837081889135394816_n_jpg.rf.f62db499ff7efeecf5ce1811bcd45dff.jpg,train,Grade 4,NEAR_DUPLICATE_DHASH,False,True,2.0
train/Grade 3/51754591_2131917850178589_3095084442885029888_n_jpg.rf.a01d71cd1a28eb5ac90603cfb6441ccc.jpg,train,Grade 3,train/Grade 3/51754591_2131917850178589_3095084442885029888_n_jpg.rf.c9e0206d784c67fa0b300cf3bb97f1f2.jpg,train,Grade 3,NEAR_DUPLICATE_DHASH,False,False,2.0
train/Grade 3/51754591_2131917850178589_3095084442885029888_n_jpg.rf.a01d71cd1a28eb5ac90603cfb6441ccc.jpg,train,Grade 3,train/Grade 3/51758604_536049470222332_2162260324068098048_n_jpg.rf.bac079451e458b49c63f01eca6d253e7.jpg,train,Grade 3,NEAR_DUPLICATE_DHASH,False,False,4.0
train/Grade 3/51754591_2131917850178589_3095084442885029888_n_jpg.rf.a01d71cd1a28eb5ac90603cfb6441ccc.jpg,train,Grade 3,train/Grade 4/52985842_2191114764444546_3837081889135394816_n_jpg.rf.f62db499ff7efeecf5ce1811bcd45dff.jpg,train,Grade 4,NEAR_DUPLICATE_DHASH,False,True,3.0
train/Grade 3/51754591_2131917850178589_3095084442885029888_n_jpg.rf.c9e0206d784c67fa0b300cf3bb97f1f2.jpg,train,Grade 3,train/Grade 4/52985842_2191114764444546_3837081889135394816_n_jpg.rf.f62db499ff7efeecf5ce1811bcd45dff.jpg,train,Grade 4,NEAR_DUPLICATE_DHASH,False,True,3.0
train/Grade 3/51758604_536049470222332_2162260324068098048_n_jpg.rf.39a64934a3e9c8629418e179b1669500.jpg,train,Grade 3,train/Grade 3/51758604_536049470222332_2162260324068098048_n_jpg.rf.bac079451e458b49c63f01eca6d253e7.jpg,train,Grade 3,NEAR_DUPLICATE_DHASH,False,False,4.0
train/Grade 3/51795551_387825175429049_5388304199618396160_n_jpg.rf.2a546dd011785460f1a57ecea3614043.jpg,train,Grade 3,train/Grade 3/51795551_387825175429049_5388304199618396160_n_jpg.rf.b7d0f15bba439b8cc2b3d5fada604268.jpg,train,Grade 3,NEAR_DUPLICATE_DHASH,False,False,4.0
train/Grade 3/51795551_387825175429049_5388304199618396160_n_jpg.rf.2a546dd011785460f1a57ecea3614043.jpg,train,Grade 3,train/Grade 3/51795551_387825175429049_5388304199618396160_n_jpg.rf.deda6b163e784445fc0550ce9d41e319.jpg,train,Grade 3,NEAR_DUPLICATE_DHASH,False,False,1.0
train/Grade 3/51795551_387825175429049_5388304199618396160_n_jpg.rf.2a546dd011785460f1a57ecea3614043.jpg,train,Grade 3,train/Grade 4/51677707_318598352100507_1141860632379785216_n_jpg.rf.fab3454d8e16774a3600b427b9cb8b03.jpg,train,Grade 4,NEAR_DUPLICATE_DHASH,False,True,4.0
train/Grade 3/51795551_387825175429049_5388304199618396160_n_jpg.rf.b7d0f15bba439b8cc2b3d5fada604268.jpg,train,Grade 3,train/Grade 3/51795551_387825175429049_5388304199618396160_n_jpg.rf.deda6b163e784445fc0550ce9d41e319.jpg,train,Grade 3,NEAR_DUPLICATE_DHASH,False,False,3.0
train/Grade 3/52328256_332029277444667_3976285039078932480_n_jpg.rf.0f8931465455b847802f43d430c13c0e.jpg,train,Grade 3,train/Grade 3/52328256_332029277444667_3976285039078932480_n_jpg.rf.cc82872562d56107d2fa8b8f900b0bba.jpg,train,Grade 3,NEAR_DUPLICATE_DHASH,False,False,1.0
train/Grade 3/52328256_332029277444667_3976285039078932480_n_jpg.rf.0f8931465455b847802f43d430c13c0e.jpg,train,Grade 3,train/Grade 3/52328256_332029277444667_3976285039078932480_n_jpg.rf.e24622f84345be7a1e982ad5a834d39b.jpg,train,Grade 3,NEAR_DUPLICATE_DHASH,False,False,2.0
train/Grade 3/52328256_332029277444667_3976285039078932480_n_jpg.rf.cc82872562d56107d2fa8b8f900b0bba.jpg,train,Grade 3,train/Grade 3/52328256_332029277444667_3976285039078932480_n_jpg.rf.e24622f84345be7a1e982ad5a834d39b.jpg,train,Grade 3,NEAR_DUPLICATE_DHASH,False,False,1.0
train/Grade 3/C1_jpg.rf.44fd168f3b9d8995392ab29b796cc070.jpg,train,Grade 3,train/Grade 3/C1_jpg.rf.bf3387b56fda13f5f0f63adbc3cb7096.jpg,train,Grade 3,NEAR_DUPLICATE_DHASH,False,False,2.0
train/Grade 3/C1_jpg.rf.44fd168f3b9d8995392ab29b796cc070.jpg,train,Grade 3,train/Grade 3/C1_jpg.rf.f1ee5b837457eb6ecd430d56658236ce.jpg,train,Grade 3,NEAR_DUPLICATE_DHASH,False,False,2.0
train/Grade 3/C1_jpg.rf.bf3387b56fda13f5f0f63adbc3cb7096.jpg,train,Grade 3,train/Grade 3/C1_jpg.rf.f1ee5b837457eb6ecd430d56658236ce.jpg,train,Grade 3,NEAR_DUPLICATE_DHASH,False,False,0.0
train/Grade 4/136_jpg.rf.5184347887c747e135b47ab9985b2f58.jpg,train,Grade 4,train/Grade 4/136_jpg.rf.68b743e6eaf63c6e6b698fbf79b9eda1.jpg,train,Grade 4,NEAR_DUPLICATE_DHASH,False,False,0.0
train/Grade 4/136_jpg.rf.5184347887c747e135b47ab9985b2f58.jpg,train,Grade 4,train/Grade 4/52590332_933677237022401_4422700044289835008_n_jpg.rf.6c4fafb00912ab3c78ec4bee435e8766.jpg,train,Grade 4,NEAR_DUPLICATE_DHASH,False,False,3.0
train/Grade 4/136_jpg.rf.5184347887c747e135b47ab9985b2f58.jpg,train,Grade 4,train/Grade 4/52590332_933677237022401_4422700044289835008_n_jpg.rf.e90978e9c7999b71274fad248a537655.jpg,train,Grade 4,NEAR_DUPLICATE_DHASH,False,False,3.0
train/Grade 4/136_jpg.rf.68b743e6eaf63c6e6b698fbf79b9eda1.jpg,train,Grade 4,train/Grade 4/52590332_933677237022401_4422700044289835008_n_jpg.rf.6c4fafb00912ab3c78ec4bee435e8766.jpg,train,Grade 4,NEAR_DUPLICATE_DHASH,False,False,3.0
train/Grade 4/136_jpg.rf.68b743e6eaf63c6e6b698fbf79b9eda1.jpg,train,Grade 4,train/Grade 4/52590332_933677237022401_4422700044289835008_n_jpg.rf.e90978e9c7999b71274fad248a537655.jpg,train,Grade 4,NEAR_DUPLICATE_DHASH,False,False,3.0
train/Grade 4/190_jpg.rf.b327deda6412804bd7273b07eeb22d07.jpg,train,Grade 4,train/Grade 4/52590332_933677237022401_4422700044289835008_n_jpg.rf.a725847a7fed952d293ad4b13a34bec1.jpg,train,Grade 4,NEAR_DUPLICATE_DHASH,False,False,3.0
train/Grade 4/1_jpg.rf.3e897837fecc21f32bbe8407c6c85165.jpg,train,Grade 4,train/Grade 4/1_jpg.rf.4d60d6acfdfdcf7413c0fbb38e8ee5e1.jpg,train,Grade 4,NEAR_DUPLICATE_DHASH,False,False,0.0
train/Grade 4/230_jpg.rf.09eaca3e1571e835ffc07d8382edabfc.jpg,train,Grade 4,train/Grade 4/230_jpg.rf.7c656488611eb198a2c86a123e1fbfc1.jpg,train,Grade 4,NEAR_DUPLICATE_DHASH,False,False,2.0
train/Grade 4/230_jpg.rf.10bdb2ef8b70820f769ba3e97576ad96.jpg,train,Grade 4,train/Grade 4/230_jpg.rf.7c656488611eb198a2c86a123e1fbfc1.jpg,train,Grade 4,NEAR_DUPLICATE_DHASH,False,False,4.0
train/Grade 4/230_jpg.rf.10bdb2ef8b70820f769ba3e97576ad96.jpg,train,Grade 4,train/Grade 4/230_jpg.rf.b964468bcef0e9b2d9f9d9097701a05f.jpg,train,Grade 4,NEAR_DUPLICATE_DHASH,False,False,2.0
train/Grade 4/230_jpg.rf.7c656488611eb198a2c86a123e1fbfc1.jpg,train,Grade 4,train/Grade 4/230_jpg.rf.b964468bcef0e9b2d9f9d9097701a05f.jpg,train,Grade 4,NEAR_DUPLICATE_DHASH,False,False,4.0
train/Grade 4/354_jpg.rf.776f0fbf1058edbc45fbd11613a6207c.jpg,train,Grade 4,train/Grade 4/354_jpg.rf.a4f43c5b01a8871f6386f52787270115.jpg,train,Grade 4,NEAR_DUPLICATE_DHASH,False,False,2.0
train/Grade 4/354_jpg.rf.776f0fbf1058edbc45fbd11613a6207c.jpg,train,Grade 4,train/Grade 4/354_jpg.rf.f5a767c4d2440a234c18c3f824eede63.jpg,train,Grade 4,NEAR_DUPLICATE_DHASH,False,False,1.0
train/Grade 4/354_jpg.rf.a4f43c5b01a8871f6386f52787270115.jpg,train,Grade 4,train/Grade 4/354_jpg.rf.f5a767c4d2440a234c18c3f824eede63.jpg,train,Grade 4,NEAR_DUPLICATE_DHASH,False,False,1.0
train/Grade 4/40943308_459418787874895_7749403947370020864_n_jpg.rf.080b26215581f5382f098a465eaa70af.jpg,train,Grade 4,train/Grade 4/40943308_459418787874895_7749403947370020864_n_jpg.rf.1b6d0f4b69b99fa050afd2a06d5001c0.jpg,train,Grade 4,NEAR_DUPLICATE_DHASH,False,False,4.0
train/Grade 4/40943308_459418787874895_7749403947370020864_n_jpg.rf.080b26215581f5382f098a465eaa70af.jpg,train,Grade 4,train/Grade 4/40943308_459418787874895_7749403947370020864_n_jpg.rf.8a393807e77143a049df29f7b5305f8b.jpg,train,Grade 4,NEAR_DUPLICATE_DHASH,False,False,3.0
train/Grade 4/40943308_459418787874895_7749403947370020864_n_jpg.rf.080b26215581f5382f098a465eaa70af.jpg,train,Grade 4,train/Grade 4/40943308_459418787874895_7749403947370020864_n_jpg.rf.adb17697599c9d40c730a9cc5e41dd84.jpg,train,Grade 4,NEAR_DUPLICATE_DHASH,False,False,3.0
train/Grade 4/40943308_459418787874895_7749403947370020864_n_jpg.rf.8a393807e77143a049df29f7b5305f8b.jpg,train,Grade 4,train/Grade 4/40943308_459418787874895_7749403947370020864_n_jpg.rf.adb17697599c9d40c730a9cc5e41dd84.jpg,train,Grade 4,NEAR_DUPLICATE_DHASH,False,False,4.0
train/Grade 4/501636_jpg.rf.4fb1cbcefa076ec2116406f7d76e2892.jpg,train,Grade 4,train/Grade 4/501636_jpg.rf.75b38ab801256bde49f6be4fa97e37c4.jpg,train,Grade 4,NEAR_DUPLICATE_DHASH,False,False,4.0
train/Grade 4/51828252_1926211384175067_24937331739852800_n_jpg.rf.05d7930dcd7753ab3b3c7e99dd8b628e.jpg,train,Grade 4,train/Grade 4/51828252_1926211384175067_24937331739852800_n_jpg.rf.265f01d44c7f075ca437e7c958efe8d8.jpg,train,Grade 4,NEAR_DUPLICATE_DHASH,False,False,2.0
train/Grade 4/52590332_933677237022401_4422700044289835008_n_jpg.rf.6c4fafb00912ab3c78ec4bee435e8766.jpg,train,Grade 4,train/Grade 4/52590332_933677237022401_4422700044289835008_n_jpg.rf.a725847a7fed952d293ad4b13a34bec1.jpg,train,Grade 4,NEAR_DUPLICATE_DHASH,False,False,2.0
train/Grade 4/52590332_933677237022401_4422700044289835008_n_jpg.rf.6c4fafb00912ab3c78ec4bee435e8766.jpg,train,Grade 4,train/Grade 4/52590332_933677237022401_4422700044289835008_n_jpg.rf.e90978e9c7999b71274fad248a537655.jpg,train,Grade 4,NEAR_DUPLICATE_DHASH,False,False,0.0
train/Grade 4/52590332_933677237022401_4422700044289835008_n_jpg.rf.a725847a7fed952d293ad4b13a34bec1.jpg,train,Grade 4,train/Grade 4/52590332_933677237022401_4422700044289835008_n_jpg.rf.e90978e9c7999b71274fad248a537655.jpg,train,Grade 4,NEAR_DUPLICATE_DHASH,False,False,2.0
train/Grade 4/F3-large_jpg.rf.9da849705b9a9b743e5b9d87693c793d.jpg,train,Grade 4,train/Grade 4/F3-large_jpg.rf.f2e765b5879a3793d453cf9d6a66fae2.jpg,train,Grade 4,NEAR_DUPLICATE_DHASH,False,False,2.0
train/Grade 1/104_jpg.rf.564021873be0e0e6c38c35469f0aa108.jpg,train,Grade 1,train/Grade 1/104_jpg.rf.707be7bb9fe45ba86cca3c5bc2309d3c.jpg,train,Grade 1,NEAR_DUPLICATE_DHASH,False,False,1.0
train/Grade 1/301615_jpg.rf.0f8d8f0f80a4a4fa45b75e57af7ccc91.jpg,train,Grade 1,train/Grade 1/301615_jpg.rf.724e48cab815828d564301aeb0b14539.jpg,train,Grade 1,NEAR_DUPLICATE_DHASH,False,False,1.0
train/Grade 1/90_jpg.rf.7a5e2c9bc36b3083c83c7392bf3fe20b.jpg,train,Grade 1,train/Grade 1/90_jpg.rf.dbece6211025ef90ef713e8d6ab61563.jpg,train,Grade 1,NEAR_DUPLICATE_DHASH,False,False,1.0
train/Grade 2/13_jpg.rf.249c433692f80a12c7de0cb81dbca58e.jpg,train,Grade 2,train/Grade 2/13_jpg.rf.cc2b1c5a988a27a1e3073586f9e191bd.jpg,train,Grade 2,NEAR_DUPLICATE_DHASH,False,False,2.0
train/Grade 2/52170499_391827064960754_1759080332264472576_n_jpg.rf.666d70618b2e4fbe006872541b2dd243.jpg,train,Grade 2,train/Grade 2/52170499_391827064960754_1759080332264472576_n_jpg.rf.788abf44cfd9a2333b9daa8da469b6f4.jpg,train,Grade 2,NEAR_DUPLICATE_DHASH,False,False,2.0
train/Grade 2/9_jpg.rf.52ebc1bec6d9d197aebfcbd2140b263d.jpg,train,Grade 2,train/Grade 2/9_jpg.rf.60995e71c174112e82d8cf0c12f72c6e.jpg,train,Grade 2,NEAR_DUPLICATE_DHASH,False,False,4.0
train/Grade 3/8_jpg.rf.19b8af99badbd7392aa1672ab934ebf7.jpg,train,Grade 3,train/Grade 3/8_jpg.rf.ab478fb3c4fd7618d93fc330b8a6a396.jpg,train,Grade 3,NEAR_DUPLICATE_DHASH,False,False,4.0
train/Grade 4/10_jpg.rf.3e8ab2393890b8a3182f252836db7be6.jpg,train,Grade 4,train/Grade 4/10_jpg.rf.512262efcb07071cbed4ec18bc97abc7.jpg,train,Grade 4,NEAR_DUPLICATE_DHASH,False,False,3.0
train/Grade 4/303275_jpg.rf.c5a24cba0603857d437d3f295c2f3965.jpg,train,Grade 4,train/Grade 4/303275_jpg.rf.d5e80708fc7d9d865640d8a5075a1e0b.jpg,train,Grade 4,NEAR_DUPLICATE_DHASH,False,False,1.0
train/Grade 1/303006_jpg.rf.17155681aeb637b4ea596ed5a9c9f50b.jpg,train,Grade 1,train/Grade 1/303006_jpg.rf.5f784a5f215a3bf235291aa5fe11d675.jpg,train,Grade 1,NEAR_DUPLICATE_DHASH,False,False,1.0
train/Grade 4/79_jpg.rf.d7c941de4a4a1b7792d7d78c36b81653.jpg,train,Grade 4,train/Grade 4/79_jpg.rf.ff1a20306c08ee0e05dda343aa3bebd7.jpg,train,Grade 4,NEAR_DUPLICATE_DHASH,False,False,1.0
train/Grade 1/188_jpg.rf.1850bfe57eaa8f89efb86d6559b30981.jpg,train,Grade 1,train/Grade 1/188_jpg.rf.337a120af0e452ab63f02e357b3d43cb.jpg,train,Grade 1,NEAR_DUPLICATE_DHASH,False,False,1.0
train/Grade 1/302070_jpg.rf.bab5cc5f7788718a1786282df373cc8f.jpg,train,Grade 1,train/Grade 1/302070_jpg.rf.c5df4b6a8ea7a9e3c07dfd880cc2b3f4.jpg,train,Grade 1,NEAR_DUPLICATE_DHASH,False,False,0.0
train/Grade 1/335_jpg.rf.2b132bda801d343dd5e23412b8c3f750.jpg,train,Grade 1,train/Grade 1/335_jpg.rf.3609718b3d28571482ef20ab86ea38f7.jpg,train,Grade 1,NEAR_DUPLICATE_DHASH,False,False,1.0
train/Grade 1/5783976681780577736_jpg.rf.2d05821cd2440618b1b260b0cebe8a43.jpg,train,Grade 1,train/Grade 1/5783976681780577736_jpg.rf.4f75115a537f4a221681c0bb34399a6c.jpg,train,Grade 1,NEAR_DUPLICATE_DHASH,False,False,1.0
train/Grade 4/28_jpg.rf.80612fa4cb777e284a66df7d7b40fc26.jpg,train,Grade 4,train/Grade 4/28_jpg.rf.d2b9975980792428a137e323d9375b5a.jpg,train,Grade 4,NEAR_DUPLICATE_DHASH,False,False,1.0
train/Grade 1/127_jpg.rf.6ed1b6d0b037b932ed1f380669826685.jpg,train,Grade 1,train/Grade 1/127_jpg.rf.b5fcba0b569254e69617f73b8e96d9db.jpg,train,Grade 1,NEAR_DUPLICATE_DHASH,False,False,3.0
train/Grade 1/127_jpg.rf.6ed1b6d0b037b932ed1f380669826685.jpg,train,Grade 1,train/Grade 1/127_jpg.rf.bfbb631c1878db6163acecd6719fe2e1.jpg,train,Grade 1,NEAR_DUPLICATE_DHASH,False,False,3.0
train/Grade 1/127_jpg.rf.b5fcba0b569254e69617f73b8e96d9db.jpg,train,Grade 1,train/Grade 1/127_jpg.rf.bfbb631c1878db6163acecd6719fe2e1.jpg,train,Grade 1,NEAR_DUPLICATE_DHASH,False,False,2.0
train/Grade 1/301395_jpg.rf.092974fb97f329609fbf8df1f127b98f.jpg,train,Grade 1,train/Grade 1/301395_jpg.rf.5a41f8c75f812200ed99bdeb546ec1f2.jpg,train,Grade 1,NEAR_DUPLICATE_DHASH,False,False,2.0
train/Grade 1/301395_jpg.rf.092974fb97f329609fbf8df1f127b98f.jpg,train,Grade 1,train/Grade 1/301395_jpg.rf.a129c03ea31edb4bc60d013ffe413b4b.jpg,train,Grade 1,NEAR_DUPLICATE_DHASH,False,False,1.0
train/Grade 1/301395_jpg.rf.5a41f8c75f812200ed99bdeb546ec1f2.jpg,train,Grade 1,train/Grade 1/301395_jpg.rf.a129c03ea31edb4bc60d013ffe413b4b.jpg,train,Grade 1,NEAR_DUPLICATE_DHASH,False,False,3.0
train/Grade 1/302_jpg.rf.26922d6df8fc51f937fc6a7ce85f8936.jpg,train,Grade 1,train/Grade 3/353_jpg.rf.409399da5238388f08b7287ee2114e51.jpg,train,Grade 3,NEAR_DUPLICATE_DHASH,False,True,3.0
train/Grade 1/326_jpg.rf.968f89bde88b2b0c2394b48cd2bb6759.jpg,train,Grade 1,train/Grade 1/326_jpg.rf.df712860e7b7c8f0a044950029ac0766.jpg,train,Grade 1,NEAR_DUPLICATE_DHASH,False,False,1.0
train/Grade 1/356_jpg.rf.26313196ba972f0a06b4c8621b0d548d.jpg,train,Grade 1,train/Grade 1/356_jpg.rf.cc57351bc6bf47f976a14ef190e98787.jpg,train,Grade 1,NEAR_DUPLICATE_DHASH,False,False,1.0
train/Grade 2/301586_jpg.rf.1955bdbac9fb3d9d5d18144d80c51121.jpg,train,Grade 2,train/Grade 2/301586_jpg.rf.e5d17d8363cb4f727a8e13993ccc0dc0.jpg,train,Grade 2,NEAR_DUPLICATE_DHASH,False,False,2.0
train/Grade 2/303738_jpg.rf.2df1ca933c58694425592828ffa3f531.jpg,train,Grade 2,train/Grade 2/303738_jpg.rf.8de2bfe6b2973332a86d73eb073f3204.jpg,train,Grade 2,NEAR_DUPLICATE_DHASH,False,False,3.0
train/Grade 2/96_jpg.rf.1e317d0cfb72a2c063174c2291513032.jpg,train,Grade 2,train/Grade 2/96_jpg.rf.841052d5a3919ef23b4f515a00cb04fa.jpg,train,Grade 2,NEAR_DUPLICATE_DHASH,False,False,3.0
train/Grade 3/301179_jpg.rf.50d34e56c251c31f694abc40e9c7c900.jpg,train,Grade 3,train/Grade 3/301179_jpg.rf.be53d665b9e50af126ce4acc6b66ee0e.jpg,train,Grade 3,NEAR_DUPLICATE_DHASH,False,False,0.0
train/Grade 4/40114337_2155498331385904_4730891749101142016_n_jpg.rf.17fdebc46e3439e425eaa8b24f0b0efa.jpg,train,Grade 4,train/Grade 4/40114337_2155498331385904_4730891749101142016_n_jpg.rf.9707dd9c16174a167f0549e6d19dd2de.jpg,train,Grade 4,NEAR_DUPLICATE_DHASH,False,False,4.0
train/Grade 1/236_jpg.rf.0e57c23e3c1044973f62d64e19b4ca06.jpg,train,Grade 1,train/Grade 1/236_jpg.rf.629a905caa0f1bcfd6fbb42c2ef3efc1.jpg,train,Grade 1,NEAR_DUPLICATE_DHASH,False,False,0.0
train/Grade 2/51769677_646861145773446_5466967758300250112_n_jpg.rf.998d7a1542cf0e80aed59a2b21359b4d.jpg,train,Grade 2,train/Grade 2/51769677_646861145773446_5466967758300250112_n_jpg.rf.fc1236987372bb9adc3c10883d9a9f12.jpg,train,Grade 2,NEAR_DUPLICATE_DHASH,False,False,3.0
train/Grade 3/231_jpg.rf.3b8d87f4e6211c035e7d448446aff949.jpg,train,Grade 3,train/Grade 3/231_jpg.rf.4a217e3476f16556ebf31b234eaa8d5e.jpg,train,Grade 3,NEAR_DUPLICATE_DHASH,False,False,2.0
train/Grade 1/132_jpg.rf.2c18fdc2fdadb730500c108789f04f06.jpg,train,Grade 1,train/Grade 1/132_jpg.rf.d1c1cc43b7c6b51380aca2672594a003.jpg,train,Grade 1,NEAR_DUPLICATE_DHASH,False,False,0.0
train/Grade 1/42_jpg.rf.219cb104f3afffbbc30ef6b75bf357ea.jpg,train,Grade 1,train/Grade 1/42_jpg.rf.dc469070020c3a0f3e5ed338318aae8c.jpg,train,Grade 1,NEAR_DUPLICATE_DHASH,False,False,0.0
train/Grade 1/50_jpg.rf.3645cb7e4eb865d60954e0dedbf888bc.jpg,train,Grade 1,train/Grade 1/50_jpg.rf.5a26f1656628f5dc9da60c03f72138bb.jpg,train,Grade 1,NEAR_DUPLICATE_DHASH,False,False,0.0
train/Grade 2/1167-1-_jpg.rf.657bd6b2670e2c43a549c748bc9b0160.jpg,train,Grade 2,train/Grade 2/1167-1-_jpg.rf.a785dcccadd99593b423c6139f9fc2c6.jpg,train,Grade 2,NEAR_DUPLICATE_DHASH,False,False,2.0
train/Grade 2/352_jpg.rf.49fc908bb9eefaa8941dbb1e643c586f.jpg,train,Grade 2,train/Grade 2/352_jpg.rf.5c0c236f7c8791d381ecbe4e23d4b8f8.jpg,train,Grade 2,NEAR_DUPLICATE_DHASH,False,False,0.0
train/Grade 3/302640_jpg.rf.ae29ce8e6b353d0d860ad34a693e1a94.jpg,train,Grade 3,train/Grade 3/302640_jpg.rf.f4cfc30e9aa6471a4ab5a040582e2124.jpg,train,Grade 3,NEAR_DUPLICATE_DHASH,False,False,2.0
train/Grade 1/132_jpg.rf.9fe4d58b5225a568fbad8ff562bcd14b.jpg,train,Grade 1,train/Grade 1/132_jpg.rf.b014e2196478e42b5247eb985ba610c9.jpg,train,Grade 1,NEAR_DUPLICATE_DHASH,False,False,2.0
train/Grade 2/302014_jpg.rf.528d6731e7ba545c0bd45a272a06ba12.jpg,train,Grade 2,train/Grade 2/302014_jpg.rf.87de71f0459538f157a7ac34a30f8413.jpg,train,Grade 2,NEAR_DUPLICATE_DHASH,False,False,0.0
train/Grade 3/51567868_1024401847743690_2713987841477574656_n_jpg.rf.d3111c212b7fe0cb420bf1bdc2404543.jpg,train,Grade 3,train/Grade 3/51567868_1024401847743690_2713987841477574656_n_jpg.rf.eba11382d0b866bf389a30326bfd8485.jpg,train,Grade 3,NEAR_DUPLICATE_DHASH,False,False,3.0
train/Grade 1/132_jpg.rf.d4b5854c9032adae18239cba79575cc4.jpg,train,Grade 1,train/Grade 1/132_jpg.rf.f95b839aee6d9c9185fdc217dd3252b6.jpg,train,Grade 1,NEAR_DUPLICATE_DHASH,False,False,0.0
train/Grade 1/147_jpg.rf.23535e825b57e07b1723ea3589c77b4c.jpg,train,Grade 1,train/Grade 1/147_jpg.rf.b5c604f3b0e7e44ca3b907279b0888fa.jpg,train,Grade 1,NEAR_DUPLICATE_DHASH,False,False,3.0
train/Grade 1/301131_jpg.rf.5f0b15d6c451276cc8274fc74d951a0e.jpg,train,Grade 1,train/Grade 1/301131_jpg.rf.b77bc3c548b218d1c9d30a20512c3ec2.jpg,train,Grade 1,NEAR_DUPLICATE_DHASH,False,False,1.0
train/Grade 1/301438_jpg.rf.4d02baebf7097db7ab54409ea5bfa2cb.jpg,train,Grade 1,train/Grade 1/301438_jpg.rf.bb49aa2d38554e6ee64a0cc320d379e1.jpg,train,Grade 1,NEAR_DUPLICATE_DHASH,False,False,4.0
train/Grade 1/301438_jpg.rf.4d02baebf7097db7ab54409ea5bfa2cb.jpg,train,Grade 1,train/Grade 1/301438_jpg.rf.f683f813c498ed9fbdf14eea199b6fdd.jpg,train,Grade 1,NEAR_DUPLICATE_DHASH,False,False,3.0
train/Grade 1/301438_jpg.rf.bb49aa2d38554e6ee64a0cc320d379e1.jpg,train,Grade 1,train/Grade 1/301438_jpg.rf.f683f813c498ed9fbdf14eea199b6fdd.jpg,train,Grade 1,NEAR_DUPLICATE_DHASH,False,False,1.0
train/Grade 1/485_jpg.rf.19838f219ff97a66f98fadceb24e3ee5.jpg,train,Grade 1,train/Grade 1/485_jpg.rf.fdcb3944173f58d9b84c8ff26128cff2.jpg,train,Grade 1,NEAR_DUPLICATE_DHASH,False,False,1.0
train/Grade 2/413_jpg.rf.89a8e2d615f99eaf1b0928f2ffabd99a.jpg,train,Grade 2,train/Grade 2/413_jpg.rf.c17fbf440a966a747ef09bd4ae82f2d7.jpg,train,Grade 2,NEAR_DUPLICATE_DHASH,False,False,1.0
train/Grade 2/413_jpg.rf.89a8e2d615f99eaf1b0928f2ffabd99a.jpg,train,Grade 2,train/Grade 2/413_jpg.rf.ecc8eaac3971258f429aed6e91037d6b.jpg,train,Grade 2,NEAR_DUPLICATE_DHASH,False,False,0.0
train/Grade 2/413_jpg.rf.c17fbf440a966a747ef09bd4ae82f2d7.jpg,train,Grade 2,train/Grade 2/413_jpg.rf.ecc8eaac3971258f429aed6e91037d6b.jpg,train,Grade 2,NEAR_DUPLICATE_DHASH,False,False,1.0
train/Grade 2/51800923_402404833902939_2858222923565498368_n_jpg.rf.0584d27d8357fddf9955385a31ce4c54.jpg,train,Grade 2,train/Grade 2/51800923_402404833902939_2858222923565498368_n_jpg.rf.baea49cb3734d36cee3804e074e9e98f.jpg,train,Grade 2,NEAR_DUPLICATE_DHASH,False,False,4.0
train/Grade 3/304774_jpg.rf.33b2c7feccc053f27f31f9908a5d1605.jpg,train,Grade 3,train/Grade 3/304774_jpg.rf.f32ef80a454ebae7c33779bb3998d3e4.jpg,train,Grade 3,NEAR_DUPLICATE_DHASH,False,False,1.0
train/Grade 3/50_JPG.rf.3f5c99e5d0e44923dc521344ff4d0fd1.jpg,train,Grade 3,train/Grade 3/50_JPG.rf.45983c8e84e85bb4c9007644e1104098.jpg,train,Grade 3,NEAR_DUPLICATE_DHASH,False,False,2.0
train/Grade 3/52337569_796952097316171_559675985750917120_n_jpg.rf.94c68ef265bb5d2c3c80905c52811b53.jpg,train,Grade 3,train/Grade 3/52337569_796952097316171_559675985750917120_n_jpg.rf.f9c27b1fa320b466bb716ccebdda5194.jpg,train,Grade 3,NEAR_DUPLICATE_DHASH,False,False,4.0
train/Grade 4/340_jpg.rf.1dfe0114178e06789aa065ae6866b12f.jpg,train,Grade 4,train/Grade 4/340_jpg.rf.cc86a38f23a99ec5929d91322da5c405.jpg,train,Grade 4,NEAR_DUPLICATE_DHASH,False,False,0.0
train/Grade 4/350_jpg.rf.018118996baaba4026032a9087b14175.jpg,train,Grade 4,train/Grade 4/350_jpg.rf.1164a2411a80127a7d869d70185347ae.jpg,train,Grade 4,NEAR_DUPLICATE_DHASH,False,False,2.0
train/Grade 4/350_jpg.rf.018118996baaba4026032a9087b14175.jpg,train,Grade 4,train/Grade 4/350_jpg.rf.e878b4df076baabb1728f4e2fa4b4e3f.jpg,train,Grade 4,NEAR_DUPLICATE_DHASH,False,False,3.0
train/Grade 4/4039916766432702719_jpg.rf.217e01c9a74322ad9fe814375ea7cd9d.jpg,train,Grade 4,train/Grade 4/4039916766432702719_jpg.rf.4c722d0dc95220bfadfcd7cdc03094ca.jpg,train,Grade 4,NEAR_DUPLICATE_DHASH,False,False,4.0
train/Grade 4/4039916766432702719_jpg.rf.217e01c9a74322ad9fe814375ea7cd9d.jpg,train,Grade 4,train/Grade 4/4039916766432702719_jpg.rf.cf2a0a86f6e2b3fe64ff3dae24e7800e.jpg,train,Grade 4,NEAR_DUPLICATE_DHASH,False,False,4.0
train/Grade 4/4039916766432702719_jpg.rf.4c722d0dc95220bfadfcd7cdc03094ca.jpg,train,Grade 4,train/Grade 4/4039916766432702719_jpg.rf.942bdac296cb197e190ecfeab48b7779.jpg,train,Grade 4,NEAR_DUPLICATE_DHASH,False,False,4.0
train/Grade 4/4039916766432702719_jpg.rf.4c722d0dc95220bfadfcd7cdc03094ca.jpg,train,Grade 4,train/Grade 4/4039916766432702719_jpg.rf.cf2a0a86f6e2b3fe64ff3dae24e7800e.jpg,train,Grade 4,NEAR_DUPLICATE_DHASH,False,False,0.0
train/Grade 4/4039916766432702719_jpg.rf.4c722d0dc95220bfadfcd7cdc03094ca.jpg,train,Grade 4,train/Grade 4/51858111_2120697521351716_1932841652360052736_n_jpg.rf.e5fc737963d8fcd655c20742bed73418.jpg,train,Grade 4,NEAR_DUPLICATE_DHASH,False,False,4.0
train/Grade 4/4039916766432702719_jpg.rf.942bdac296cb197e190ecfeab48b7779.jpg,train,Grade 4,train/Grade 4/4039916766432702719_jpg.rf.cf2a0a86f6e2b3fe64ff3dae24e7800e.jpg,train,Grade 4,NEAR_DUPLICATE_DHASH,False,False,4.0
train/Grade 4/4039916766432702719_jpg.rf.942bdac296cb197e190ecfeab48b7779.jpg,train,Grade 4,train/Grade 4/51858111_2120697521351716_1932841652360052736_n_jpg.rf.e5fc737963d8fcd655c20742bed73418.jpg,train,Grade 4,NEAR_DUPLICATE_DHASH,False,False,0.0
train/Grade 4/4039916766432702719_jpg.rf.cf2a0a86f6e2b3fe64ff3dae24e7800e.jpg,train,Grade 4,train/Grade 4/51858111_2120697521351716_1932841652360052736_n_jpg.rf.e5fc737963d8fcd655c20742bed73418.jpg,train,Grade 4,NEAR_DUPLICATE_DHASH,False,False,4.0
train/Grade 4/4916270068439552632_jpg.rf.1d0d6e00b098c19fe518fc43a27d3dfa.jpg,train,Grade 4,train/Grade 4/4916270068439552632_jpg.rf.5754d25fc3a22a8aac9ce9fbe1333418.jpg,train,Grade 4,NEAR_DUPLICATE_DHASH,False,False,0.0
train/Grade 1/147_jpg.rf.ebfae2a666aa0a614036acf48617834a.jpg,train,Grade 1,train/Grade 1/147_jpg.rf.f5c41c228d0eb957301f9dacac40dc10.jpg,train,Grade 1,NEAR_DUPLICATE_DHASH,False,False,2.0
train/Grade 1/334_jpg.rf.1751023840343cc4ede1443d29c39ec0.jpg,train,Grade 1,train/Grade 1/334_jpg.rf.7c74590b9afd8a457f2d38d91a9c17db.jpg,train,Grade 1,NEAR_DUPLICATE_DHASH,False,False,0.0
train/Grade 1/351_jpg.rf.40680c9c00c4b677f332a012d795efff.jpg,train,Grade 1,train/Grade 3/52156688_262325001328063_4488024718745534464_n_jpg.rf.5e799632729bd8ac4e8c67c8e6b6ff36.jpg,train,Grade 3,NEAR_DUPLICATE_DHASH,False,True,2.0
train/Grade 1/351_jpg.rf.c450fc6003f89391cdfa9714bcc8eb80.jpg,train,Grade 1,train/Grade 4/191_jpg.rf.dda26dea96a9d73dd476188b7353e5b3.jpg,train,Grade 4,NEAR_DUPLICATE_DHASH,False,True,4.0
train/Grade 1/52766842_553738755138733_4660913657968852992_n_jpg.rf.3fe63c922e955d020dd4486b279f945f.jpg,train,Grade 1,train/Grade 4/191_jpg.rf.dda26dea96a9d73dd476188b7353e5b3.jpg,train,Grade 4,NEAR_DUPLICATE_DHASH,False,True,3.0
train/Grade 2/1167-1-_jpg.rf.083238c076d3294f99012903de392bc1.jpg,train,Grade 2,train/Grade 2/1167-1-_jpg.rf.c429a752518de3bcf9babd21494f1db2.jpg,train,Grade 2,NEAR_DUPLICATE_DHASH,False,False,0.0
train/Grade 2/146_jpg.rf.f012ce1292968e1ad8617c5928d2b227.jpg,train,Grade 2,train/Grade 2/146_jpg.rf.fe5cca105ba8b96052213e2cd2095e72.jpg,train,Grade 2,NEAR_DUPLICATE_DHASH,False,False,3.0
train/Grade 2/301437_jpg.rf.0bb816c85189b749cbdb306a95e5b93a.jpg,train,Grade 2,train/Grade 2/301437_jpg.rf.ee1142163e4abe8bc3df2d66394f6811.jpg,train,Grade 2,NEAR_DUPLICATE_DHASH,False,False,2.0
train/Grade 2/465_jpg.rf.06e4c4ad79293c407c0dd380905ac671.jpg,train,Grade 2,train/Grade 2/465_jpg.rf.a40cf15a39abdf8602901a1a0e5987d2.jpg,train,Grade 2,NEAR_DUPLICATE_DHASH,False,False,1.0
train/Grade 3/25_jpg.rf.2aec78d856c487eb6b32a21d3a68f1d6.jpg,train,Grade 3,train/Grade 3/53181561_342865159661053_6451397940698152960_n_jpg.rf.3bd29dae9a03ea9a8137e5c9efaef61a.jpg,train,Grade 3,NEAR_DUPLICATE_DHASH,False,False,4.0
train/Grade 3/25_jpg.rf.2aec78d856c487eb6b32a21d3a68f1d6.jpg,train,Grade 3,train/Grade 3/53323459_2396396807256877_8878559465192816640_n_jpg.rf.50cc02876bf38618c7df190bfdaa2281.jpg,train,Grade 3,NEAR_DUPLICATE_DHASH,False,False,3.0
train/Grade 3/302640_jpg.rf.4a11b2f17f2e861a13c2048616d77f04.jpg,train,Grade 3,train/Grade 3/302640_jpg.rf.546f769563826dd0fc7fe7f43827c4c7.jpg,train,Grade 3,NEAR_DUPLICATE_DHASH,False,False,3.0
train/Grade 3/304636_jpg.rf.27d19e591a4eb7e1e4bac79e2b905a2c.jpg,train,Grade 3,train/Grade 3/304636_jpg.rf.f3c0a381fc8450cf79210dd8533efb03.jpg,train,Grade 3,NEAR_DUPLICATE_DHASH,False,False,1.0
train/Grade 3/51851228_2319386861651500_9211483666163695616_n_jpg.rf.633c471cbe2f2abd756390ca52b6b258.jpg,train,Grade 3,train/Grade 3/51851228_2319386861651500_9211483666163695616_n_jpg.rf.72fc54b8dd82d6e396fd27f2afce70cf.jpg,train,Grade 3,NEAR_DUPLICATE_DHASH,False,False,1.0
train/Grade 3/53181561_342865159661053_6451397940698152960_n_jpg.rf.3bd29dae9a03ea9a8137e5c9efaef61a.jpg,train,Grade 3,train/Grade 3/53323459_2396396807256877_8878559465192816640_n_jpg.rf.50cc02876bf38618c7df190bfdaa2281.jpg,train,Grade 3,NEAR_DUPLICATE_DHASH,False,False,1.0
train/Grade 4/501636_jpg.rf.4ce9affb53cbf9f4edcda700cc8f52e6.jpg,train,Grade 4,train/Grade 4/501636_jpg.rf.fc3844247644bf70dda3c8fca33fcd1f.jpg,train,Grade 4,NEAR_DUPLICATE_DHASH,False,False,4.0
train/Grade 4/505_jpg.rf.49e8be5d15bf9111eb019629f9392e24.jpg,train,Grade 4,train/Grade 4/505_jpg.rf.8a2ad08ead0df8a439bb23380c1b14a8.jpg,train,Grade 4,NEAR_DUPLICATE_DHASH,False,False,2.0
train/Grade 4/505_jpg.rf.49e8be5d15bf9111eb019629f9392e24.jpg,train,Grade 4,train/Grade 4/505_jpg.rf.a3cf9e8c216f16c68befb48e74d54df6.jpg,train,Grade 4,NEAR_DUPLICATE_DHASH,False,False,2.0
train/Grade 4/505_jpg.rf.49e8be5d15bf9111eb019629f9392e24.jpg,train,Grade 4,train/Grade 4/505_jpg.rf.a6ded01ab8a257500b855d1b0d5ba839.jpg,train,Grade 4,NEAR_DUPLICATE_DHASH,False,False,1.0
train/Grade 4/505_jpg.rf.8a2ad08ead0df8a439bb23380c1b14a8.jpg,train,Grade 4,train/Grade 4/505_jpg.rf.a3cf9e8c216f16c68befb48e74d54df6.jpg,train,Grade 4,NEAR_DUPLICATE_DHASH,False,False,0.0
train/Grade 4/505_jpg.rf.8a2ad08ead0df8a439bb23380c1b14a8.jpg,train,Grade 4,train/Grade 4/505_jpg.rf.a6ded01ab8a257500b855d1b0d5ba839.jpg,train,Grade 4,NEAR_DUPLICATE_DHASH,False,False,3.0
train/Grade 4/505_jpg.rf.a3cf9e8c216f16c68befb48e74d54df6.jpg,train,Grade 4,train/Grade 4/505_jpg.rf.a6ded01ab8a257500b855d1b0d5ba839.jpg,train,Grade 4,NEAR_DUPLICATE_DHASH,False,False,3.0
train/Grade 1/52605175_2036653519784616_4603193373434576896_n_jpg.rf.c7d4236591c7bba3a268371d8709e2a8.jpg,train,Grade 1,train/Grade 1/52605175_2036653519784616_4603193373434576896_n_jpg.rf.e4720b43257366109a2397804ce95e6d.jpg,train,Grade 1,NEAR_DUPLICATE_DHASH,False,False,2.0
train/Grade 3/304774_jpg.rf.73cb64cb3619caf2ff33b4a45bca7b8e.jpg,train,Grade 3,train/Grade 3/304774_jpg.rf.74ac653da9e424d9c8a0a5d524f9823f.jpg,train,Grade 3,NEAR_DUPLICATE_DHASH,False,False,4.0
train/Grade 4/2166365910321328840_jpg.rf.1745a415def2b1b2ee3dec5343cb5c1a.jpg,train,Grade 4,train/Grade 4/2166365910321328840_jpg.rf.8374d7d4f17e22351e1fb2c10737fec1.jpg,train,Grade 4,NEAR_DUPLICATE_DHASH,False,False,2.0
train/Grade 4/2166365910321328840_jpg.rf.1745a415def2b1b2ee3dec5343cb5c1a.jpg,train,Grade 4,train/Grade 4/2166365910321328840_jpg.rf.b2a77cee35592dd2453670a94384d57e.jpg,train,Grade 4,NEAR_DUPLICATE_DHASH,False,False,2.0
train/Grade 4/2166365910321328840_jpg.rf.8374d7d4f17e22351e1fb2c10737fec1.jpg,train,Grade 4,train/Grade 4/2166365910321328840_jpg.rf.b2a77cee35592dd2453670a94384d57e.jpg,train,Grade 4,NEAR_DUPLICATE_DHASH,False,False,0.0
train/Grade 4/2166365910321328840_jpg.rf.8374d7d4f17e22351e1fb2c10737fec1.jpg,train,Grade 4,train/Grade 4/2166365910321328840_jpg.rf.dbe8e7a28de6c941af0641cf0e399f6b.jpg,train,Grade 4,NEAR_DUPLICATE_DHASH,False,False,4.0
train/Grade 4/2166365910321328840_jpg.rf.b2a77cee35592dd2453670a94384d57e.jpg,train,Grade 4,train/Grade 4/2166365910321328840_jpg.rf.dbe8e7a28de6c941af0641cf0e399f6b.jpg,train,Grade 4,NEAR_DUPLICATE_DHASH,False,False,4.0
train/Grade 4/350_jpg.rf.cc050530fed8aa27622e7eb719894ebd.jpg,train,Grade 4,train/Grade 4/350_jpg.rf.d098ad8a1e226396c83565fdf045e255.jpg,train,Grade 4,NEAR_DUPLICATE_DHASH,False,False,1.0
train/Grade 4/51797944_254790468769500_1401433397594685440_n_jpg.rf.814c1a9429ce5e5686c3a85f48a49e99.jpg,train,Grade 4,train/Grade 4/51797944_254790468769500_1401433397594685440_n_jpg.rf.d983cb13760e3a6dd1a9def64b6653c9.jpg,train,Grade 4,NEAR_DUPLICATE_DHASH,False,False,0.0
train/Grade 4/51797944_254790468769500_1401433397594685440_n_jpg.rf.814c1a9429ce5e5686c3a85f48a49e99.jpg,train,Grade 4,train/Grade 4/52365720_652591511824432_1461259560428765184_n_jpg.rf.366be3e36205010c560ba6d363d8a627.jpg,train,Grade 4,NEAR_DUPLICATE_DHASH,False,False,2.0
train/Grade 4/51797944_254790468769500_1401433397594685440_n_jpg.rf.d983cb13760e3a6dd1a9def64b6653c9.jpg,train,Grade 4,train/Grade 4/52365720_652591511824432_1461259560428765184_n_jpg.rf.366be3e36205010c560ba6d363d8a627.jpg,train,Grade 4,NEAR_DUPLICATE_DHASH,False,False,2.0
train/Grade 4/51858111_2120697521351716_1932841652360052736_n_jpg.rf.125ec2761ce08c53c37f23c9ca4429be.jpg,train,Grade 4,train/Grade 4/51858111_2120697521351716_1932841652360052736_n_jpg.rf.33183bfa85f99c9c2cff222cf06cfde5.jpg,train,Grade 4,NEAR_DUPLICATE_DHASH,False,False,3.0
train/Grade 4/51858111_2120697521351716_1932841652360052736_n_jpg.rf.125ec2761ce08c53c37f23c9ca4429be.jpg,train,Grade 4,train/Grade 4/51858111_2120697521351716_1932841652360052736_n_jpg.rf.b7bd85213ea908b332782abc9ce352ea.jpg,train,Grade 4,NEAR_DUPLICATE_DHASH,False,False,3.0
train/Grade 4/51858111_2120697521351716_1932841652360052736_n_jpg.rf.125ec2761ce08c53c37f23c9ca4429be.jpg,train,Grade 4,train/Grade 4/51858111_2120697521351716_1932841652360052736_n_jpg.rf.e979cf10829ab8f46f97ea8ccf93e059.jpg,train,Grade 4,NEAR_DUPLICATE_DHASH,False,False,4.0
train/Grade 4/51858111_2120697521351716_1932841652360052736_n_jpg.rf.33183bfa85f99c9c2cff222cf06cfde5.jpg,train,Grade 4,train/Grade 4/51858111_2120697521351716_1932841652360052736_n_jpg.rf.b7bd85213ea908b332782abc9ce352ea.jpg,train,Grade 4,NEAR_DUPLICATE_DHASH,False,False,0.0
train/Grade 1/149_jpg.rf.36a880edc621edf4a6fbe241a4243578.jpg,train,Grade 1,train/Grade 1/149_jpg.rf.8509405fafdabca9611abf7eb308b269.jpg,train,Grade 1,NEAR_DUPLICATE_DHASH,False,False,0.0
train/Grade 1/274_jpg.rf.4b1b7e0cef05176770acbec1c80849c1.jpg,train,Grade 1,train/Grade 1/274_jpg.rf.bb39197f1e827e8acc3193eb4601954d.jpg,train,Grade 1,NEAR_DUPLICATE_DHASH,False,False,3.0
train/Grade 1/274_jpg.rf.4b1b7e0cef05176770acbec1c80849c1.jpg,train,Grade 1,train/Grade 1/274_jpg.rf.d7f90133b784d48e97e81b1e1f9ddafb.jpg,train,Grade 1,NEAR_DUPLICATE_DHASH,False,False,0.0
train/Grade 1/274_jpg.rf.bb39197f1e827e8acc3193eb4601954d.jpg,train,Grade 1,train/Grade 1/274_jpg.rf.d7f90133b784d48e97e81b1e1f9ddafb.jpg,train,Grade 1,NEAR_DUPLICATE_DHASH,False,False,3.0
train/Grade 1/302395_jpg.rf.1ddec5af4081ecfd35f1bc9a7a8b9091.jpg,train,Grade 1,train/Grade 1/302395_jpg.rf.c6cf7e07988bcd067787ee525c3a06fd.jpg,train,Grade 1,NEAR_DUPLICATE_DHASH,False,False,4.0
train/Grade 1/302395_jpg.rf.1ddec5af4081ecfd35f1bc9a7a8b9091.jpg,train,Grade 1,train/Grade 1/491_jpg.rf.c2f224912bc1bbe3e35cdd65f8660028.jpg,train,Grade 1,NEAR_DUPLICATE_DHASH,False,False,4.0
train/Grade 1/302395_jpg.rf.1ddec5af4081ecfd35f1bc9a7a8b9091.jpg,train,Grade 1,train/Grade 3/42_jpg.rf.d8c66b384d2ef09458df0b2fd1dc2a62.jpg,train,Grade 3,NEAR_DUPLICATE_DHASH,False,True,2.0
train/Grade 1/302395_jpg.rf.1ddec5af4081ecfd35f1bc9a7a8b9091.jpg,train,Grade 1,train/Grade 3/42_jpg.rf.f674b253511d6a7ce9fa1206bcb91a12.jpg,train,Grade 3,NEAR_DUPLICATE_DHASH,False,True,3.0
train/Grade 1/302395_jpg.rf.1ddec5af4081ecfd35f1bc9a7a8b9091.jpg,train,Grade 1,train/Grade 3/53323459_2396396807256877_8878559465192816640_n_jpg.rf.288002c3f2d8423fff2f3625e67503ba.jpg,train,Grade 3,NEAR_DUPLICATE_DHASH,False,True,4.0
train/Grade 1/302395_jpg.rf.25611949248d24c2cc664289e683147e.jpg,train,Grade 1,train/Grade 1/302395_jpg.rf.c6cf7e07988bcd067787ee525c3a06fd.jpg,train,Grade 1,NEAR_DUPLICATE_DHASH,False,False,1.0
train/Grade 1/302395_jpg.rf.25611949248d24c2cc664289e683147e.jpg,train,Grade 1,train/Grade 3/42_jpg.rf.d8c66b384d2ef09458df0b2fd1dc2a62.jpg,train,Grade 3,NEAR_DUPLICATE_DHASH,False,True,3.0
train/Grade 1/302395_jpg.rf.25611949248d24c2cc664289e683147e.jpg,train,Grade 1,train/Grade 3/42_jpg.rf.f674b253511d6a7ce9fa1206bcb91a12.jpg,train,Grade 3,NEAR_DUPLICATE_DHASH,False,True,4.0
train/Grade 1/302395_jpg.rf.26b4ca571ce9369c08b2f76ca53c7029.jpg,train,Grade 1,train/Grade 1/302395_jpg.rf.72180acfb46bf5b647df7dde1adea221.jpg,train,Grade 1,NEAR_DUPLICATE_DHASH,False,False,3.0
train/Grade 1/302395_jpg.rf.26b4ca571ce9369c08b2f76ca53c7029.jpg,train,Grade 1,train/Grade 1/491_jpg.rf.ba8762910dd2a7afd952985c21ac12d8.jpg,train,Grade 1,NEAR_DUPLICATE_DHASH,False,False,4.0
train/Grade 1/302395_jpg.rf.26b4ca571ce9369c08b2f76ca53c7029.jpg,train,Grade 1,train/Grade 3/42_jpg.rf.d8c66b384d2ef09458df0b2fd1dc2a62.jpg,train,Grade 3,NEAR_DUPLICATE_DHASH,False,True,4.0
train/Grade 1/302395_jpg.rf.26b4ca571ce9369c08b2f76ca53c7029.jpg,train,Grade 1,train/Grade 3/51795551_387825175429049_5388304199618396160_n_jpg.rf.4a211a48ec55eedf57405ebf9254c6eb.jpg,train,Grade 3,NEAR_DUPLICATE_DHASH,False,True,3.0
train/Grade 1/302395_jpg.rf.329e7e3c534fa5a9839d476f63804e0c.jpg,train,Grade 1,train/Grade 1/302395_jpg.rf.72180acfb46bf5b647df7dde1adea221.jpg,train,Grade 1,NEAR_DUPLICATE_DHASH,False,False,2.0
train/Grade 1/302395_jpg.rf.c6cf7e07988bcd067787ee525c3a06fd.jpg,train,Grade 1,train/Grade 1/491_jpg.rf.c2f224912bc1bbe3e35cdd65f8660028.jpg,train,Grade 1,NEAR_DUPLICATE_DHASH,False,False,4.0
train/Grade 1/302395_jpg.rf.c6cf7e07988bcd067787ee525c3a06fd.jpg,train,Grade 1,train/Grade 3/42_jpg.rf.d8c66b384d2ef09458df0b2fd1dc2a62.jpg,train,Grade 3,NEAR_DUPLICATE_DHASH,False,True,4.0
train/Grade 1/34_jpg.rf.15440e22fdd6e54dcac86e83448054d7.jpg,train,Grade 1,train/Grade 1/34_jpg.rf.2c2d80960926f87b231a842ab4e742fd.jpg,train,Grade 1,NEAR_DUPLICATE_DHASH,False,False,0.0
train/Grade 1/351_jpg.rf.610b10ddc75701be9c1aff91812ac642.jpg,train,Grade 1,train/Grade 1/351_jpg.rf.77363900d0017ead347580c4d19be730.jpg,train,Grade 1,NEAR_DUPLICATE_DHASH,False,False,1.0
train/Grade 1/351_jpg.rf.610b10ddc75701be9c1aff91812ac642.jpg,train,Grade 1,train/Grade 1/491_jpg.rf.ba8762910dd2a7afd952985c21ac12d8.jpg,train,Grade 1,NEAR_DUPLICATE_DHASH,False,False,3.0
train/Grade 1/351_jpg.rf.610b10ddc75701be9c1aff91812ac642.jpg,train,Grade 1,train/Grade 3/51754591_2131917850178589_3095084442885029888_n_jpg.rf.ce64c416f3a2e14d67d1b52afc821cc7.jpg,train,Grade 3,NEAR_DUPLICATE_DHASH,False,True,3.0
train/Grade 1/351_jpg.rf.610b10ddc75701be9c1aff91812ac642.jpg,train,Grade 1,train/Grade 3/51795551_387825175429049_5388304199618396160_n_jpg.rf.4a211a48ec55eedf57405ebf9254c6eb.jpg,train,Grade 3,NEAR_DUPLICATE_DHASH,False,True,2.0
train/Grade 1/351_jpg.rf.77363900d0017ead347580c4d19be730.jpg,train,Grade 1,train/Grade 1/491_jpg.rf.ba8762910dd2a7afd952985c21ac12d8.jpg,train,Grade 1,NEAR_DUPLICATE_DHASH,False,False,4.0
train/Grade 1/351_jpg.rf.77363900d0017ead347580c4d19be730.jpg,train,Grade 1,train/Grade 3/51754591_2131917850178589_3095084442885029888_n_jpg.rf.ce64c416f3a2e14d67d1b52afc821cc7.jpg,train,Grade 3,NEAR_DUPLICATE_DHASH,False,True,4.0
train/Grade 1/351_jpg.rf.77363900d0017ead347580c4d19be730.jpg,train,Grade 1,train/Grade 3/51795551_387825175429049_5388304199618396160_n_jpg.rf.4a211a48ec55eedf57405ebf9254c6eb.jpg,train,Grade 3,NEAR_DUPLICATE_DHASH,False,True,3.0
train/Grade 1/351_jpg.rf.8e94278684ccccbbb19c467ae04f2fb4.jpg,train,Grade 1,train/Grade 1/351_jpg.rf.f3b54a4f6f76fa84fb71055a7b04cb89.jpg,train,Grade 1,NEAR_DUPLICATE_DHASH,False,False,0.0
train/Grade 1/351_jpg.rf.8e94278684ccccbbb19c467ae04f2fb4.jpg,train,Grade 1,train/Grade 1/52893683_309124839801524_5592826745502826496_n_jpg.rf.fd765d9fca09fbb938acd617a4352e72.jpg,train,Grade 1,NEAR_DUPLICATE_DHASH,False,False,4.0
train/Grade 1/351_jpg.rf.8e94278684ccccbbb19c467ae04f2fb4.jpg,train,Grade 1,train/Grade 3/409_jpg.rf.c569909ab0cd6bd98fedd1a56a4faae0.jpg,train,Grade 3,NEAR_DUPLICATE_DHASH,False,True,3.0
train/Grade 1/351_jpg.rf.8e94278684ccccbbb19c467ae04f2fb4.jpg,train,Grade 1,train/Grade 3/42_jpg.rf.f674b253511d6a7ce9fa1206bcb91a12.jpg,train,Grade 3,NEAR_DUPLICATE_DHASH,False,True,4.0
train/Grade 1/351_jpg.rf.f3b54a4f6f76fa84fb71055a7b04cb89.jpg,train,Grade 1,train/Grade 1/52893683_309124839801524_5592826745502826496_n_jpg.rf.fd765d9fca09fbb938acd617a4352e72.jpg,train,Grade 1,NEAR_DUPLICATE_DHASH,False,False,4.0
train/Grade 1/351_jpg.rf.f3b54a4f6f76fa84fb71055a7b04cb89.jpg,train,Grade 1,train/Grade 3/409_jpg.rf.c569909ab0cd6bd98fedd1a56a4faae0.jpg,train,Grade 3,NEAR_DUPLICATE_DHASH,False,True,3.0
train/Grade 1/351_jpg.rf.f3b54a4f6f76fa84fb71055a7b04cb89.jpg,train,Grade 1,train/Grade 3/42_jpg.rf.f674b253511d6a7ce9fa1206bcb91a12.jpg,train,Grade 3,NEAR_DUPLICATE_DHASH,False,True,4.0
train/Grade 1/478_jpg.rf.7835c9ce42424b91d00f2f97065436e0.jpg,train,Grade 1,train/Grade 1/478_jpg.rf.a8196cd637158777b65102dbe62536e9.jpg,train,Grade 1,NEAR_DUPLICATE_DHASH,False,False,1.0
train/Grade 1/485_jpg.rf.92c14268137faf60fb07ab0aab90bc14.jpg,train,Grade 1,train/Grade 1/485_jpg.rf.9cf664a2b39df79ffb68321218206ba1.jpg,train,Grade 1,NEAR_DUPLICATE_DHASH,False,False,2.0
train/Grade 1/491_jpg.rf.ba8762910dd2a7afd952985c21ac12d8.jpg,train,Grade 1,train/Grade 1/491_jpg.rf.c2f224912bc1bbe3e35cdd65f8660028.jpg,train,Grade 1,NEAR_DUPLICATE_DHASH,False,False,4.0
train/Grade 1/491_jpg.rf.ba8762910dd2a7afd952985c21ac12d8.jpg,train,Grade 1,train/Grade 3/42_jpg.rf.d8c66b384d2ef09458df0b2fd1dc2a62.jpg,train,Grade 3,NEAR_DUPLICATE_DHASH,False,True,4.0
train/Grade 1/491_jpg.rf.ba8762910dd2a7afd952985c21ac12d8.jpg,train,Grade 1,train/Grade 3/51795551_387825175429049_5388304199618396160_n_jpg.rf.4a211a48ec55eedf57405ebf9254c6eb.jpg,train,Grade 3,NEAR_DUPLICATE_DHASH,False,True,3.0
train/Grade 1/491_jpg.rf.c2f224912bc1bbe3e35cdd65f8660028.jpg,train,Grade 1,train/Grade 3/41_jpg.rf.ec9a4f377b44aa0874a5a328ab683786.jpg,train,Grade 3,NEAR_DUPLICATE_DHASH,False,True,3.0
train/Grade 1/491_jpg.rf.c2f224912bc1bbe3e35cdd65f8660028.jpg,train,Grade 1,train/Grade 3/42_jpg.rf.d8c66b384d2ef09458df0b2fd1dc2a62.jpg,train,Grade 3,NEAR_DUPLICATE_DHASH,False,True,4.0
train/Grade 1/491_jpg.rf.c2f224912bc1bbe3e35cdd65f8660028.jpg,train,Grade 1,train/Grade 3/51754591_2131917850178589_3095084442885029888_n_jpg.rf.ce64c416f3a2e14d67d1b52afc821cc7.jpg,train,Grade 3,NEAR_DUPLICATE_DHASH,False,True,4.0
train/Grade 1/491_jpg.rf.feeb73e2510ea51cf1c3059e12804115.jpg,train,Grade 1,train/Grade 3/42_jpg.rf.d8c66b384d2ef09458df0b2fd1dc2a62.jpg,train,Grade 3,NEAR_DUPLICATE_DHASH,False,True,3.0
train/Grade 1/491_jpg.rf.feeb73e2510ea51cf1c3059e12804115.jpg,train,Grade 1,train/Grade 3/42_jpg.rf.f674b253511d6a7ce9fa1206bcb91a12.jpg,train,Grade 3,NEAR_DUPLICATE_DHASH,False,True,4.0
train/Grade 1/491_jpg.rf.feeb73e2510ea51cf1c3059e12804115.jpg,train,Grade 1,train/Grade 3/51795551_387825175429049_5388304199618396160_n_jpg.rf.4a211a48ec55eedf57405ebf9254c6eb.jpg,train,Grade 3,NEAR_DUPLICATE_DHASH,False,True,4.0
train/Grade 1/52893683_309124839801524_5592826745502826496_n_jpg.rf.0b319b350ddaab8b5f04d08c11eeca11.jpg,train,Grade 1,train/Grade 1/52893683_309124839801524_5592826745502826496_n_jpg.rf.fd765d9fca09fbb938acd617a4352e72.jpg,train,Grade 1,NEAR_DUPLICATE_DHASH,False,False,2.0
train/Grade 1/52893683_309124839801524_5592826745502826496_n_jpg.rf.0b319b350ddaab8b5f04d08c11eeca11.jpg,train,Grade 1,train/Grade 4/319_jpg.rf.08da29224f7c5870426452107bb1b6c9.jpg,train,Grade 4,NEAR_DUPLICATE_DHASH,False,True,4.0
train/Grade 1/52893683_309124839801524_5592826745502826496_n_jpg.rf.14e8b30acd25966fb103df6629c34863.jpg,train,Grade 1,train/Grade 1/52893683_309124839801524_5592826745502826496_n_jpg.rf.40ebdcb6f6c0e49309bcc5c6ea92343e.jpg,train,Grade 1,NEAR_DUPLICATE_DHASH,False,False,0.0
train/Grade 1/52893683_309124839801524_5592826745502826496_n_jpg.rf.14e8b30acd25966fb103df6629c34863.jpg,train,Grade 1,train/Grade 3/51754591_2131917850178589_3095084442885029888_n_jpg.rf.ce64c416f3a2e14d67d1b52afc821cc7.jpg,train,Grade 3,NEAR_DUPLICATE_DHASH,False,True,4.0
train/Grade 1/52893683_309124839801524_5592826745502826496_n_jpg.rf.40ebdcb6f6c0e49309bcc5c6ea92343e.jpg,train,Grade 1,train/Grade 3/51754591_2131917850178589_3095084442885029888_n_jpg.rf.ce64c416f3a2e14d67d1b52afc821cc7.jpg,train,Grade 3,NEAR_DUPLICATE_DHASH,False,True,4.0
train/Grade 1/52893683_309124839801524_5592826745502826496_n_jpg.rf.fd765d9fca09fbb938acd617a4352e72.jpg,train,Grade 1,train/Grade 3/409_jpg.rf.c569909ab0cd6bd98fedd1a56a4faae0.jpg,train,Grade 3,NEAR_DUPLICATE_DHASH,False,True,3.0
train/Grade 1/52893683_309124839801524_5592826745502826496_n_jpg.rf.fd765d9fca09fbb938acd617a4352e72.jpg,train,Grade 1,train/Grade 3/42_jpg.rf.f674b253511d6a7ce9fa1206bcb91a12.jpg,train,Grade 3,NEAR_DUPLICATE_DHASH,False,True,4.0
train/Grade 2/187_jpg.rf.74e1b4d6d40eb5148483c28cb3f08619.jpg,train,Grade 2,train/Grade 2/187_jpg.rf.d6cff6ef0bfa8aaa92d2f74608cba278.jpg,train,Grade 2,NEAR_DUPLICATE_DHASH,False,False,4.0
train/Grade 2/187_jpg.rf.74e1b4d6d40eb5148483c28cb3f08619.jpg,train,Grade 2,train/Grade 3/42_jpg.rf.f674b253511d6a7ce9fa1206bcb91a12.jpg,train,Grade 3,NEAR_DUPLICATE_DHASH,False,True,4.0
train/Grade 2/187_jpg.rf.74e1b4d6d40eb5148483c28cb3f08619.jpg,train,Grade 2,train/Grade 3/51795551_387825175429049_5388304199618396160_n_jpg.rf.4a211a48ec55eedf57405ebf9254c6eb.jpg,train,Grade 3,NEAR_DUPLICATE_DHASH,False,True,4.0
train/Grade 2/197_jpg.rf.3dbc482e3fd5c678a2a24af30d1619e6.jpg,train,Grade 2,train/Grade 2/197_jpg.rf.c9595b2030c3351618d85bf03c83a034.jpg,train,Grade 2,NEAR_DUPLICATE_DHASH,False,False,3.0
train/Grade 2/302211_jpg.rf.130fa174e5a514d3cef2ca42c1c1c7c9.jpg,train,Grade 2,train/Grade 2/302211_jpg.rf.135af8ebdf9ef4cef0f719ea19ccc8ba.jpg,train,Grade 2,NEAR_DUPLICATE_DHASH,False,False,2.0
train/Grade 2/302211_jpg.rf.130fa174e5a514d3cef2ca42c1c1c7c9.jpg,train,Grade 2,train/Grade 2/302211_jpg.rf.bd706817af160fa087adb6ebb722c4a7.jpg,train,Grade 2,NEAR_DUPLICATE_DHASH,False,False,2.0
train/Grade 2/302211_jpg.rf.135af8ebdf9ef4cef0f719ea19ccc8ba.jpg,train,Grade 2,train/Grade 2/302211_jpg.rf.bd706817af160fa087adb6ebb722c4a7.jpg,train,Grade 2,NEAR_DUPLICATE_DHASH,False,False,0.0
train/Grade 2/413_jpg.rf.6404dd20fa0dd6066f70b5d5941ba3c0.jpg,train,Grade 2,train/Grade 2/413_jpg.rf.b2b07234f552a144b787a36122d8f422.jpg,train,Grade 2,NEAR_DUPLICATE_DHASH,False,False,0.0
train/Grade 2/413_jpg.rf.6404dd20fa0dd6066f70b5d5941ba3c0.jpg,train,Grade 2,train/Grade 4/319_jpg.rf.08da29224f7c5870426452107bb1b6c9.jpg,train,Grade 4,NEAR_DUPLICATE_DHASH,False,True,4.0
train/Grade 2/413_jpg.rf.6404dd20fa0dd6066f70b5d5941ba3c0.jpg,train,Grade 2,train/Grade 4/319_jpg.rf.91a1402fa74aa477c4bd4d91c111597a.jpg,train,Grade 4,NEAR_DUPLICATE_DHASH,False,True,4.0
train/Grade 2/413_jpg.rf.6404dd20fa0dd6066f70b5d5941ba3c0.jpg,train,Grade 2,train/Grade 4/319_jpg.rf.ff6a3a695c8b22d9780a81a6731dc329.jpg,train,Grade 4,NEAR_DUPLICATE_DHASH,False,True,3.0
train/Grade 2/413_jpg.rf.b2b07234f552a144b787a36122d8f422.jpg,train,Grade 2,train/Grade 4/319_jpg.rf.08da29224f7c5870426452107bb1b6c9.jpg,train,Grade 4,NEAR_DUPLICATE_DHASH,False,True,4.0
train/Grade 2/413_jpg.rf.b2b07234f552a144b787a36122d8f422.jpg,train,Grade 2,train/Grade 4/319_jpg.rf.91a1402fa74aa477c4bd4d91c111597a.jpg,train,Grade 4,NEAR_DUPLICATE_DHASH,False,True,4.0
train/Grade 2/413_jpg.rf.b2b07234f552a144b787a36122d8f422.jpg,train,Grade 2,train/Grade 4/319_jpg.rf.ff6a3a695c8b22d9780a81a6731dc329.jpg,train,Grade 4,NEAR_DUPLICATE_DHASH,False,True,3.0
train/Grade 2/446_jpg.rf.332fde6ae3185708fac3ce729f1a7a68.jpg,train,Grade 2,train/Grade 2/446_jpg.rf.e47632361f281bc06d15db1160989f17.jpg,train,Grade 2,NEAR_DUPLICATE_DHASH,False,False,1.0
train/Grade 2/465_jpg.rf.cf8c698e5d635a023fd949608c9f2878.jpg,train,Grade 2,train/Grade 2/465_jpg.rf.f0d050e2d6a24e11e4d3491301180fd2.jpg,train,Grade 2,NEAR_DUPLICATE_DHASH,False,False,1.0
train/Grade 2/465_jpg.rf.cf8c698e5d635a023fd949608c9f2878.jpg,train,Grade 2,train/Grade 2/465_jpg.rf.f0ea400b83b948df818450978d2a90a1.jpg,train,Grade 2,NEAR_DUPLICATE_DHASH,False,False,1.0
train/Grade 2/465_jpg.rf.f0d050e2d6a24e11e4d3491301180fd2.jpg,train,Grade 2,train/Grade 2/465_jpg.rf.f0ea400b83b948df818450978d2a90a1.jpg,train,Grade 2,NEAR_DUPLICATE_DHASH,False,False,0.0
train/Grade 2/51769731_2221636438091228_58097593116262400_n_jpg.rf.2d32c37dd3982c60ca5718a7d3f2c77a.jpg,train,Grade 2,train/Grade 2/51769731_2221636438091228_58097593116262400_n_jpg.rf.d3a9668561de2f57292b4def368fa914.jpg,train,Grade 2,NEAR_DUPLICATE_DHASH,False,False,0.0
train/Grade 3/303536_jpg.rf.659873505deeb986a1c49b4a511031c9.jpg,train,Grade 3,train/Grade 3/303536_jpg.rf.83e7b5f022bfe66be079c1a7f78d9d30.jpg,train,Grade 3,NEAR_DUPLICATE_DHASH,False,False,4.0
train/Grade 3/304636_jpg.rf.04f65fd568d1e219fcf83ca4efdeb7eb.jpg,train,Grade 3,train/Grade 3/304636_jpg.rf.db60ecefa38e843ea3b54d5bea3e0abe.jpg,train,Grade 3,NEAR_DUPLICATE_DHASH,False,False,2.0
train/Grade 3/305406_jpg.rf.a224905337f4b55f9b258c39a30e67a3.jpg,train,Grade 3,train/Grade 3/305406_jpg.rf.be7b17407588d344ac98fded6201e896.jpg,train,Grade 3,NEAR_DUPLICATE_DHASH,False,False,4.0
train/Grade 3/40111620_512775102497985_2972172627881230336_n_jpg.rf.112377895624a3d992e5d5fdc67dc116.jpg,train,Grade 3,train/Grade 3/40111620_512775102497985_2972172627881230336_n_jpg.rf.e0af248279357e92edfa201b74eccf3c.jpg,train,Grade 3,NEAR_DUPLICATE_DHASH,False,False,0.0
train/Grade 3/40111620_512775102497985_2972172627881230336_n_jpg.rf.13eaa1283a0e11464cc858d19870ebb3.jpg,train,Grade 3,train/Grade 3/40111620_512775102497985_2972172627881230336_n_jpg.rf.878e1c089e9096f864599d6a7af12c6a.jpg,train,Grade 3,NEAR_DUPLICATE_DHASH,False,False,0.0
train/Grade 3/40111620_512775102497985_2972172627881230336_n_jpg.rf.13eaa1283a0e11464cc858d19870ebb3.jpg,train,Grade 3,train/Grade 3/40111620_512775102497985_2972172627881230336_n_jpg.rf.f76c196b6a2e8d33f5feb3fbf1e8fc23.jpg,train,Grade 3,NEAR_DUPLICATE_DHASH,False,False,2.0
train/Grade 3/40111620_512775102497985_2972172627881230336_n_jpg.rf.878e1c089e9096f864599d6a7af12c6a.jpg,train,Grade 3,train/Grade 3/40111620_512775102497985_2972172627881230336_n_jpg.rf.f76c196b6a2e8d33f5feb3fbf1e8fc23.jpg,train,Grade 3,NEAR_DUPLICATE_DHASH,False,False,2.0
train/Grade 3/404_jpg.rf.c72ea5f3f0e3f1b111d3c456abee491a.jpg,train,Grade 3,train/Grade 3/404_jpg.rf.d51f1c6753d7b146679aa150b6f8c77a.jpg,train,Grade 3,NEAR_DUPLICATE_DHASH,False,False,3.0
train/Grade 3/409_jpg.rf.c569909ab0cd6bd98fedd1a56a4faae0.jpg,train,Grade 3,train/Grade 3/42_jpg.rf.d8c66b384d2ef09458df0b2fd1dc2a62.jpg,train,Grade 3,NEAR_DUPLICATE_DHASH,False,False,4.0
train/Grade 3/409_jpg.rf.c569909ab0cd6bd98fedd1a56a4faae0.jpg,train,Grade 3,train/Grade 3/42_jpg.rf.f674b253511d6a7ce9fa1206bcb91a12.jpg,train,Grade 3,NEAR_DUPLICATE_DHASH,False,False,3.0
train/Grade 3/41_jpg.rf.ec9a4f377b44aa0874a5a328ab683786.jpg,train,Grade 3,train/Grade 3/42_jpg.rf.f674b253511d6a7ce9fa1206bcb91a12.jpg,train,Grade 3,NEAR_DUPLICATE_DHASH,False,False,4.0
train/Grade 3/41_jpg.rf.ec9a4f377b44aa0874a5a328ab683786.jpg,train,Grade 3,train/Grade 3/52151375_2362088160678153_4055269135465054208_n_jpg.rf.a03468a09b4827233ae390c6107deb64.jpg,train,Grade 3,NEAR_DUPLICATE_DHASH,False,False,4.0
train/Grade 3/42_jpg.rf.d8c66b384d2ef09458df0b2fd1dc2a62.jpg,train,Grade 3,train/Grade 3/42_jpg.rf.f674b253511d6a7ce9fa1206bcb91a12.jpg,train,Grade 3,NEAR_DUPLICATE_DHASH,False,False,1.0
train/Grade 3/42_jpg.rf.d8c66b384d2ef09458df0b2fd1dc2a62.jpg,train,Grade 3,train/Grade 3/51795551_387825175429049_5388304199618396160_n_jpg.rf.4a211a48ec55eedf57405ebf9254c6eb.jpg,train,Grade 3,NEAR_DUPLICATE_DHASH,False,False,3.0
train/Grade 3/42_jpg.rf.d8c66b384d2ef09458df0b2fd1dc2a62.jpg,train,Grade 3,train/Grade 3/53323459_2396396807256877_8878559465192816640_n_jpg.rf.288002c3f2d8423fff2f3625e67503ba.jpg,train,Grade 3,NEAR_DUPLICATE_DHASH,False,False,4.0
train/Grade 3/42_jpg.rf.d8c66b384d2ef09458df0b2fd1dc2a62.jpg,train,Grade 3,train/Grade 4/51677707_318598352100507_1141860632379785216_n_jpg.rf.51b58c2774e25865d866b6944f6ad76d.jpg,train,Grade 4,NEAR_DUPLICATE_DHASH,False,True,4.0
train/Grade 3/42_jpg.rf.d8c66b384d2ef09458df0b2fd1dc2a62.jpg,train,Grade 3,train/Grade 4/52590332_933677237022401_4422700044289835008_n_jpg.rf.286917fdfb189473d2c8a10d33454bcd.jpg,train,Grade 4,NEAR_DUPLICATE_DHASH,False,True,3.0
train/Grade 3/42_jpg.rf.f674b253511d6a7ce9fa1206bcb91a12.jpg,train,Grade 3,train/Grade 3/51795551_387825175429049_5388304199618396160_n_jpg.rf.4a211a48ec55eedf57405ebf9254c6eb.jpg,train,Grade 3,NEAR_DUPLICATE_DHASH,False,False,4.0
train/Grade 3/42_jpg.rf.f674b253511d6a7ce9fa1206bcb91a12.jpg,train,Grade 3,train/Grade 3/52151375_2362088160678153_4055269135465054208_n_jpg.rf.a03468a09b4827233ae390c6107deb64.jpg,train,Grade 3,NEAR_DUPLICATE_DHASH,False,False,4.0
train/Grade 3/42_jpg.rf.f674b253511d6a7ce9fa1206bcb91a12.jpg,train,Grade 3,train/Grade 4/52590332_933677237022401_4422700044289835008_n_jpg.rf.286917fdfb189473d2c8a10d33454bcd.jpg,train,Grade 4,NEAR_DUPLICATE_DHASH,False,True,4.0
train/Grade 3/51754591_2131917850178589_3095084442885029888_n_jpg.rf.ce64c416f3a2e14d67d1b52afc821cc7.jpg,train,Grade 3,train/Grade 3/51795551_387825175429049_5388304199618396160_n_jpg.rf.4a211a48ec55eedf57405ebf9254c6eb.jpg,train,Grade 3,NEAR_DUPLICATE_DHASH,False,False,3.0
train/Grade 3/51754591_2131917850178589_3095084442885029888_n_jpg.rf.ce64c416f3a2e14d67d1b52afc821cc7.jpg,train,Grade 3,train/Grade 4/4039916766432702719_jpg.rf.4712014877a507c1169aa3103a2b1e56.jpg,train,Grade 4,NEAR_DUPLICATE_DHASH,False,True,4.0
train/Grade 3/51795551_387825175429049_5388304199618396160_n_jpg.rf.4a211a48ec55eedf57405ebf9254c6eb.jpg,train,Grade 3,train/Grade 4/52590332_933677237022401_4422700044289835008_n_jpg.rf.286917fdfb189473d2c8a10d33454bcd.jpg,train,Grade 4,NEAR_DUPLICATE_DHASH,False,True,4.0
train/Grade 3/52151375_2362088160678153_4055269135465054208_n_jpg.rf.0d03d2ace8d574fdd51436bc078abbb5.jpg,train,Grade 3,train/Grade 3/52151375_2362088160678153_4055269135465054208_n_jpg.rf.12cbdfd45c0b2caf1c4e91dd49028a5c.jpg,train,Grade 3,NEAR_DUPLICATE_DHASH,False,False,0.0
train/Grade 3/52151375_2362088160678153_4055269135465054208_n_jpg.rf.0d03d2ace8d574fdd51436bc078abbb5.jpg,train,Grade 3,train/Grade 3/52151375_2362088160678153_4055269135465054208_n_jpg.rf.a03468a09b4827233ae390c6107deb64.jpg,train,Grade 3,NEAR_DUPLICATE_DHASH,False,False,4.0
train/Grade 3/52151375_2362088160678153_4055269135465054208_n_jpg.rf.0daf57d543c95cc880470205fd11b5bf.jpg,train,Grade 3,train/Grade 3/52151375_2362088160678153_4055269135465054208_n_jpg.rf.cfcdaff8c3926927671ff7208735560d.jpg,train,Grade 3,NEAR_DUPLICATE_DHASH,False,False,0.0
train/Grade 3/52151375_2362088160678153_4055269135465054208_n_jpg.rf.12cbdfd45c0b2caf1c4e91dd49028a5c.jpg,train,Grade 3,train/Grade 3/52151375_2362088160678153_4055269135465054208_n_jpg.rf.a03468a09b4827233ae390c6107deb64.jpg,train,Grade 3,NEAR_DUPLICATE_DHASH,False,False,4.0
train/Grade 3/52337569_796952097316171_559675985750917120_n_jpg.rf.7ca71535b912d3e2c753868f9cbd18c5.jpg,train,Grade 3,train/Grade 3/52337569_796952097316171_559675985750917120_n_jpg.rf.9a8e68331769dcb274669642d25e9dfb.jpg,train,Grade 3,NEAR_DUPLICATE_DHASH,False,False,0.0
train/Grade 3/52956309_2293937097352804_1370826348246859776_n_jpg.rf.46640b8d8b797064c1344341132002f6.jpg,train,Grade 3,train/Grade 3/52956309_2293937097352804_1370826348246859776_n_jpg.rf.6e6571f581c6b0c33d919bd19aa9075b.jpg,train,Grade 3,NEAR_DUPLICATE_DHASH,False,False,1.0
train/Grade 4/319_jpg.rf.08da29224f7c5870426452107bb1b6c9.jpg,train,Grade 4,train/Grade 4/319_jpg.rf.91a1402fa74aa477c4bd4d91c111597a.jpg,train,Grade 4,NEAR_DUPLICATE_DHASH,False,False,2.0
train/Grade 4/319_jpg.rf.08da29224f7c5870426452107bb1b6c9.jpg,train,Grade 4,train/Grade 4/319_jpg.rf.ff6a3a695c8b22d9780a81a6731dc329.jpg,train,Grade 4,NEAR_DUPLICATE_DHASH,False,False,1.0
train/Grade 4/319_jpg.rf.74ca42386746d78072cefac79a8ca054.jpg,train,Grade 4,train/Grade 4/319_jpg.rf.838932d6f8e35bca6079a780431bddb3.jpg,train,Grade 4,NEAR_DUPLICATE_DHASH,False,False,2.0
train/Grade 4/319_jpg.rf.91a1402fa74aa477c4bd4d91c111597a.jpg,train,Grade 4,train/Grade 4/319_jpg.rf.ff6a3a695c8b22d9780a81a6731dc329.jpg,train,Grade 4,NEAR_DUPLICATE_DHASH,False,False,1.0
train/Grade 4/349_jpg.rf.560d9199b50b7c638385718eb78d4885.jpg,train,Grade 4,train/Grade 4/349_jpg.rf.d29f605c64dcc59a81985c81482544ba.jpg,train,Grade 4,NEAR_DUPLICATE_DHASH,False,False,0.0
train/Grade 4/4039916766432702719_jpg.rf.29977974336ddfe57ba53c833fd6c83f.jpg,train,Grade 4,train/Grade 4/4039916766432702719_jpg.rf.366c9c7d9309e4186a3eef57c74b9242.jpg,train,Grade 4,NEAR_DUPLICATE_DHASH,False,False,1.0
train/Grade 4/4039916766432702719_jpg.rf.29977974336ddfe57ba53c833fd6c83f.jpg,train,Grade 4,train/Grade 4/4039916766432702719_jpg.rf.4712014877a507c1169aa3103a2b1e56.jpg,train,Grade 4,NEAR_DUPLICATE_DHASH,False,False,1.0
train/Grade 4/4039916766432702719_jpg.rf.366c9c7d9309e4186a3eef57c74b9242.jpg,train,Grade 4,train/Grade 4/4039916766432702719_jpg.rf.4712014877a507c1169aa3103a2b1e56.jpg,train,Grade 4,NEAR_DUPLICATE_DHASH,False,False,2.0
train/Grade 4/470_jpg.rf.221ad750ccfb8252c895dfb64aca75f5.jpg,train,Grade 4,train/Grade 4/470_jpg.rf.dd579af0160b3f7edab3ffd0aa2168e9.jpg,train,Grade 4,NEAR_DUPLICATE_DHASH,False,False,2.0
train/Grade 4/4_jpg.rf.819e31f00f41b06a54f3a46683492acd.jpg,train,Grade 4,train/Grade 4/4_jpg.rf.a943a4abde2fba62719b1a3e3e7f0476.jpg,train,Grade 4,NEAR_DUPLICATE_DHASH,False,False,3.0
train/Grade 4/4_jpg.rf.819e31f00f41b06a54f3a46683492acd.jpg,train,Grade 4,train/Grade 4/4_jpg.rf.ce37761a1f727149e83b0d885918c0f1.jpg,train,Grade 4,NEAR_DUPLICATE_DHASH,False,False,2.0
train/Grade 4/4_jpg.rf.9c96e4f54ed01eed77b2ea522cb9afe7.jpg,train,Grade 4,train/Grade 4/4_jpg.rf.aca10f5cabb6eff19047a210f7da7d5d.jpg,train,Grade 4,NEAR_DUPLICATE_DHASH,False,False,4.0
train/Grade 4/4_jpg.rf.9c96e4f54ed01eed77b2ea522cb9afe7.jpg,train,Grade 4,train/Grade 4/4_jpg.rf.feaa881c75a25b0918732a55b2e31f79.jpg,train,Grade 4,NEAR_DUPLICATE_DHASH,False,False,2.0
train/Grade 4/4_jpg.rf.a943a4abde2fba62719b1a3e3e7f0476.jpg,train,Grade 4,train/Grade 4/4_jpg.rf.ce37761a1f727149e83b0d885918c0f1.jpg,train,Grade 4,NEAR_DUPLICATE_DHASH,False,False,1.0
train/Grade 4/4_jpg.rf.aca10f5cabb6eff19047a210f7da7d5d.jpg,train,Grade 4,train/Grade 4/4_jpg.rf.feaa881c75a25b0918732a55b2e31f79.jpg,train,Grade 4,NEAR_DUPLICATE_DHASH,False,False,2.0
train/Grade 4/51677707_318598352100507_1141860632379785216_n_jpg.rf.36a1f197726199a1cd79537655ff1a11.jpg,train,Grade 4,train/Grade 4/51677707_318598352100507_1141860632379785216_n_jpg.rf.b25a3c6e567c824c4c0c2888c1979fbc.jpg,train,Grade 4,NEAR_DUPLICATE_DHASH,False,False,0.0
train/Grade 4/51677707_318598352100507_1141860632379785216_n_jpg.rf.4e33b6cea14559efdb1006f0d50e1d21.jpg,train,Grade 4,train/Grade 4/51677707_318598352100507_1141860632379785216_n_jpg.rf.51b58c2774e25865d866b6944f6ad76d.jpg,train,Grade 4,NEAR_DUPLICATE_DHASH,False,False,4.0
train/Grade 4/diabetic-foot-ulcer-pictures-5-1-_jpg.rf.85365f3bb18bb4f6677250ced58e944e.jpg,train,Grade 4,train/Grade 4/diabetic-foot-ulcer-pictures-5-1-_jpg.rf.c42bed208c28ebeaacd805d1d46ab707.jpg,train,Grade 4,NEAR_DUPLICATE_DHASH,False,False,4.0
train/Grade 4/diabetic-foot-ulcer-pictures-5-1-_jpg.rf.c42bed208c28ebeaacd805d1d46ab707.jpg,train,Grade 4,train/Grade 4/diabetic-foot-ulcer-pictures-5-1-_jpg.rf.c8e93aeb11915b223d0a1661fcf317de.jpg,train,Grade 4,NEAR_DUPLICATE_DHASH,False,False,4.0
train/Grade 4/239_jpg.rf.81a87e27aecd7082a7b33f7b9421d3fe.jpg,train,Grade 4,train/Grade 4/239_jpg.rf.cc32fd159429fc6ecf9b58178652b339.jpg,train,Grade 4,NEAR_DUPLICATE_DHASH,False,False,0.0
train/Grade 1/152_jpg.rf.3bf23e8a91f3873b440c71900d73aa48.jpg,train,Grade 1,train/Grade 1/152_jpg.rf.ee968b0e187475df03bb113b233588f0.jpg,train,Grade 1,NEAR_DUPLICATE_DHASH,False,False,1.0
train/Grade 1/152_jpg.rf.65cf79a4c4bf708a55290c6099dcfe0a.jpg,train,Grade 1,train/Grade 1/152_jpg.rf.7c1794578ef8ac72a4b43fe9f3c5ccb4.jpg,train,Grade 1,NEAR_DUPLICATE_DHASH,False,False,0.0
train/Grade 1/154_jpg.rf.2d0579c3f73a3ec28aea3b802e921e77.jpg,train,Grade 1,train/Grade 1/154_jpg.rf.8bc5a88e75b2125d833eb9fc1496112a.jpg,train,Grade 1,NEAR_DUPLICATE_DHASH,False,False,0.0
train/Grade 1/154_jpg.rf.2d0579c3f73a3ec28aea3b802e921e77.jpg,train,Grade 1,train/Grade 1/154_jpg.rf.cb68dcdf396f7e635041a9cd684c49d7.jpg,train,Grade 1,NEAR_DUPLICATE_DHASH,False,False,4.0
train/Grade 1/154_jpg.rf.8bc5a88e75b2125d833eb9fc1496112a.jpg,train,Grade 1,train/Grade 1/154_jpg.rf.cb68dcdf396f7e635041a9cd684c49d7.jpg,train,Grade 1,NEAR_DUPLICATE_DHASH,False,False,4.0
train/Grade 4/483_jpg.rf.02541cce54f618131670957771d68685.jpg,train,Grade 4,train/Grade 4/483_jpg.rf.7a480d9ec417c301343cdf506b34d64d.jpg,train,Grade 4,NEAR_DUPLICATE_DHASH,False,False,1.0
train/Grade 1/170_jpg.rf.1a214613628d8516fe41dbaeff45004c.jpg,train,Grade 1,train/Grade 1/170_jpg.rf.60b05c642f8d9c04cf26f603ba545530.jpg,train,Grade 1,NEAR_DUPLICATE_DHASH,False,False,4.0
train/Grade 1/170_jpg.rf.1a214613628d8516fe41dbaeff45004c.jpg,train,Grade 1,train/Grade 1/170_jpg.rf.718b5dd0e49590b3e2f220cfd8970691.jpg,train,Grade 1,NEAR_DUPLICATE_DHASH,False,False,4.0
train/Grade 1/170_jpg.rf.60b05c642f8d9c04cf26f603ba545530.jpg,train,Grade 1,train/Grade 1/170_jpg.rf.718b5dd0e49590b3e2f220cfd8970691.jpg,train,Grade 1,NEAR_DUPLICATE_DHASH,False,False,0.0
train/Grade 1/181_jpg.rf.031bcc10578dc80217cde827fd9f0196.jpg,train,Grade 1,train/Grade 1/181_jpg.rf.e9d18a4f7aa5295c43762b74b6865f73.jpg,train,Grade 1,NEAR_DUPLICATE_DHASH,False,False,0.0
train/Grade 1/301255_jpg.rf.21437cbb7ef6b189ae52bb506f982c6a.jpg,train,Grade 1,train/Grade 1/301255_jpg.rf.ee6ed958cdafc14b74f02d1132f3e913.jpg,train,Grade 1,NEAR_DUPLICATE_DHASH,False,False,0.0
train/Grade 3/305590_jpg.rf.0023c4d1c77dc55444ae8fbf612a4b1e.jpg,train,Grade 3,train/Grade 3/305590_jpg.rf.225b6de24366789e0cd0edfb43a46a73.jpg,train,Grade 3,NEAR_DUPLICATE_DHASH,False,False,0.0
train/Grade 2/302436_jpg.rf.281f082d7fc44a30c65342c11e2243b2.jpg,train,Grade 2,train/Grade 2/302436_jpg.rf.b30459671d9ec2d8f3f4a2030ed28f9a.jpg,train,Grade 2,NEAR_DUPLICATE_DHASH,False,False,4.0
train/Grade 4/301113_jpg.rf.6dd13860f84c2d5de51e8cda15a22e4b.jpg,train,Grade 4,train/Grade 4/301113_jpg.rf.75433227974bba37a880426c49232e6f.jpg,train,Grade 4,NEAR_DUPLICATE_DHASH,False,False,1.0
train/Grade 2/5_png.rf.f3245e96578891410806c784f89a9d3b.jpg,train,Grade 2,train/Grade 3/5_jpg.rf.3b6358865a36882860baab7bf3869e11.jpg,train,Grade 3,NEAR_DUPLICATE_DHASH,False,True,0.0
train/Grade 3/262_jpg.rf.3590a29f38b9a0ce2a6e102da9c450c6.jpg,train,Grade 3,train/Grade 3/262_jpg.rf.c817ec5001fdfc709733f33d49a8af4d.jpg,train,Grade 3,NEAR_DUPLICATE_DHASH,False,False,4.0
train/Grade 3/262_jpg.rf.bf8e0d6963a633c288cc9a45ef2e5882.jpg,train,Grade 3,train/Grade 3/262_jpg.rf.c817ec5001fdfc709733f33d49a8af4d.jpg,train,Grade 3,NEAR_DUPLICATE_DHASH,False,False,3.0
train/Grade 4/122_jpg.rf.20a79ac023fba59f87d54e30be987123.jpg,train,Grade 4,train/Grade 4/122_jpg.rf.b4d8ab092660e6a4c03e61cd7f377f20.jpg,train,Grade 4,NEAR_DUPLICATE_DHASH,False,False,0.0
train/Grade 1/182_jpg.rf.a4c8f62920b1295e124aea3e182043d4.jpg,train,Grade 1,train/Grade 1/182_jpg.rf.e5803e2b32e45de487d275fbb26c597f.jpg,train,Grade 1,NEAR_DUPLICATE_DHASH,False,False,1.0
train/Grade 4/331_jpg.rf.9ee47d09cbb4be83bb99a75b30e427c1.jpg,train,Grade 4,train/Grade 4/331_jpg.rf.ba6e55658173290b2d218a1838f9b600.jpg,train,Grade 4,NEAR_DUPLICATE_DHASH,False,False,0.0
train/Grade 1/185_jpg.rf.0d24bbbcfc0ab87b0818c16ac84acef3.jpg,train,Grade 1,train/Grade 1/185_jpg.rf.d265641bb06364c7ef3cbfcc7fef8fbd.jpg,train,Grade 1,NEAR_DUPLICATE_DHASH,False,False,1.0
train/Grade 1/185_jpg.rf.d99d63cb12f0c4edb789f233b6447220.jpg,train,Grade 1,train/Grade 1/185_jpg.rf.e9254460a14750255dec53add1cb14c6.jpg,train,Grade 1,NEAR_DUPLICATE_DHASH,False,False,0.0
train/Grade 1/186_jpg.rf.15971791129cf4d4d16777ede0729970.jpg,train,Grade 1,train/Grade 1/186_jpg.rf.231692f7c2f70cc37ee43142d24a3e8c.jpg,train,Grade 1,NEAR_DUPLICATE_DHASH,False,False,1.0
train/Grade 1/186_jpg.rf.15971791129cf4d4d16777ede0729970.jpg,train,Grade 1,train/Grade 1/186_jpg.rf.883efacf72183610ef8363a46e05cd47.jpg,train,Grade 1,NEAR_DUPLICATE_DHASH,False,False,1.0
train/Grade 1/186_jpg.rf.231692f7c2f70cc37ee43142d24a3e8c.jpg,train,Grade 1,train/Grade 1/186_jpg.rf.883efacf72183610ef8363a46e05cd47.jpg,train,Grade 1,NEAR_DUPLICATE_DHASH,False,False,0.0
train/Grade 2/4_png.rf.d968381241b6bf516d8a1c1aa53d5e93.jpg,train,Grade 2,train/Grade 2/9_jpg.rf.ec3530d39a4a1898992ffb56c68fcb48.jpg,train,Grade 2,NEAR_DUPLICATE_DHASH,False,False,0.0
train/Grade 2/images-14-_jpg.rf.a9d341e8f35018c9a00eef0cb8edae51.jpg,train,Grade 2,train/Grade 2/images-14-_jpg.rf.e011ff6596588d19a7489ecee7caefc6.jpg,train,Grade 2,NEAR_DUPLICATE_DHASH,False,False,3.0
train/Grade 1/309_jpg.rf.83edbfa6f85f6f539fad925aff56410a.jpg,train,Grade 1,train/Grade 3/148_jpg.rf.64bbe378081c2844c240913f642a2048.jpg,train,Grade 3,NEAR_DUPLICATE_DHASH,False,True,3.0
train/Grade 3/148_jpg.rf.048b1a9c0eaeed7c0ebea5fba3fc00ad.jpg,train,Grade 3,train/Grade 3/148_jpg.rf.6ccb2cdd9c943056a3adc6752a2ea154.jpg,train,Grade 3,NEAR_DUPLICATE_DHASH,False,False,1.0
train/Grade 3/148_jpg.rf.64bbe378081c2844c240913f642a2048.jpg,train,Grade 3,train/Grade 3/148_jpg.rf.6ccb2cdd9c943056a3adc6752a2ea154.jpg,train,Grade 3,NEAR_DUPLICATE_DHASH,False,False,4.0
train/Grade 3/51759656_378276979636564_4642156840002519040_n_jpg.rf.757a9767ec4de013f5d13147345e1800.jpg,train,Grade 3,train/Grade 3/51759656_378276979636564_4642156840002519040_n_jpg.rf.bf37d902ba40802c35c9a45216483310.jpg,train,Grade 3,NEAR_DUPLICATE_DHASH,False,False,3.0
train/Grade 1/301764_jpg.rf.07bf1ef111b5fc145c261b79c096af02.jpg,train,Grade 1,train/Grade 1/301764_jpg.rf.788469220318dc053d8f6094fedb53e3.jpg,train,Grade 1,NEAR_DUPLICATE_DHASH,False,False,2.0
train/Grade 2/5_png.rf.25e3ada9c60a130d18a1e44d04d0eef4.jpg,train,Grade 2,train/Grade 3/5_jpg.rf.1df9339e61f01999ccd962d706dd093b.jpg,train,Grade 3,NEAR_DUPLICATE_DHASH,False,True,0.0
train/Grade 2/5_png.rf.25e3ada9c60a130d18a1e44d04d0eef4.jpg,train,Grade 2,train/Grade 3/5_jpg.rf.711c6d4a6d5f2ba34d3b6af6b8175bc6.jpg,train,Grade 3,NEAR_DUPLICATE_DHASH,False,True,0.0
train/Grade 2/5_png.rf.25e3ada9c60a130d18a1e44d04d0eef4.jpg,train,Grade 2,train/Grade 3/5_jpg.rf.aa836ca5016fe5da82916e503f52cb7e.jpg,train,Grade 3,NEAR_DUPLICATE_DHASH,False,True,0.0
train/Grade 3/5_jpg.rf.1df9339e61f01999ccd962d706dd093b.jpg,train,Grade 3,train/Grade 3/5_jpg.rf.711c6d4a6d5f2ba34d3b6af6b8175bc6.jpg,train,Grade 3,NEAR_DUPLICATE_DHASH,False,False,0.0
train/Grade 3/5_jpg.rf.1df9339e61f01999ccd962d706dd093b.jpg,train,Grade 3,train/Grade 3/5_jpg.rf.aa836ca5016fe5da82916e503f52cb7e.jpg,train,Grade 3,NEAR_DUPLICATE_DHASH,False,False,0.0
train/Grade 3/5_jpg.rf.711c6d4a6d5f2ba34d3b6af6b8175bc6.jpg,train,Grade 3,train/Grade 3/5_jpg.rf.aa836ca5016fe5da82916e503f52cb7e.jpg,train,Grade 3,NEAR_DUPLICATE_DHASH,False,False,0.0
train/Grade 1/321_jpg.rf.4d600924b77a6213c2a5705e31a04fcc.jpg,train,Grade 1,train/Grade 3/353_jpg.rf.86bec20160710eee796bad902056a877.jpg,train,Grade 3,NEAR_DUPLICATE_DHASH,False,True,4.0
train/Grade 3/353_jpg.rf.20f41826bbe6899ce41237ed69f842de.jpg,train,Grade 3,train/Grade 3/353_jpg.rf.86bec20160710eee796bad902056a877.jpg,train,Grade 3,NEAR_DUPLICATE_DHASH,False,False,1.0
train/Grade 3/451_jpg.rf.876f609ab13f50b8067b04105d857fbb.jpg,train,Grade 3,train/Grade 3/451_jpg.rf.cc59ea87bc79085c044d375e46ccdb57.jpg,train,Grade 3,NEAR_DUPLICATE_DHASH,False,False,1.0
train/Grade 4/315_jpg.rf.135b8fb21c9d0327bde35b787c24df52.jpg,train,Grade 4,train/Grade 4/315_jpg.rf.c96a1c68c6ae46d4de1f48ba94df0080.jpg,train,Grade 4,NEAR_DUPLICATE_DHASH,False,False,0.0
train/Grade 4/365_jpg.rf.5de145eb70bd06b331aa0d173eaef79d.jpg,train,Grade 4,train/Grade 4/365_jpg.rf.6b9acab8dfb7625f1ccb5f9521a593bd.jpg,train,Grade 4,NEAR_DUPLICATE_DHASH,False,False,0.0
train/Grade 1/225_jpg.rf.00e0f60f83c66323b49916cd3cf77890.jpg,train,Grade 1,train/Grade 1/225_jpg.rf.c0a861c6542f00c83d8ad0349bd70c75.jpg,train,Grade 1,NEAR_DUPLICATE_DHASH,False,False,0.0
train/Grade 1/225_jpg.rf.0d21955e8d57e251fe31beaedc467911.jpg,train,Grade 1,train/Grade 1/225_jpg.rf.c3c035c65082622ab8b76936adf71b98.jpg,train,Grade 1,NEAR_DUPLICATE_DHASH,False,False,1.0
train/Grade 3/301176_jpg.rf.0332c643d6467cf6060ee16cc8029c69.jpg,train,Grade 3,train/Grade 3/301176_jpg.rf.e836abefeaff78e6e201100688ae9a74.jpg,train,Grade 3,NEAR_DUPLICATE_DHASH,False,False,2.0
train/Grade 3/301808_jpg.rf.676634b831d080aef87c572b54d25732.jpg,train,Grade 3,train/Grade 3/301808_jpg.rf.997ba22cfda00287e5826000104abedd.jpg,train,Grade 3,NEAR_DUPLICATE_DHASH,False,False,3.0
train/Grade 3/305807_jpg.rf.3231a9dc192fbd043e8f69d41a728973.jpg,train,Grade 3,train/Grade 3/305807_jpg.rf.ddeb0bc233f97105f86b633501def0a8.jpg,train,Grade 3,NEAR_DUPLICATE_DHASH,False,False,2.0
train/Grade 1/232_jpg.rf.71a46e55d84010428260cfa8f2dcbcef.jpg,train,Grade 1,train/Grade 1/232_jpg.rf.73d74d25c59e99c621b2ed30ce55c5d1.jpg,train,Grade 1,NEAR_DUPLICATE_DHASH,False,False,0.0
train/Grade 1/232_jpg.rf.89edb2687f2cc932d412158bce12b527.jpg,train,Grade 1,train/Grade 1/232_jpg.rf.d4b8982220913d479ee78566b9cca7f9.jpg,train,Grade 1,NEAR_DUPLICATE_DHASH,False,False,0.0
train/Grade 2/302552_jpg.rf.2def8285ced92e2b57f8c46227eb7c28.jpg,train,Grade 2,train/Grade 2/302552_jpg.rf.aecce4d373275124c320778b80c9f3bd.jpg,train,Grade 2,NEAR_DUPLICATE_DHASH,False,False,2.0
train/Grade 2/501500_jpg.rf.6ddefc54863d62c0b0077456cb2cde81.jpg,train,Grade 2,train/Grade 2/501500_jpg.rf.e4cb52bcfd37648500fd1dc5124e8168.jpg,train,Grade 2,NEAR_DUPLICATE_DHASH,False,False,1.0
train/Grade 4/301530_jpg.rf.ea1ae11feec2d1d13c52dd5d4dfa4d54.jpg,train,Grade 4,train/Grade 4/301530_jpg.rf.fe204b1fc096606ed104a9689fa7e83e.jpg,train,Grade 4,NEAR_DUPLICATE_DHASH,False,False,0.0
train/Grade 1/236_jpg.rf.0ad5187b67c5e146f70df577182c8dc8.jpg,train,Grade 1,train/Grade 1/236_jpg.rf.876ac66e38acf99bc093e0d68aa0aa88.jpg,train,Grade 1,NEAR_DUPLICATE_DHASH,False,False,0.0
train/Grade 4/-a-a-_jpg.rf.3549a70cad32bfbda438f7787a12645f.jpg,train,Grade 4,train/Grade 4/-a-a-_jpg.rf.6d56c379d8151da02dab20b1e6f09ef3.jpg,train,Grade 4,NEAR_DUPLICATE_DHASH,False,False,1.0
train/Grade 1/238_jpg.rf.17c5b7c77c44e02446872ade6152aa78.jpg,train,Grade 1,train/Grade 1/238_jpg.rf.86a1133786c8e37a6f5ec66579cc401e.jpg,train,Grade 1,NEAR_DUPLICATE_DHASH,False,False,0.0
train/Grade 1/238_jpg.rf.17c5b7c77c44e02446872ade6152aa78.jpg,train,Grade 1,train/Grade 1/238_jpg.rf.e527f7b6e2d56685aa1994e50ca05ccd.jpg,train,Grade 1,NEAR_DUPLICATE_DHASH,False,False,0.0
train/Grade 1/238_jpg.rf.86a1133786c8e37a6f5ec66579cc401e.jpg,train,Grade 1,train/Grade 1/238_jpg.rf.e527f7b6e2d56685aa1994e50ca05ccd.jpg,train,Grade 1,NEAR_DUPLICATE_DHASH,False,False,0.0
train/Grade 4/376_jpg.rf.4835f027afa7be2466a1b858db25e7d6.jpg,train,Grade 4,train/Grade 4/376_jpg.rf.d4a1f09c67d29b6ebb7eb27a8bc0a85a.jpg,train,Grade 4,NEAR_DUPLICATE_DHASH,False,False,2.0
train/Grade 2/302800_jpg.rf.57adb2ae4012c9390cabe53c8f4d937a.jpg,train,Grade 2,train/Grade 2/302800_jpg.rf.7943c38be0ff790b331df589a34b3446.jpg,train,Grade 2,NEAR_DUPLICATE_DHASH,False,False,0.0
train/Grade 2/212_jpg.rf.b49702e348859d8de8122d182911dd92.jpg,train,Grade 2,train/Grade 2/212_jpg.rf.f5c6f93fc430e6eb9a2d259f8d5b11cd.jpg,train,Grade 2,NEAR_DUPLICATE_DHASH,False,False,0.0
train/Grade 2/303449_jpg.rf.3d5bbea35364d1b9b70d20b1920b34af.jpg,train,Grade 2,train/Grade 2/303449_jpg.rf.6e8681844a4dfd211fc8fda711c32052.jpg,train,Grade 2,NEAR_DUPLICATE_DHASH,False,False,0.0
train/Grade 4/49_jpg.rf.99d8780a002cb48bf1125d268fc251f0.jpg,train,Grade 4,train/Grade 4/49_jpg.rf.d15b65bfc3ce83d251334fe8e04ddd40.jpg,train,Grade 4,NEAR_DUPLICATE_DHASH,False,False,1.0
train/Grade 1/240_jpg.rf.3b270d908c16d61d920384e3e9f8063a.jpg,train,Grade 1,train/Grade 1/240_jpg.rf.e6770a6077c92771623d4e67ede1a8d8.jpg,train,Grade 1,NEAR_DUPLICATE_DHASH,False,False,0.0
train/Grade 1/302195_jpg.rf.5c9311a2caebedf736c1c6cf3ae95825.jpg,train,Grade 1,train/Grade 1/302195_jpg.rf.8549d55468c648444762d3d0a8bb722b.jpg,train,Grade 1,NEAR_DUPLICATE_DHASH,False,False,4.0
train/Grade 1/306058_jpg.rf.0e9b4885e6957ecbc0aeee56b107b547.jpg,train,Grade 1,train/Grade 1/306058_jpg.rf.58ff3d5c27c48c7d2ca3247abfa7ea56.jpg,train,Grade 1,NEAR_DUPLICATE_DHASH,False,False,3.0
train/Grade 2/302800_jpg.rf.3af9b362a3d560a2221d564d1a5c71b5.jpg,train,Grade 2,train/Grade 2/302800_jpg.rf.7693dc87a2ab4cb2cd2bf94fafa7ff4b.jpg,train,Grade 2,NEAR_DUPLICATE_DHASH,False,False,3.0
train/Grade 3/304247_jpg.rf.3506428ae4690b820d4049c6e7262685.jpg,train,Grade 3,train/Grade 3/304247_jpg.rf.532fc6bebb57edfc4a809af44c2f3590.jpg,train,Grade 3,NEAR_DUPLICATE_DHASH,False,False,1.0
train/Grade 3/305263_jpg.rf.936e1f45daf24642337d52c7d933db07.jpg,train,Grade 3,train/Grade 3/305263_jpg.rf.b85e595f4fa4ced91ef92670a0674a5e.jpg,train,Grade 3,NEAR_DUPLICATE_DHASH,False,False,3.0
train/Grade 3/305263_jpg.rf.936e1f45daf24642337d52c7d933db07.jpg,train,Grade 3,train/Grade 3/305263_jpg.rf.e2682def35071d4d1fda172f4d52c1c6.jpg,train,Grade 3,NEAR_DUPLICATE_DHASH,False,False,0.0
train/Grade 3/305263_jpg.rf.b85e595f4fa4ced91ef92670a0674a5e.jpg,train,Grade 3,train/Grade 3/305263_jpg.rf.e2682def35071d4d1fda172f4d52c1c6.jpg,train,Grade 3,NEAR_DUPLICATE_DHASH,False,False,3.0
train/Grade 4/306_jpg.rf.545cf6dfc4bfd0aee0aaa0b6441e4331.jpg,train,Grade 4,train/Grade 4/306_jpg.rf.cfcde14b7720daa4738d70c352964196.jpg,train,Grade 4,NEAR_DUPLICATE_DHASH,False,False,1.0
train/Grade 4/52454283_618567861935423_5966922438548652032_n_jpg.rf.0ec847746e4fe96c1bd1e3e5aef18667.jpg,train,Grade 4,train/Grade 4/52454283_618567861935423_5966922438548652032_n_jpg.rf.c0312bbe82b98e3a9b5da8557985ea4c.jpg,train,Grade 4,NEAR_DUPLICATE_DHASH,False,False,0.0
train/Grade 2/305118_jpg.rf.41cd2d1a756cccf2e4910a5316b91eab.jpg,train,Grade 2,train/Grade 2/305118_jpg.rf.a7899f9140957aea136068f143eaf0ef.jpg,train,Grade 2,NEAR_DUPLICATE_DHASH,False,False,0.0
train/Grade 4/235_jpg.rf.a19f914d452187bb7a29533982fe23fe.jpg,train,Grade 4,train/Grade 4/235_jpg.rf.c71ada4dc6b63bb70b53fa6259b1e07f.jpg,train,Grade 4,NEAR_DUPLICATE_DHASH,False,False,1.0
train/Grade 4/302938_jpg.rf.20ef7e75264ccde3ef3b36ead4c74ce8.jpg,train,Grade 4,train/Grade 4/302938_jpg.rf.2aa41ec9f0ee4d1008c45462fb735e30.jpg,train,Grade 4,NEAR_DUPLICATE_DHASH,False,False,2.0
train/Grade 4/302938_jpg.rf.20ef7e75264ccde3ef3b36ead4c74ce8.jpg,train,Grade 4,train/Grade 4/302938_jpg.rf.3ce7a92fd13235aea2c171fb85e25e48.jpg,train,Grade 4,NEAR_DUPLICATE_DHASH,False,False,0.0
train/Grade 4/302938_jpg.rf.2aa41ec9f0ee4d1008c45462fb735e30.jpg,train,Grade 4,train/Grade 4/302938_jpg.rf.3ce7a92fd13235aea2c171fb85e25e48.jpg,train,Grade 4,NEAR_DUPLICATE_DHASH,False,False,2.0
train/Grade 3/306116_jpg.rf.5b666b744e6cafc262c261ba1aacdbb6.jpg,train,Grade 3,train/Grade 3/306116_jpg.rf.a2d1e89a76431d3bf0d37e1f613fb7ca.jpg,train,Grade 3,NEAR_DUPLICATE_DHASH,False,False,4.0
train/Grade 2/302927_jpg.rf.9ff2283044bbd06427c1482850234703.jpg,train,Grade 2,train/Grade 2/302927_jpg.rf.a2688e759e01d517ae84cd8c33c4e8c7.jpg,train,Grade 2,NEAR_DUPLICATE_DHASH,False,False,0.0
train/Grade 3/301961_jpg.rf.4eb5db45ec10fcc3f12f9847d44368d2.jpg,train,Grade 3,train/Grade 3/301961_jpg.rf.684697af69a11d6819ee85472885be70.jpg,train,Grade 3,NEAR_DUPLICATE_DHASH,False,False,0.0
train/Grade 1/267_jpg.rf.7c7508c122fe8b0bcdc1968902ffd9f2.jpg,train,Grade 1,train/Grade 1/267_jpg.rf.967aa08863e879a4d1e6e34b65a25081.jpg,train,Grade 1,NEAR_DUPLICATE_DHASH,False,False,3.0
train/Grade 1/267_jpg.rf.7c7508c122fe8b0bcdc1968902ffd9f2.jpg,train,Grade 1,train/Grade 1/267_jpg.rf.b011347af3e9fcbe731e08dd42646e82.jpg,train,Grade 1,NEAR_DUPLICATE_DHASH,False,False,3.0
train/Grade 1/267_jpg.rf.967aa08863e879a4d1e6e34b65a25081.jpg,train,Grade 1,train/Grade 1/267_jpg.rf.b011347af3e9fcbe731e08dd42646e82.jpg,train,Grade 1,NEAR_DUPLICATE_DHASH,False,False,2.0
train/Grade 1/301746_jpg.rf.5f3a29c58955af53c3a95fddebc7185b.jpg,train,Grade 1,train/Grade 1/301746_jpg.rf.a14ee6da59618d8d1a3b43ec8b6ddae6.jpg,train,Grade 1,NEAR_DUPLICATE_DHASH,False,False,2.0
train/Grade 1/303516_jpg.rf.8a0ac8914e1db62f139cd1cbcffa9501.jpg,train,Grade 1,train/Grade 1/303516_jpg.rf.daf2800551ca8ef974b91cee5c7bac8a.jpg,train,Grade 1,NEAR_DUPLICATE_DHASH,False,False,0.0
train/Grade 1/306041_jpg.rf.060abf0c170dd46a5150cfea634cda62.jpg,train,Grade 1,train/Grade 1/306041_jpg.rf.e096e3d20d23be22653ad1b196381300.jpg,train,Grade 1,NEAR_DUPLICATE_DHASH,False,False,2.0
train/Grade 2/258_jpg.rf.03b379e9229b1ffc7fb42b6a9a9d0c9b.jpg,train,Grade 2,train/Grade 2/258_jpg.rf.11788f5e59f69398f67a9dd4fa7d276b.jpg,train,Grade 2,NEAR_DUPLICATE_DHASH,False,False,0.0
train/Grade 1/282_jpg.rf.79e9e4cfd2cbf888d3192d4344dfc2de.jpg,train,Grade 1,train/Grade 1/282_jpg.rf.8894bd80c40ce769e30a555889a21155.jpg,train,Grade 1,NEAR_DUPLICATE_DHASH,False,False,3.0
train/Grade 3/303536_jpg.rf.202b883ce424aa87e8d1b902f6a13f44.jpg,train,Grade 3,train/Grade 3/303536_jpg.rf.ec6681f29b0ea1c6b9039c5f9ede652f.jpg,train,Grade 3,NEAR_DUPLICATE_DHASH,False,False,4.0
train/Grade 1/282_jpg.rf.a4c479d182a3690e8e77b8d686904b97.jpg,train,Grade 1,train/Grade 1/282_jpg.rf.e11869ee2bcbd1a2acf1da1f932be8d9.jpg,train,Grade 1,NEAR_DUPLICATE_DHASH,False,False,1.0
train/Grade 3/3_jpg.rf.24ad7f2fae53c06992eb6d5198a81bba.jpg,train,Grade 3,train/Grade 3/3_jpg.rf.b6008e365fe8ca98919eeccaf52f89d0.jpg,train,Grade 3,NEAR_DUPLICATE_DHASH,False,False,2.0
train/Grade 1/301517_jpg.rf.46c1cc07ab8003a660d31a878a507796.jpg,train,Grade 1,train/Grade 1/301517_jpg.rf.d5b8345577a754211f0c0a320024a594.jpg,train,Grade 1,NEAR_DUPLICATE_DHASH,False,False,0.0
train/Grade 1/302770_jpg.rf.97887b7df29ef0423f177edf05b3be8b.jpg,train,Grade 1,train/Grade 1/302770_jpg.rf.b7c390666d3803f31e154617b3661e0b.jpg,train,Grade 1,NEAR_DUPLICATE_DHASH,False,False,3.0
train/Grade 2/303650_jpg.rf.543f9ccea9b85c12b2135813c13cd928.jpg,train,Grade 2,train/Grade 2/303650_jpg.rf.5b0bfdf37bd4583e8fe6958744e9c652.jpg,train,Grade 2,NEAR_DUPLICATE_DHASH,False,False,2.0
train/Grade 1/301001_jpg.rf.26f54d9a0e24b5499ae805c136a1c036.jpg,train,Grade 1,train/Grade 1/301001_jpg.rf.8d7ec511204e51ce5e61f08bec1fde02.jpg,train,Grade 1,NEAR_DUPLICATE_DHASH,False,False,1.0
train/Grade 2/301937_jpg.rf.3b88a6e889733f8ea7be3dd52a5aab98.jpg,train,Grade 2,train/Grade 2/301937_jpg.rf.92a074c1680015861e6d7e8b972cc46f.jpg,train,Grade 2,NEAR_DUPLICATE_DHASH,False,False,1.0
train/Grade 2/301937_jpg.rf.3b88a6e889733f8ea7be3dd52a5aab98.jpg,train,Grade 2,train/Grade 2/301937_jpg.rf.d2c6ab18734f4f508115034000d39e2e.jpg,train,Grade 2,NEAR_DUPLICATE_DHASH,False,False,2.0
train/Grade 2/301937_jpg.rf.92a074c1680015861e6d7e8b972cc46f.jpg,train,Grade 2,train/Grade 2/301937_jpg.rf.d2c6ab18734f4f508115034000d39e2e.jpg,train,Grade 2,NEAR_DUPLICATE_DHASH,False,False,1.0
train/Grade 2/305211_jpg.rf.800b89a82b999a30e3c881a8072b8fe2.jpg,train,Grade 2,train/Grade 2/305211_jpg.rf.b187b896b97e20bc0e05e3bc79b5d096.jpg,train,Grade 2,NEAR_DUPLICATE_DHASH,False,False,0.0
train/Grade 3/305059_jpg.rf.7b90baa890a90f79ea743f0a610b2a90.jpg,train,Grade 3,train/Grade 3/305059_jpg.rf.cff38b87ae8a4c120728c8e2a3568041.jpg,train,Grade 3,NEAR_DUPLICATE_DHASH,False,False,3.0
train/Grade 1/301205_jpg.rf.70e0c2f972776e500d3d791307a4eaa7.jpg,train,Grade 1,train/Grade 1/301205_jpg.rf.72f82f46c8970a797798743334f4f308.jpg,train,Grade 1,NEAR_DUPLICATE_DHASH,False,False,0.0
train/Grade 3/51794288_362004674390520_3430611793469243392_n_jpg.rf.30a76acee4c7298bfe43679c195f3e23.jpg,train,Grade 3,train/Grade 3/51794288_362004674390520_3430611793469243392_n_jpg.rf.83c107ab3fe1ed65d534a26be0cee255.jpg,train,Grade 3,NEAR_DUPLICATE_DHASH,False,False,2.0
train/Grade 2/52696033_298924264128196_4032774948626890752_n-1-_jpg.rf.273b108a815e53a355b92c9153f8c68f.jpg,train,Grade 2,train/Grade 2/52696033_298924264128196_4032774948626890752_n-1-_jpg.rf.c312330c19561ad008d7e6d20f4ff440.jpg,train,Grade 2,NEAR_DUPLICATE_DHASH,False,False,2.0
train/Grade 3/51847193_1198079097034739_7666106518407741440_n_jpg.rf.82c14e0942114ba01e4fc2496ff07693.jpg,train,Grade 3,train/Grade 3/51847193_1198079097034739_7666106518407741440_n_jpg.rf.cec87add3b4f80e348802dafef666e25.jpg,train,Grade 3,NEAR_DUPLICATE_DHASH,False,False,0.0
train/Grade 4/305_jpg.rf.57d485e0c2ad38177fd2577b431db0dc.jpg,train,Grade 4,train/Grade 4/305_jpg.rf.aa7988665825f275b319af7a2411427b.jpg,train,Grade 4,NEAR_DUPLICATE_DHASH,False,False,0.0
train/Grade 1/301123_jpg.rf.405c5404df8aac00ae456d558f8dda42.jpg,train,Grade 1,train/Grade 1/301123_jpg.rf.a6b689924104971c659e5847a7f2799e.jpg,train,Grade 1,NEAR_DUPLICATE_DHASH,False,False,1.0
train/Grade 1/301197_jpg.rf.3c941cf07fa32535a08baaed3b16f950.jpg,train,Grade 1,train/Grade 1/301197_jpg.rf.caaa35ae038b32d7b9ef97f4038ddfd9.jpg,train,Grade 1,NEAR_DUPLICATE_DHASH,False,False,0.0
train/Grade 1/301398_jpg.rf.de967c1f7e5f9656bcd41167917b59ca.jpg,train,Grade 1,train/Grade 1/301398_jpg.rf.f448dc9d44718e5064249b67c1df507e.jpg,train,Grade 1,NEAR_DUPLICATE_DHASH,False,False,1.0
train/Grade 1/301717_jpg.rf.c7665065fa33e2855c2c12763b9be75a.jpg,train,Grade 1,train/Grade 1/images-3-_jpg.rf.8cc104abc10878be0c6353e9bd8ff048.jpg,train,Grade 1,NEAR_DUPLICATE_DHASH,False,False,4.0
train/Grade 1/301717_jpg.rf.c7665065fa33e2855c2c12763b9be75a.jpg,train,Grade 1,train/Grade 1/tungiasis-3_jpg.rf.f48511b2053d85fa4a219ab6b96443bb.jpg,train,Grade 1,NEAR_DUPLICATE_DHASH,False,False,4.0
train/Grade 1/302743_jpg.rf.229a94714b6e2a803f97ff747fcc2a3d.jpg,train,Grade 1,train/Grade 1/302743_jpg.rf.9b29697f8bd475b0182074573cfae5f5.jpg,train,Grade 1,NEAR_DUPLICATE_DHASH,False,False,0.0
train/Grade 1/305577_jpg.rf.c5926d13bbb705520ea01fdf950613eb.jpg,train,Grade 1,train/Grade 1/305577_jpg.rf.d73632aa7f64025050f25985528d76f9.jpg,train,Grade 1,NEAR_DUPLICATE_DHASH,False,False,0.0
train/Grade 1/30_jpg.rf.0d168de91098485e388459914f82a28f.jpg,train,Grade 1,train/Grade 1/30_jpg.rf.6c18b3e15bd0c2946cd96d5be4dc07e2.jpg,train,Grade 1,NEAR_DUPLICATE_DHASH,False,False,0.0
train/Grade 1/tungiasis-3_jpg.rf.4c466b5d59409fe702602514d29e2b00.jpg,train,Grade 1,train/Grade 1/tungiasis-3_jpg.rf.f48511b2053d85fa4a219ab6b96443bb.jpg,train,Grade 1,NEAR_DUPLICATE_DHASH,False,False,2.0
train/Grade 2/301735_jpg.rf.4bcd04f7390dbbd1d10c2cc5e8e63c87.jpg,train,Grade 2,train/Grade 2/301735_jpg.rf.5c125101348b9f580046bbd76a205e40.jpg,train,Grade 2,NEAR_DUPLICATE_DHASH,False,False,3.0
train/Grade 2/304217_jpg.rf.cb3ee9c8b75737032dde6bfef1b6ce50.jpg,train,Grade 2,train/Grade 2/304217_jpg.rf.edab06c1552024852e2452d0426ed83d.jpg,train,Grade 2,NEAR_DUPLICATE_DHASH,False,False,1.0
train/Grade 3/302869_jpg.rf.421ef94cf5cfc49fbf00752f15e241b3.jpg,train,Grade 3,train/Grade 3/302869_jpg.rf.e4254284f414190cea84d8d31dbdb13b.jpg,train,Grade 3,NEAR_DUPLICATE_DHASH,False,False,2.0
train/Grade 4/14_jpg.rf.6c9c261f654a50f9e5015202759fcfb3.jpg,train,Grade 4,train/Grade 4/14_jpg.rf.eb3f6064c469233fdacf3718c79a5fcc.jpg,train,Grade 4,NEAR_DUPLICATE_DHASH,False,False,1.0
train/Grade 4/163_jpg.rf.25a4311bc69dd49ec3784707d9e9c8c4.jpg,train,Grade 4,train/Grade 4/163_jpg.rf.eef12c89a91b061141b63ba61954203b.jpg,train,Grade 4,NEAR_DUPLICATE_DHASH,False,False,2.0
train/Grade 1/64_jpg.rf.b89acb462864da5041cb7de9afbb1017.jpg,train,Grade 1,train/Grade 1/64_jpg.rf.c9077ad5cdac16c66feae9c73aa4e51f.jpg,train,Grade 1,NEAR_DUPLICATE_DHASH,False,False,3.0
train/Grade 4/302715_jpg.rf.d3a49d902c490066a1ae7d96ae5d11b4.jpg,train,Grade 4,train/Grade 4/302715_jpg.rf.dcdb540bd20179a80c1db3cb0c8eb78d.jpg,train,Grade 4,NEAR_DUPLICATE_DHASH,False,False,0.0
train/Grade 1/305384_jpg.rf.f14176a9f7938d1232c2ce79300403a5.jpg,train,Grade 1,train/Grade 2/305709_jpg.rf.78f659bf1c932012b547128db2c9f1b8.jpg,train,Grade 2,NEAR_DUPLICATE_DHASH,False,True,4.0
train/Grade 2/305709_jpg.rf.607ba115d90ed204a65f7d42134d7758.jpg,train,Grade 2,train/Grade 2/305709_jpg.rf.78f659bf1c932012b547128db2c9f1b8.jpg,train,Grade 2,NEAR_DUPLICATE_DHASH,False,False,3.0
train/Grade 2/501502_jpg.rf.8685f1e7390ccca6e803e9059f2c1439.jpg,train,Grade 2,train/Grade 2/501502_jpg.rf.e4fb1166aada402db58458416e31be7a.jpg,train,Grade 2,NEAR_DUPLICATE_DHASH,False,False,2.0
train/Grade 4/302514_jpg.rf.ae85ab9280990c4a4d54919331e0110f.jpg,train,Grade 4,train/Grade 4/302514_jpg.rf.b3df3d30f08b0872902e16a32158bda9.jpg,train,Grade 4,NEAR_DUPLICATE_DHASH,False,False,4.0
train/Grade 4/303026_jpg.rf.23abc77a310a6d77d2bd58da9d91be78.jpg,train,Grade 4,train/Grade 4/303026_jpg.rf.b6354294fa65f606d91d8fb27f8838ac.jpg,train,Grade 4,NEAR_DUPLICATE_DHASH,False,False,3.0
train/Grade 2/images-26-_jpg.rf.3fa21294766eebe08aa30ac59ff7abfc.jpg,train,Grade 2,train/Grade 2/images-26-_jpg.rf.902845e77b919163ce7dd7ff63ef486e.jpg,train,Grade 2,NEAR_DUPLICATE_DHASH,False,False,1.0
train/Grade 4/20_jpg.rf.830c3ded17173f73100c2252a8208ff3.jpg,train,Grade 4,train/Grade 4/20_jpg.rf.e5cbc1d18aa154033ea25c542b26f7cf.jpg,train,Grade 4,NEAR_DUPLICATE_DHASH,False,False,1.0
train/Grade 2/302972_jpg.rf.5565cf1b5fe2c6f83990eb53ca076ef8.jpg,train,Grade 2,train/Grade 2/302972_jpg.rf.8768ff07daf75db322a2ebdac9c7bd73.jpg,train,Grade 2,NEAR_DUPLICATE_DHASH,False,False,0.0
train/Grade 2/303316_jpg.rf.3685e1d4ac5087478ddf948fb35f0d25.jpg,train,Grade 2,train/Grade 2/303316_jpg.rf.4354adbadf867e5cad925d5ad5189575.jpg,train,Grade 2,NEAR_DUPLICATE_DHASH,False,False,1.0
train/Grade 2/33_jpg.rf.b0b139743708bb6c544d3c308d651b21.jpg,train,Grade 2,train/Grade 2/33_jpg.rf.e8ae871d6d5f2fca2beff9133fb76fcd.jpg,train,Grade 2,NEAR_DUPLICATE_DHASH,False,False,1.0
train/Grade 3/306104_jpg.rf.65364df941c845a56454c70559502eee.jpg,train,Grade 3,train/Grade 3/306104_jpg.rf.7ecc042a3d5dd3486d835d3d918b5afa.jpg,train,Grade 3,NEAR_DUPLICATE_DHASH,False,False,0.0
train/Grade 4/445_jpg.rf.6eb4e684f719230f9370a3a87578a3a4.jpg,train,Grade 4,train/Grade 4/445_jpg.rf.afa7a0bb938920c75e4296ba716a5000.jpg,train,Grade 4,NEAR_DUPLICATE_DHASH,False,False,4.0
train/Grade 1/301187_jpg.rf.82cf743fbcb56e99c9b790543f07b7fa.jpg,train,Grade 1,train/Grade 1/301187_jpg.rf.f9b20f6543cb96019a6de94aa5c3eb9a.jpg,train,Grade 1,NEAR_DUPLICATE_DHASH,False,False,1.0
train/Grade 2/229_jpg.rf.637b1aca9668aca4a108fd56e73f5292.jpg,train,Grade 2,train/Grade 2/229_jpg.rf.6f71e0ae1adcb91b7209b94e7fc3b255.jpg,train,Grade 2,NEAR_DUPLICATE_DHASH,False,False,1.0
train/Grade 1/301197_jpg.rf.0816f411e69fb58ffe93c1c361dd1c4e.jpg,train,Grade 1,train/Grade 1/301197_jpg.rf.7ec2d9aedbf4b0771e5d7a3722b813d6.jpg,train,Grade 1,NEAR_DUPLICATE_DHASH,False,False,0.0
train/Grade 1/303324_jpg.rf.01b2e0528e09738cabdb28c894d9d703.jpg,train,Grade 1,train/Grade 1/303324_jpg.rf.e682f4a09a02a58c2614b06a8e66e457.jpg,train,Grade 1,NEAR_DUPLICATE_DHASH,False,False,0.0
train/Grade 1/305478_jpg.rf.14f61ca1622e078eccaa6d570fb5b0f4.jpg,train,Grade 1,train/Grade 1/305478_jpg.rf.23218425d31a00e07dc250fe2bc96707.jpg,train,Grade 1,NEAR_DUPLICATE_DHASH,False,False,2.0
train/Grade 1/356_jpg.rf.d3d63d19143121b13bb4da8686e2acea.jpg,train,Grade 1,train/Grade 1/356_jpg.rf.f86f280ae83c5bd332e9e236bd96c2eb.jpg,train,Grade 1,NEAR_DUPLICATE_DHASH,False,False,0.0
train/Grade 2/9_jpg.rf.2acacae74078974f57b7d0245d5ec310.jpg,train,Grade 2,train/Grade 2/9_jpg.rf.a08786ccb6d485d1632126035ec749cf.jpg,train,Grade 2,NEAR_DUPLICATE_DHASH,False,False,4.0
train/Grade 3/304769_jpg.rf.ba96baadea371a4b69fe476407052f2c.jpg,train,Grade 3,train/Grade 3/304769_jpg.rf.ce42b8714103d023099617cf082d866b.jpg,train,Grade 3,NEAR_DUPLICATE_DHASH,False,False,1.0
train/Grade 4/121_jpg.rf.b0f4e6c93bef0b0242c9f88862a91528.jpg,train,Grade 4,train/Grade 4/121_jpg.rf.c834db482a9067eab46e50b8053c4eac.jpg,train,Grade 4,NEAR_DUPLICATE_DHASH,False,False,4.0
train/Grade 4/303202_jpg.rf.7cd84ec76cf4ce49fd668bc63183202f.jpg,train,Grade 4,train/Grade 4/303202_jpg.rf.9f0f53e6ba40bb0628954b17fa1d8379.jpg,train,Grade 4,NEAR_DUPLICATE_DHASH,False,False,0.0
train/Grade 4/303202_jpg.rf.7cd84ec76cf4ce49fd668bc63183202f.jpg,train,Grade 4,train/Grade 4/303202_jpg.rf.d6bfd8ca57e24a402832cf571cc80557.jpg,train,Grade 4,NEAR_DUPLICATE_DHASH,False,False,3.0
train/Grade 4/303202_jpg.rf.9f0f53e6ba40bb0628954b17fa1d8379.jpg,train,Grade 4,train/Grade 4/303202_jpg.rf.d6bfd8ca57e24a402832cf571cc80557.jpg,train,Grade 4,NEAR_DUPLICATE_DHASH,False,False,3.0
train/Grade 1/tungiasis-3_jpg.rf.47689ede6a4b8ffbd17de3316841b9e4.jpg,train,Grade 1,train/Grade 1/tungiasis-3_jpg.rf.6bdf1519b2f2b64fe86704edc21b5250.jpg,train,Grade 1,NEAR_DUPLICATE_DHASH,False,False,1.0
train/Grade 1/301199_jpg.rf.054b1f41c6a210b139274765b521ab4c.jpg,train,Grade 1,train/Grade 1/301199_jpg.rf.0f16f3f300bc0928b7209b533c31d8a0.jpg,train,Grade 1,NEAR_DUPLICATE_DHASH,False,False,2.0
train/Grade 1/301199_jpg.rf.0b3ff43155a4a048567896518b649b34.jpg,train,Grade 1,train/Grade 1/301199_jpg.rf.ca83171d72beda35f494ed6960624dda.jpg,train,Grade 1,NEAR_DUPLICATE_DHASH,False,False,0.0
train/Grade 2/6_jpg.rf.5c7a73b927fd7d9d8e521908c087bba0.jpg,train,Grade 2,train/Grade 2/6_jpg.rf.fa4e5f97fe7eaef1feff0cf8d7f049f2.jpg,train,Grade 2,NEAR_DUPLICATE_DHASH,False,False,1.0
train/Grade 1/302804_jpg.rf.023b0abdf524caefd61fea9710001e8d.jpg,train,Grade 1,train/Grade 1/302804_jpg.rf.88e96df380c3580740f75e12231949f4.jpg,train,Grade 1,NEAR_DUPLICATE_DHASH,False,False,2.0
train/Grade 1/302804_jpg.rf.023b0abdf524caefd61fea9710001e8d.jpg,train,Grade 1,train/Grade 1/302804_jpg.rf.9b3e0d9eb6436dab93a2dc70b6ff5cf6.jpg,train,Grade 1,NEAR_DUPLICATE_DHASH,False,False,4.0
train/Grade 1/302804_jpg.rf.023b0abdf524caefd61fea9710001e8d.jpg,train,Grade 1,train/Grade 1/302804_jpg.rf.dcf8c4efd9da595a9782b899c16ac391.jpg,train,Grade 1,NEAR_DUPLICATE_DHASH,False,False,4.0
train/Grade 1/302804_jpg.rf.9b3e0d9eb6436dab93a2dc70b6ff5cf6.jpg,train,Grade 1,train/Grade 1/302804_jpg.rf.dcf8c4efd9da595a9782b899c16ac391.jpg,train,Grade 1,NEAR_DUPLICATE_DHASH,False,False,0.0
train/Grade 2/305416_jpg.rf.e0e749c374fc7a9930823e4ab228cb40.jpg,train,Grade 2,train/Grade 2/305416_jpg.rf.f3148815a1b4d2e4cb0bae3c0695dd9c.jpg,train,Grade 2,NEAR_DUPLICATE_DHASH,False,False,4.0
train/Grade 4/501744_jpg.rf.0e39a1aad0f03ef41724e90777000677.jpg,train,Grade 4,train/Grade 4/501744_jpg.rf.36b8e10eba998f61c63852b40d253f72.jpg,train,Grade 4,NEAR_DUPLICATE_DHASH,False,False,0.0
train/Grade 2/303106_jpg.rf.3dd9006641b77763c958c709113d6858.jpg,train,Grade 2,train/Grade 2/303106_jpg.rf.6468e2aeb22655a40dc351a4ddb620bb.jpg,train,Grade 2,NEAR_DUPLICATE_DHASH,False,False,0.0
train/Grade 3/301584_jpg.rf.71d29249e2e58e62c8ae8d1a3be3747e.jpg,train,Grade 3,train/Grade 3/301584_jpg.rf.84776a519fca5dd3697f78a62f355d7e.jpg,train,Grade 3,NEAR_DUPLICATE_DHASH,False,False,1.0
train/Grade 1/301257_jpg.rf.229c1b477b9828e871e5bc59fe5f0879.jpg,train,Grade 1,train/Grade 1/301257_jpg.rf.cd0fad4135fe33f2ce227e1aed223e69.jpg,train,Grade 1,NEAR_DUPLICATE_DHASH,False,False,3.0
train/Grade 1/301257_jpg.rf.aec37dda3b6c5e6ce68c07eb9a75636e.jpg,train,Grade 1,train/Grade 1/301257_jpg.rf.d18c0fb6b9d04d117ea9e0cc9d2bc71c.jpg,train,Grade 1,NEAR_DUPLICATE_DHASH,False,False,2.0
train/Grade 1/302051_jpg.rf.376706654e75e6c3b6b85b037836336e.jpg,train,Grade 1,train/Grade 1/302051_jpg.rf.4b7cf332876e766bd0190041d28704ee.jpg,train,Grade 1,NEAR_DUPLICATE_DHASH,False,False,0.0
train/Grade 1/302051_jpg.rf.376706654e75e6c3b6b85b037836336e.jpg,train,Grade 1,train/Grade 1/302051_jpg.rf.6a5d737622324296e2776b15c0a089ca.jpg,train,Grade 1,NEAR_DUPLICATE_DHASH,False,False,1.0
train/Grade 1/302051_jpg.rf.4b7cf332876e766bd0190041d28704ee.jpg,train,Grade 1,train/Grade 1/302051_jpg.rf.6a5d737622324296e2776b15c0a089ca.jpg,train,Grade 1,NEAR_DUPLICATE_DHASH,False,False,1.0
train/Grade 1/303554_jpg.rf.07aed039845f465dfb6cc57f88640eac.jpg,train,Grade 1,train/Grade 1/303554_jpg.rf.e0b775a5c94931b1e6b3c0679e6deda5.jpg,train,Grade 1,NEAR_DUPLICATE_DHASH,False,False,1.0
train/Grade 2/7e88c7_71fd61f6ac3d48cab475dfa44ea94017_jpg.rf.df673be93d1c8928c7d42032b07bd9e0.jpg,train,Grade 2,train/Grade 2/images-12-_jpg.rf.1c7808d2141e55e8ef25141d2d3522c6.jpg,train,Grade 2,NEAR_DUPLICATE_DHASH,False,False,1.0
train/Grade 1/301764_jpg.rf.2ff32320875d13a7d78c2a7c1542849e.jpg,train,Grade 1,train/Grade 1/301764_jpg.rf.ba466762f7e1f06e67db85476c988e65.jpg,train,Grade 1,NEAR_DUPLICATE_DHASH,False,False,3.0
train/Grade 3/305053_jpg.rf.ea626c9517ea6ccfc592d5bf4913455d.jpg,train,Grade 3,train/Grade 3/305053_jpg.rf.ffe5ada1c20de4195989d7413c9d4435.jpg,train,Grade 3,NEAR_DUPLICATE_DHASH,False,False,3.0
train/Grade 2/301937_jpg.rf.303248d4b48defec7b056d695488339b.jpg,train,Grade 2,train/Grade 2/301937_jpg.rf.ae3ac6e6aa0c3e81b3724d8d003ce183.jpg,train,Grade 2,NEAR_DUPLICATE_DHASH,False,False,4.0
train/Grade 1/301312_jpg.rf.8bfa63b8bcf512f849954756481980b8.jpg,train,Grade 1,train/Grade 1/301312_jpg.rf.ad01b7c062386294da48d9fb86a222a5.jpg,train,Grade 1,NEAR_DUPLICATE_DHASH,False,False,1.0
train/Grade 3/301808_jpg.rf.60a0a4fab47a2873d8f898ded5f4502b.jpg,train,Grade 3,train/Grade 3/301808_jpg.rf.8a0ed4f11679b614f225bb2cc520e64d.jpg,train,Grade 3,NEAR_DUPLICATE_DHASH,False,False,1.0
train/Grade 3/301808_jpg.rf.60a0a4fab47a2873d8f898ded5f4502b.jpg,train,Grade 3,train/Grade 3/301808_jpg.rf.d2370b0fbbe9a1ee41b315b10547fc4e.jpg,train,Grade 3,NEAR_DUPLICATE_DHASH,False,False,0.0
train/Grade 3/301808_jpg.rf.8a0ed4f11679b614f225bb2cc520e64d.jpg,train,Grade 3,train/Grade 3/301808_jpg.rf.d2370b0fbbe9a1ee41b315b10547fc4e.jpg,train,Grade 3,NEAR_DUPLICATE_DHASH,False,False,1.0
train/Grade 3/303961_jpg.rf.13c4297c83d55b502c280f25a71ae403.jpg,train,Grade 3,train/Grade 3/303961_jpg.rf.567c30baa61e7419c12524a3ec87766c.jpg,train,Grade 3,NEAR_DUPLICATE_DHASH,False,False,3.0
train/Grade 3/303961_jpg.rf.13c4297c83d55b502c280f25a71ae403.jpg,train,Grade 3,train/Grade 3/303961_jpg.rf.eaa315527e70e0fe7baa51a04eadf29f.jpg,train,Grade 3,NEAR_DUPLICATE_DHASH,False,False,1.0
train/Grade 3/303961_jpg.rf.567c30baa61e7419c12524a3ec87766c.jpg,train,Grade 3,train/Grade 3/303961_jpg.rf.eaa315527e70e0fe7baa51a04eadf29f.jpg,train,Grade 3,NEAR_DUPLICATE_DHASH,False,False,2.0
train/Grade 4/306779_jpg.rf.1c957144c58609ae7abf0fa3349f404e.jpg,train,Grade 4,train/Grade 4/306779_jpg.rf.ff18230d1c44976144b34322dc763a11.jpg,train,Grade 4,NEAR_DUPLICATE_DHASH,False,False,2.0
train/Grade 1/301271_jpg.rf.0897e9a2ff0e5706defd6c922305b41c.jpg,train,Grade 1,train/Grade 1/301271_jpg.rf.692e0e02aee19cec1c16174f8903f4a4.jpg,train,Grade 1,NEAR_DUPLICATE_DHASH,False,False,2.0
train/Grade 4/501503_jpg.rf.26615b4bd0ed1e7d7cb8c3ddb94493cf.jpg,train,Grade 4,train/Grade 4/501503_jpg.rf.39d6eadf9f5862c610a31955092dae63.jpg,train,Grade 4,NEAR_DUPLICATE_DHASH,False,False,0.0
train/Grade 1/442_jpg.rf.420460afe04bb97c01826ea38b60365a.jpg,train,Grade 1,train/Grade 1/442_jpg.rf.63618e65f43d32386423b6109d01fbcb.jpg,train,Grade 1,NEAR_DUPLICATE_DHASH,False,False,0.0
train/Grade 3/28_jpg.rf.260e9e288894bb72d0337b9306a2c794.jpg,train,Grade 3,train/Grade 3/28_jpg.rf.dca2adfd368c8b81bc134046773509fc.jpg,train,Grade 3,NEAR_DUPLICATE_DHASH,False,False,0.0
train/Grade 1/301285_jpg.rf.88ad2dee553513b697ae019c01a6f0f0.jpg,train,Grade 1,train/Grade 1/301285_jpg.rf.f5663787369fc314aabee53770e16b33.jpg,train,Grade 1,NEAR_DUPLICATE_DHASH,False,False,2.0
train/Grade 1/301398_jpg.rf.1c9c2ee500018a5bf80e795add4e2e3d.jpg,train,Grade 1,train/Grade 1/301398_jpg.rf.d472475444947d3e73392d63a58d7059.jpg,train,Grade 1,NEAR_DUPLICATE_DHASH,False,False,4.0
train/Grade 1/356_jpg.rf.b2f4968a5da06acb79cdad406b795954.jpg,train,Grade 1,train/Grade 1/356_jpg.rf.cbcb9bbf93de3d767026e14aaf31117a.jpg,train,Grade 1,NEAR_DUPLICATE_DHASH,False,False,1.0
train/Grade 4/40202761_2200092363606091_776051438781464576_n-1-_jpg.rf.5ccc4f77a816b943e5e1ed2ac3a01421.jpg,train,Grade 4,train/Grade 4/40202761_2200092363606091_776051438781464576_n-1-_jpg.rf.8dd78f079bb04e8ef5125341dccf45f0.jpg,train,Grade 4,NEAR_DUPLICATE_DHASH,False,False,1.0
train/Grade 4/40202761_2200092363606091_776051438781464576_n-1-_jpg.rf.5ccc4f77a816b943e5e1ed2ac3a01421.jpg,train,Grade 4,train/Grade 4/40202761_2200092363606091_776051438781464576_n-1-_jpg.rf.bcbffaada8a7ee3a7d700849b8a9ce61.jpg,train,Grade 4,NEAR_DUPLICATE_DHASH,False,False,1.0
train/Grade 4/40202761_2200092363606091_776051438781464576_n-1-_jpg.rf.8dd78f079bb04e8ef5125341dccf45f0.jpg,train,Grade 4,train/Grade 4/40202761_2200092363606091_776051438781464576_n-1-_jpg.rf.bcbffaada8a7ee3a7d700849b8a9ce61.jpg,train,Grade 4,NEAR_DUPLICATE_DHASH,False,False,2.0
train/Grade 3/3849135830295494223_jpg.rf.0eb471eb0862778645cbdf37d6c702d3.jpg,train,Grade 3,train/Grade 3/3849135830295494223_jpg.rf.bc6b8df57a062d8764bd6f4c78be8e64.jpg,train,Grade 3,NEAR_DUPLICATE_DHASH,False,False,0.0
train/Grade 1/301290_jpg.rf.921fe84bf23b52f83ca2cdce70734f2d.jpg,train,Grade 1,train/Grade 1/301290_jpg.rf.e4e31b7a102f920e7491c89f61bc57c5.jpg,train,Grade 1,NEAR_DUPLICATE_DHASH,False,False,2.0
train/Grade 3/509_jpg.rf.1d2bdfe4bb88f7271e9c2f4eff6d1db3.jpg,train,Grade 3,train/Grade 3/509_jpg.rf.81550dcf271c0dba018b7c795868ca17.jpg,train,Grade 3,NEAR_DUPLICATE_DHASH,False,False,0.0
train/Grade 3/51793334_1180076592168559_694132724385972224_n_jpg.rf.3942b19cd49fedf0d14546c951160cab.jpg,train,Grade 3,train/Grade 3/51793334_1180076592168559_694132724385972224_n_jpg.rf.df8c8e02a6693cec28984f786e3d3a3a.jpg,train,Grade 3,NEAR_DUPLICATE_DHASH,False,False,0.0
train/Grade 3/51793334_1180076592168559_694132724385972224_n_jpg.rf.3942b19cd49fedf0d14546c951160cab.jpg,train,Grade 3,train/Grade 3/51793334_1180076592168559_694132724385972224_n_jpg.rf.dfceee3d9290b860b243318a67fb2c65.jpg,train,Grade 3,NEAR_DUPLICATE_DHASH,False,False,0.0
train/Grade 3/51793334_1180076592168559_694132724385972224_n_jpg.rf.df8c8e02a6693cec28984f786e3d3a3a.jpg,train,Grade 3,train/Grade 3/51793334_1180076592168559_694132724385972224_n_jpg.rf.dfceee3d9290b860b243318a67fb2c65.jpg,train,Grade 3,NEAR_DUPLICATE_DHASH,False,False,0.0
train/Grade 4/28_jpg.rf.1192ce9afb649ba670f0e0ab57013abc.jpg,train,Grade 4,train/Grade 4/28_jpg.rf.f10206becde04376c2fcf173aa1f35c5.jpg,train,Grade 4,NEAR_DUPLICATE_DHASH,False,False,3.0
train/Grade 4/431_jpg.rf.28f7a7382143352434ae1b2bef4515ef.jpg,train,Grade 4,train/Grade 4/431_jpg.rf.41c37fc3401c2b5e3c6f307aecc9e23f.jpg,train,Grade 4,NEAR_DUPLICATE_DHASH,False,False,0.0
train/Grade 4/4916270068439552632_jpg.rf.2f570154eb7775c76212c6c58e739db3.jpg,train,Grade 4,train/Grade 4/51828252_1926211384175067_24937331739852800_n_jpg.rf.c42d207ee49a4e7879422be81b89d788.jpg,train,Grade 4,NEAR_DUPLICATE_DHASH,False,False,1.0
train/Grade 1/301291_jpg.rf.bfbc62a0b630e46db5b089ea620c5a4e.jpg,train,Grade 1,train/Grade 1/301291_jpg.rf.d662805e89ad17d81f3cc51fa96d2d89.jpg,train,Grade 1,NEAR_DUPLICATE_DHASH,False,False,3.0
train/Grade 4/501544_jpg.rf.67054514cf994ad5f4788a220c087426.jpg,train,Grade 4,train/Grade 4/501544_jpg.rf.86b4cc9bd10f4a48d8e49a093f1f69b2.jpg,train,Grade 4,NEAR_DUPLICATE_DHASH,False,False,0.0
train/Grade 1/306082_jpg.rf.2f478b7153cc8c62d635bc34b3adf53d.jpg,train,Grade 1,train/Grade 1/306082_jpg.rf.b97abca8cbc920d7b683299af5da750a.jpg,train,Grade 1,NEAR_DUPLICATE_DHASH,False,False,3.0
train/Grade 2/303620_jpg.rf.2f0e6b9ad3e03538ac4a193cb9f49ec0.jpg,train,Grade 2,train/Grade 2/303620_jpg.rf.d876cd2789e095edf434970e0d04c0e1.jpg,train,Grade 2,NEAR_DUPLICATE_DHASH,False,False,1.0
train/Grade 3/302669_jpg.rf.08f397e140570ed0c03f4fbd1102074a.jpg,train,Grade 3,train/Grade 3/302669_jpg.rf.d142f6900c90f30c650b9f41620ba651.jpg,train,Grade 3,NEAR_DUPLICATE_DHASH,False,False,1.0
train/Grade 3/303770_jpg.rf.bd571af66e28dd3d2e324d6038d438b6.jpg,train,Grade 3,train/Grade 4/501642_jpg.rf.27d03cdcad130b1e11e155ea6088617f.jpg,train,Grade 4,NEAR_DUPLICATE_DHASH,False,True,4.0
train/Grade 3/304969_jpg.rf.019810b6ecb60e73292050cb02053dcd.jpg,train,Grade 3,train/Grade 3/304969_jpg.rf.0d3135005af5124ea8c7c60f666b4573.jpg,train,Grade 3,NEAR_DUPLICATE_DHASH,False,False,0.0
train/Grade 3/304969_jpg.rf.019810b6ecb60e73292050cb02053dcd.jpg,train,Grade 3,train/Grade 3/304969_jpg.rf.8ea8c5c509296a30ba279a50d764667d.jpg,train,Grade 3,NEAR_DUPLICATE_DHASH,False,False,0.0
train/Grade 3/304969_jpg.rf.0d3135005af5124ea8c7c60f666b4573.jpg,train,Grade 3,train/Grade 3/304969_jpg.rf.8ea8c5c509296a30ba279a50d764667d.jpg,train,Grade 3,NEAR_DUPLICATE_DHASH,False,False,0.0
train/Grade 3/305359_jpg.rf.a79e2229a06139ef1d8d6cb2ba4c25ce.jpg,train,Grade 3,train/Grade 3/305359_jpg.rf.ab60f7cc2af834cdbb9cbbbf6d301ea4.jpg,train,Grade 3,NEAR_DUPLICATE_DHASH,False,False,0.0
train/Grade 2/302047_jpg.rf.483bdc86c0a74e73e1460be4b77d607a.jpg,train,Grade 2,train/Grade 2/302047_jpg.rf.e603c4f598b80fc86cabbb35a742c3d6.jpg,train,Grade 2,NEAR_DUPLICATE_DHASH,False,False,3.0
train/Grade 3/310_jpg.rf.3f5f8c285ecc0df05bd0e045986b5c34.jpg,train,Grade 3,train/Grade 3/310_jpg.rf.84f24badf9f648ef48165957f87b97cc.jpg,train,Grade 3,NEAR_DUPLICATE_DHASH,False,False,0.0
train/Grade 1/301294_jpg.rf.7de82cd5271cd0596d95893cbcbfef89.jpg,train,Grade 1,train/Grade 1/301294_jpg.rf.a2816750ae22ddb399e3f6a1176fba46.jpg,train,Grade 1,NEAR_DUPLICATE_DHASH,False,False,2.0
train/Grade 3/305415_jpg.rf.39c32e41b7fd2f95fdf2b98b83bca15a.jpg,train,Grade 3,train/Grade 3/305415_jpg.rf.d9f478fc8373087af5fcaa9ffe15a636.jpg,train,Grade 3,NEAR_DUPLICATE_DHASH,False,False,0.0
train/Grade 4/302991_jpg.rf.8f2b7ed6f9ab849aed21edca238deb11.jpg,train,Grade 4,train/Grade 4/305009_jpg.rf.08aca3c964bc8d9175ac7ed161e80d6e.jpg,train,Grade 4,NEAR_DUPLICATE_DHASH,False,False,3.0
train/Grade 1/301299_jpg.rf.0359309389d5bfe55c99835c50bb5d51.jpg,train,Grade 1,train/Grade 1/301299_jpg.rf.50c5c2575598e6c76bb95d332c330194.jpg,train,Grade 1,NEAR_DUPLICATE_DHASH,False,False,0.0
train/Grade 1/301299_jpg.rf.804ca764e435ad84ed9bc6c00867ef39.jpg,train,Grade 1,train/Grade 1/301299_jpg.rf.e1cbda738a4785ded5a986b8cbbdf431.jpg,train,Grade 1,NEAR_DUPLICATE_DHASH,False,False,0.0
train/Grade 1/301311_jpg.rf.2548cb96512abc980a4542288dfb5b2a.jpg,train,Grade 1,train/Grade 1/301311_jpg.rf.43a34d7ae303f37d6cd4af068fabc237.jpg,train,Grade 1,NEAR_DUPLICATE_DHASH,False,False,3.0
train/Grade 4/301113_jpg.rf.22f47a90917cae8f690957211b7f9cad.jpg,train,Grade 4,train/Grade 4/301113_jpg.rf.db198a4d430fc82a40d5f93b91636fa3.jpg,train,Grade 4,NEAR_DUPLICATE_DHASH,False,False,1.0
train/Grade 2/302463_jpg.rf.0f59f3b429c9c55abbd535351b365df5.jpg,train,Grade 2,train/Grade 2/302463_jpg.rf.67ea7429baa1c11e3027c582c132088c.jpg,train,Grade 2,NEAR_DUPLICATE_DHASH,False,False,1.0
train/Grade 2/302656_jpg.rf.3b8949bdef32250985e36a55c1ebbd2d.jpg,train,Grade 2,train/Grade 2/302656_jpg.rf.d7da97c55c0234d53bb183f8386d8363.jpg,train,Grade 2,NEAR_DUPLICATE_DHASH,False,False,1.0
train/Grade 1/301315_jpg.rf.4327a7f41d0bea113742dc75330b3d54.jpg,train,Grade 1,train/Grade 1/301315_jpg.rf.68cc3442eaa0342c587d4b9289b37855.jpg,train,Grade 1,NEAR_DUPLICATE_DHASH,False,False,1.0
train/Grade 1/301315_jpg.rf.4327a7f41d0bea113742dc75330b3d54.jpg,train,Grade 1,train/Grade 1/301315_jpg.rf.7b5f142f8e6be7e600531ec6f12bfb17.jpg,train,Grade 1,NEAR_DUPLICATE_DHASH,False,False,1.0
train/Grade 1/301315_jpg.rf.4327a7f41d0bea113742dc75330b3d54.jpg,train,Grade 1,train/Grade 1/301315_jpg.rf.9343e726f7a400f1556a97f8b65527b8.jpg,train,Grade 1,NEAR_DUPLICATE_DHASH,False,False,0.0
train/Grade 1/301315_jpg.rf.68cc3442eaa0342c587d4b9289b37855.jpg,train,Grade 1,train/Grade 1/301315_jpg.rf.7b5f142f8e6be7e600531ec6f12bfb17.jpg,train,Grade 1,NEAR_DUPLICATE_DHASH,False,False,0.0
train/Grade 1/301315_jpg.rf.68cc3442eaa0342c587d4b9289b37855.jpg,train,Grade 1,train/Grade 1/301315_jpg.rf.9343e726f7a400f1556a97f8b65527b8.jpg,train,Grade 1,NEAR_DUPLICATE_DHASH,False,False,1.0
train/Grade 1/301315_jpg.rf.7b5f142f8e6be7e600531ec6f12bfb17.jpg,train,Grade 1,train/Grade 1/301315_jpg.rf.9343e726f7a400f1556a97f8b65527b8.jpg,train,Grade 1,NEAR_DUPLICATE_DHASH,False,False,1.0
train/Grade 1/301317_jpg.rf.2cc24dc8fc09c33662e96a27bc68f40c.jpg,train,Grade 1,train/Grade 1/301317_jpg.rf.aff541df64ade15f48d163fa4e9a0cbe.jpg,train,Grade 1,NEAR_DUPLICATE_DHASH,False,False,4.0
train/Grade 1/302127_jpg.rf.32acc0d019d031184a3b85ef9a46d50a.jpg,train,Grade 1,train/Grade 1/302127_jpg.rf.836bdcdca295fd6002fb570bccd4cd47.jpg,train,Grade 1,NEAR_DUPLICATE_DHASH,False,False,1.0
train/Grade 1/302127_jpg.rf.32acc0d019d031184a3b85ef9a46d50a.jpg,train,Grade 1,train/Grade 1/302127_jpg.rf.967f39fd89ee12b0de8c04d479bcd65f.jpg,train,Grade 1,NEAR_DUPLICATE_DHASH,False,False,2.0
train/Grade 1/302127_jpg.rf.836bdcdca295fd6002fb570bccd4cd47.jpg,train,Grade 1,train/Grade 1/302127_jpg.rf.967f39fd89ee12b0de8c04d479bcd65f.jpg,train,Grade 1,NEAR_DUPLICATE_DHASH,False,False,1.0
train/Grade 4/304250_jpg.rf.7050606a0c958476b2543719e79cf79a.jpg,train,Grade 4,train/Grade 4/304250_jpg.rf.cfb0bdfaee12eaeef791904af60115d9.jpg,train,Grade 4,NEAR_DUPLICATE_DHASH,False,False,3.0
train/Grade 1/301348_jpg.rf.39baa7dc2056fa18bdedf953716713df.jpg,train,Grade 1,train/Grade 1/301348_jpg.rf.bb1a596c0416d4b943b1556278dd1f50.jpg,train,Grade 1,NEAR_DUPLICATE_DHASH,False,False,0.0
train/Grade 2/301546_jpg.rf.7ad168d9b444a1b78b62d6709228aff2.jpg,train,Grade 2,train/Grade 2/301546_jpg.rf.9e5fa57d0a1feddd4aebdb0b002de214.jpg,train,Grade 2,NEAR_DUPLICATE_DHASH,False,False,4.0
train/Grade 3/304512_jpg.rf.47318b4ca674f6e9d769827e359612c6.jpg,train,Grade 3,train/Grade 3/304512_jpg.rf.d21079b87b705c6471f7eb0984c9dbdd.jpg,train,Grade 3,NEAR_DUPLICATE_DHASH,False,False,4.0
train/Grade 1/301361_jpg.rf.146a07a2424c846ae6e76c71b2a97860.jpg,train,Grade 1,train/Grade 1/301361_jpg.rf.abe0e399df9ffc9cc261bdd7936a7552.jpg,train,Grade 1,NEAR_DUPLICATE_DHASH,False,False,2.0
train/Grade 1/301361_jpg.rf.146a07a2424c846ae6e76c71b2a97860.jpg,train,Grade 1,train/Grade 1/301361_jpg.rf.bada4f72d9dc33585986f5e2410b17e7.jpg,train,Grade 1,NEAR_DUPLICATE_DHASH,False,False,1.0
train/Grade 1/301361_jpg.rf.abe0e399df9ffc9cc261bdd7936a7552.jpg,train,Grade 1,train/Grade 1/301361_jpg.rf.bada4f72d9dc33585986f5e2410b17e7.jpg,train,Grade 1,NEAR_DUPLICATE_DHASH,False,False,1.0
train/Grade 1/302580_jpg.rf.a2ae12faa1b84d7ac71103d55f96a6cf.jpg,train,Grade 1,train/Grade 1/302580_jpg.rf.bd5c591e9a69c34d93a826b13d7bb0c4.jpg,train,Grade 1,NEAR_DUPLICATE_DHASH,False,False,3.0
train/Grade 1/301364_jpg.rf.3bba0fdc89c8665c2c8ae68a28e4f246.jpg,train,Grade 1,train/Grade 1/301364_jpg.rf.c1f69a7a28c1f0c233bc9173a3d3dad3.jpg,train,Grade 1,NEAR_DUPLICATE_DHASH,False,False,1.0
train/Grade 1/302026_jpg.rf.78134ab5f4c145bd6d49b0f2979a525e.jpg,train,Grade 1,train/Grade 1/302026_jpg.rf.fd1c21ffa0028d43d13df3733c4bb821.jpg,train,Grade 1,NEAR_DUPLICATE_DHASH,False,False,1.0
train/Grade 3/253_jpg.rf.17c6552d4456c792b568dee3f94629aa.jpg,train,Grade 3,train/Grade 3/253_jpg.rf.31752000afab71d91c33680f9a13d03e.jpg,train,Grade 3,NEAR_DUPLICATE_DHASH,False,False,3.0
train/Grade 1/301369_jpg.rf.8bf7da9bf7210d722b1da35d5ddcc5f4.jpg,train,Grade 1,train/Grade 1/301369_jpg.rf.d92ab04166424a7c02c55c3685a820d0.jpg,train,Grade 1,NEAR_DUPLICATE_DHASH,False,False,1.0
train/Grade 2/304906_jpg.rf.7985d41a35c155eab4c3594dd83136a9.jpg,train,Grade 2,train/Grade 2/304906_jpg.rf.bc845ba5947b1f42c66681f11fb0591c.jpg,train,Grade 2,NEAR_DUPLICATE_DHASH,False,False,1.0
train/Grade 1/301376_jpg.rf.7a54133e240206305753fed855699cea.jpg,train,Grade 1,train/Grade 1/301376_jpg.rf.9028e0018bd33b7a13f78681c2962934.jpg,train,Grade 1,NEAR_DUPLICATE_DHASH,False,False,2.0
train/Grade 3/304779_jpg.rf.4333f5a4b7f47601b2f758474b4ddbfc.jpg,train,Grade 3,train/Grade 3/304779_jpg.rf.c78fc0dd0aa7501b782995c7f833e30c.jpg,train,Grade 3,NEAR_DUPLICATE_DHASH,False,False,0.0
train/Grade 4/501780_jpg.rf.ea48119bbc7ab067cd542f1171cfe971.jpg,train,Grade 4,train/Grade 4/501780_jpg.rf.eea7f7741ac7b2aee8c4097be5fdf360.jpg,train,Grade 4,NEAR_DUPLICATE_DHASH,False,False,1.0
train/Grade 3/305359_jpg.rf.3d25f3689979458955eed0aa4e6ce758.jpg,train,Grade 3,train/Grade 3/305359_jpg.rf.3e9946b02766cda58cb9b334d749468b.jpg,train,Grade 3,NEAR_DUPLICATE_DHASH,False,False,0.0
train/Grade 1/301380_jpg.rf.94e011cd89d7cf9512608ae256da8ed2.jpg,train,Grade 1,train/Grade 1/301380_jpg.rf.d7eef9cabef867a17502a2f458b46abb.jpg,train,Grade 1,NEAR_DUPLICATE_DHASH,False,False,0.0
train/Grade 3/304224_jpg.rf.176c2dcf8ba5878748594ecebcaf4ccf.jpg,train,Grade 3,train/Grade 3/304224_jpg.rf.6e5ad667fb836d2d11d314f72e538da2.jpg,train,Grade 3,NEAR_DUPLICATE_DHASH,False,False,1.0
train/Grade 4/306_jpg.rf.8b3719a6460b9d7a1dfe3d4365f1bb06.jpg,train,Grade 4,train/Grade 4/306_jpg.rf.e0f645e03ca9a95b95038e567c2eec5d.jpg,train,Grade 4,NEAR_DUPLICATE_DHASH,False,False,0.0
train/Grade 4/306_jpg.rf.8b3719a6460b9d7a1dfe3d4365f1bb06.jpg,train,Grade 4,train/Grade 4/306_jpg.rf.e8fa5570cf68e89e3ea55c6c978f9fa1.jpg,train,Grade 4,NEAR_DUPLICATE_DHASH,False,False,1.0
train/Grade 4/306_jpg.rf.8b3719a6460b9d7a1dfe3d4365f1bb06.jpg,train,Grade 4,train/Grade 4/306_jpg.rf.f115e40c19211c3f86e908f10cf8bdf9.jpg,train,Grade 4,NEAR_DUPLICATE_DHASH,False,False,2.0
train/Grade 4/306_jpg.rf.e0f645e03ca9a95b95038e567c2eec5d.jpg,train,Grade 4,train/Grade 4/306_jpg.rf.e8fa5570cf68e89e3ea55c6c978f9fa1.jpg,train,Grade 4,NEAR_DUPLICATE_DHASH,False,False,1.0
train/Grade 4/306_jpg.rf.e0f645e03ca9a95b95038e567c2eec5d.jpg,train,Grade 4,train/Grade 4/306_jpg.rf.f115e40c19211c3f86e908f10cf8bdf9.jpg,train,Grade 4,NEAR_DUPLICATE_DHASH,False,False,2.0
train/Grade 4/306_jpg.rf.e8fa5570cf68e89e3ea55c6c978f9fa1.jpg,train,Grade 4,train/Grade 4/306_jpg.rf.f115e40c19211c3f86e908f10cf8bdf9.jpg,train,Grade 4,NEAR_DUPLICATE_DHASH,False,False,3.0
train/Grade 1/301389_jpg.rf.83811304efd3b1c2d46277a268514e39.jpg,train,Grade 1,train/Grade 1/301389_jpg.rf.be750ea5312a7db9af04962f058e0fa3.jpg,train,Grade 1,NEAR_DUPLICATE_DHASH,False,False,1.0
train/Grade 1/303631_jpg.rf.742d18e196b3f3753b1bf0b8ad62cf28.jpg,train,Grade 1,train/Grade 1/303631_jpg.rf.b0b736316c81a7ff9cd4f66bd9a1c6dd.jpg,train,Grade 1,NEAR_DUPLICATE_DHASH,False,False,1.0
train/Grade 2/302880_jpg.rf.0be2487b9959c69bc906a03c9a128dd5.jpg,train,Grade 2,train/Grade 2/302880_jpg.rf.8cd479db36b2e0719aa68204a8d1a8d4.jpg,train,Grade 2,NEAR_DUPLICATE_DHASH,False,False,0.0
train/Grade 2/303643_jpg.rf.39dc623bd448f31b96152d8fd878bd66.jpg,train,Grade 2,train/Grade 2/303643_jpg.rf.66b372fb74d4ebe0d81291456f208810.jpg,train,Grade 2,NEAR_DUPLICATE_DHASH,False,False,2.0
train/Grade 2/303643_jpg.rf.39dc623bd448f31b96152d8fd878bd66.jpg,train,Grade 2,train/Grade 3/305746_jpg.rf.7aef7526b6518fde22df3dfff2b913ba.jpg,train,Grade 3,NEAR_DUPLICATE_DHASH,False,True,4.0
train/Grade 2/303643_jpg.rf.39dc623bd448f31b96152d8fd878bd66.jpg,train,Grade 2,train/Grade 3/305746_jpg.rf.828015c8340be9b43d9ad588e3b71ffc.jpg,train,Grade 3,NEAR_DUPLICATE_DHASH,False,True,4.0
train/Grade 3/304176_jpg.rf.72b32ef54fc060f5972cdcfe3f55c497.jpg,train,Grade 3,train/Grade 3/304176_jpg.rf.d2da7795d2d96db03ba1790f10f53978.jpg,train,Grade 3,NEAR_DUPLICATE_DHASH,False,False,3.0
train/Grade 3/304176_jpg.rf.72b32ef54fc060f5972cdcfe3f55c497.jpg,train,Grade 3,train/Grade 3/304176_jpg.rf.f748ed872bbcb40f2f4ebfc489991132.jpg,train,Grade 3,NEAR_DUPLICATE_DHASH,False,False,2.0
train/Grade 3/304176_jpg.rf.d2da7795d2d96db03ba1790f10f53978.jpg,train,Grade 3,train/Grade 3/304176_jpg.rf.f748ed872bbcb40f2f4ebfc489991132.jpg,train,Grade 3,NEAR_DUPLICATE_DHASH,False,False,1.0
train/Grade 3/305746_jpg.rf.7aef7526b6518fde22df3dfff2b913ba.jpg,train,Grade 3,train/Grade 3/305746_jpg.rf.828015c8340be9b43d9ad588e3b71ffc.jpg,train,Grade 3,NEAR_DUPLICATE_DHASH,False,False,2.0
train/Grade 4/301679_jpg.rf.a62d36b7e8af6a10e7f02980adae76bf.jpg,train,Grade 4,train/Grade 4/301679_jpg.rf.e851841f527934900a3abfa2f58861cb.jpg,train,Grade 4,NEAR_DUPLICATE_DHASH,False,False,1.0
train/Grade 2/301586_jpg.rf.8a58186867331a83de13fa817d6e732d.jpg,train,Grade 2,train/Grade 2/301586_jpg.rf.e522b5c2fbeb8b06555ee5117e7112eb.jpg,train,Grade 2,NEAR_DUPLICATE_DHASH,False,False,0.0
train/Grade 4/333_jpg.rf.8f317a77d80ddf07482a81357f72aa60.jpg,train,Grade 4,train/Grade 4/333_jpg.rf.f9fd3ebd08ff6b767cf31e49f1136572.jpg,train,Grade 4,NEAR_DUPLICATE_DHASH,False,False,2.0
train/Grade 4/492_jpg.rf.0a3302b2ae35db574121177b58c00e39.jpg,train,Grade 4,train/Grade 4/492_jpg.rf.f5b411d0eae51262dca28a7c61cd1fe4.jpg,train,Grade 4,NEAR_DUPLICATE_DHASH,False,False,2.0
train/Grade 1/301403_jpg.rf.15ba260d8bbf57c0d0081958e959d35f.jpg,train,Grade 1,train/Grade 1/301403_jpg.rf.3e04cb931f727ae1047354e034b984bb.jpg,train,Grade 1,NEAR_DUPLICATE_DHASH,False,False,2.0
train/Grade 1/301765_jpg.rf.58ed6d5d70aab33001c0a07d4c31743e.jpg,train,Grade 1,train/Grade 1/301765_jpg.rf.d417baf6491d6fc0c411553176f0292f.jpg,train,Grade 1,NEAR_DUPLICATE_DHASH,False,False,1.0
train/Grade 3/305495_jpg.rf.827b22be102ec5d990e971d804d54b77.jpg,train,Grade 3,train/Grade 3/305495_jpg.rf.bf3681df6c5879bb2c16efae669e2b1f.jpg,train,Grade 3,NEAR_DUPLICATE_DHASH,False,False,0.0
train/Grade 1/301705_jpg.rf.e9030d96fc6f3d85fb3196190c6cfa1e.jpg,train,Grade 1,train/Grade 1/301705_jpg.rf.ea00ba3341c5b81a47ac1cc2ae683d7f.jpg,train,Grade 1,NEAR_DUPLICATE_DHASH,False,False,1.0
train/Grade 1/305485_jpg.rf.2465cec8d5ed265661ea538d8d6e5b05.jpg,train,Grade 1,train/Grade 1/305485_jpg.rf.4185cd6a44101d90cd8e42910ca719a0.jpg,train,Grade 1,NEAR_DUPLICATE_DHASH,False,False,2.0
train/Grade 1/305485_jpg.rf.2465cec8d5ed265661ea538d8d6e5b05.jpg,train,Grade 1,train/Grade 1/305485_jpg.rf.59104061a8c7b7f639b778e5ad546679.jpg,train,Grade 1,NEAR_DUPLICATE_DHASH,False,False,1.0
train/Grade 1/305485_jpg.rf.2465cec8d5ed265661ea538d8d6e5b05.jpg,train,Grade 1,train/Grade 1/305485_jpg.rf.7fa5bc1b24db240438867f10e1bec8f7.jpg,train,Grade 1,NEAR_DUPLICATE_DHASH,False,False,1.0
train/Grade 1/305485_jpg.rf.2465cec8d5ed265661ea538d8d6e5b05.jpg,train,Grade 1,train/Grade 1/305485_jpg.rf.88aa7c6daca3568183bc6a6646f1f689.jpg,train,Grade 1,NEAR_DUPLICATE_DHASH,False,False,1.0
train/Grade 1/305485_jpg.rf.4185cd6a44101d90cd8e42910ca719a0.jpg,train,Grade 1,train/Grade 1/305485_jpg.rf.59104061a8c7b7f639b778e5ad546679.jpg,train,Grade 1,NEAR_DUPLICATE_DHASH,False,False,3.0
train/Grade 1/305485_jpg.rf.4185cd6a44101d90cd8e42910ca719a0.jpg,train,Grade 1,train/Grade 1/305485_jpg.rf.7fa5bc1b24db240438867f10e1bec8f7.jpg,train,Grade 1,NEAR_DUPLICATE_DHASH,False,False,3.0
train/Grade 1/305485_jpg.rf.4185cd6a44101d90cd8e42910ca719a0.jpg,train,Grade 1,train/Grade 1/305485_jpg.rf.88aa7c6daca3568183bc6a6646f1f689.jpg,train,Grade 1,NEAR_DUPLICATE_DHASH,False,False,3.0
train/Grade 1/305485_jpg.rf.59104061a8c7b7f639b778e5ad546679.jpg,train,Grade 1,train/Grade 1/305485_jpg.rf.7fa5bc1b24db240438867f10e1bec8f7.jpg,train,Grade 1,NEAR_DUPLICATE_DHASH,False,False,0.0
train/Grade 1/305485_jpg.rf.59104061a8c7b7f639b778e5ad546679.jpg,train,Grade 1,train/Grade 1/305485_jpg.rf.88aa7c6daca3568183bc6a6646f1f689.jpg,train,Grade 1,NEAR_DUPLICATE_DHASH,False,False,0.0
train/Grade 1/305485_jpg.rf.7fa5bc1b24db240438867f10e1bec8f7.jpg,train,Grade 1,train/Grade 1/305485_jpg.rf.88aa7c6daca3568183bc6a6646f1f689.jpg,train,Grade 1,NEAR_DUPLICATE_DHASH,False,False,0.0
train/Grade 3/305138_jpg.rf.6983d80d86f7a1732aa95d3281f5be6c.jpg,train,Grade 3,train/Grade 3/305138_jpg.rf.6ee4cb4713938c0a3578c9c975eb6d2b.jpg,train,Grade 3,NEAR_DUPLICATE_DHASH,False,False,2.0
train/Grade 3/images-17-_jpg.rf.517f0944e1a50409a74e7fba6b3056cf.jpg,train,Grade 3,train/Grade 3/images-17-_jpg.rf.93a8f4e559ae8903896d115321916b64.jpg,train,Grade 3,NEAR_DUPLICATE_DHASH,False,False,4.0
train/Grade 3/301932_jpg.rf.1275f57316ab2a8da2b3baf6ca0afd68.jpg,train,Grade 3,train/Grade 3/301932_jpg.rf.5e362482f10ce4bd02d2d2386d204ff8.jpg,train,Grade 3,NEAR_DUPLICATE_DHASH,False,False,3.0
train/Grade 1/301438_jpg.rf.8e79eecd1bed6fde9dc2d8eb2ee39908.jpg,train,Grade 1,train/Grade 1/301438_jpg.rf.c29f91532ec816291603f0aef0230153.jpg,train,Grade 1,NEAR_DUPLICATE_DHASH,False,False,0.0
train/Grade 1/301441_jpg.rf.2dea2d782c287bceb1003c49ab803e47.jpg,train,Grade 1,train/Grade 1/301441_jpg.rf.328c205f9135bdb60fd50881ab76151a.jpg,train,Grade 1,NEAR_DUPLICATE_DHASH,False,False,2.0
train/Grade 1/7_jpg.rf.2b3e2f9a5ea7fb0305a26b110afe730e.jpg,train,Grade 1,train/Grade 1/7_jpg.rf.d23dfcfd5e96443200dcd114ff0ab220.jpg,train,Grade 1,NEAR_DUPLICATE_DHASH,False,False,1.0
train/Grade 1/301454_jpg.rf.18761b8aa6db56fff5c6da617565c6ed.jpg,train,Grade 1,train/Grade 1/301454_jpg.rf.dd71d17237c0c001e557c10b4bec21b1.jpg,train,Grade 1,NEAR_DUPLICATE_DHASH,False,False,0.0
train/Grade 1/images-3-_jpg.rf.1760002b4708ce53a815741eaaa94257.jpg,train,Grade 1,train/Grade 1/images-3-_jpg.rf.e5724c118ece916379ae6d8be060843d.jpg,train,Grade 1,NEAR_DUPLICATE_DHASH,False,False,3.0
train/Grade 1/301454_jpg.rf.5d52a8463ae3b0b3b04089bf5dbe0561.jpg,train,Grade 1,train/Grade 1/301454_jpg.rf.96503fb677136b6c77c18d4e190958f6.jpg,train,Grade 1,NEAR_DUPLICATE_DHASH,False,False,0.0
train/Grade 1/301454_jpg.rf.5d52a8463ae3b0b3b04089bf5dbe0561.jpg,train,Grade 1,train/Grade 1/301454_jpg.rf.d960ea2ae3fc06905df86d3d5ade439d.jpg,train,Grade 1,NEAR_DUPLICATE_DHASH,False,False,0.0
train/Grade 1/301454_jpg.rf.96503fb677136b6c77c18d4e190958f6.jpg,train,Grade 1,train/Grade 1/301454_jpg.rf.d960ea2ae3fc06905df86d3d5ade439d.jpg,train,Grade 1,NEAR_DUPLICATE_DHASH,False,False,0.0
train/Grade 2/304223_jpg.rf.4c508898d13cb4264c913835c264c307.jpg,train,Grade 2,train/Grade 2/304223_jpg.rf.e55283842c9727c44a54628bfe6acd32.jpg,train,Grade 2,NEAR_DUPLICATE_DHASH,False,False,1.0
train/Grade 2/304223_jpg.rf.4c508898d13cb4264c913835c264c307.jpg,train,Grade 2,train/Grade 2/304223_jpg.rf.f6c8a94c1379556ee44b58bd648540dc.jpg,train,Grade 2,NEAR_DUPLICATE_DHASH,False,False,1.0
train/Grade 2/304223_jpg.rf.e55283842c9727c44a54628bfe6acd32.jpg,train,Grade 2,train/Grade 2/304223_jpg.rf.f6c8a94c1379556ee44b58bd648540dc.jpg,train,Grade 2,NEAR_DUPLICATE_DHASH,False,False,0.0
train/Grade 2/304864_jpg.rf.ea816cd39881d126e738b3f3820daefd.jpg,train,Grade 2,train/Grade 2/304864_jpg.rf.f2e73e342cd426f7847a63c3df19a31a.jpg,train,Grade 2,NEAR_DUPLICATE_DHASH,False,False,2.0
train/Grade 2/305547_jpg.rf.261b3752b47aac42227bcfc25cdb0f9e.jpg,train,Grade 2,train/Grade 2/305547_jpg.rf.68722779cac97cf09ed062afb99a173c.jpg,train,Grade 2,NEAR_DUPLICATE_DHASH,False,False,2.0
train/Grade 2/305547_jpg.rf.53c7e21470201f953c81419ab195e6f7.jpg,train,Grade 2,train/Grade 2/305547_jpg.rf.7c617c708d456d05d2a8a1f859411358.jpg,train,Grade 2,NEAR_DUPLICATE_DHASH,False,False,1.0
train/Grade 1/301460_jpg.rf.1eaf5c0eb1f4a4c6715fa11682c04062.jpg,train,Grade 1,train/Grade 1/301460_jpg.rf.c2f160f48bbf08123a5b2259060a71aa.jpg,train,Grade 1,NEAR_DUPLICATE_DHASH,False,False,1.0
train/Grade 2/303206_jpg.rf.383dea69bf84e49281e3a34d8565495b.jpg,train,Grade 2,train/Grade 2/303206_jpg.rf.68425647b1c0cbfb82de14399987573b.jpg,train,Grade 2,NEAR_DUPLICATE_DHASH,False,False,0.0
train/Grade 2/301526_jpg.rf.3e3e5dce6a22b6bdb0275095d3bb6c81.jpg,train,Grade 2,train/Grade 2/301526_jpg.rf.d39cfa42cd550773fb22f9ed02f688e0.jpg,train,Grade 2,NEAR_DUPLICATE_DHASH,False,False,0.0
train/Grade 2/301526_jpg.rf.3e3e5dce6a22b6bdb0275095d3bb6c81.jpg,train,Grade 2,train/Grade 2/301526_jpg.rf.e9a438e487b84e6994cdb2bfd4f6a322.jpg,train,Grade 2,NEAR_DUPLICATE_DHASH,False,False,2.0
train/Grade 2/301526_jpg.rf.d39cfa42cd550773fb22f9ed02f688e0.jpg,train,Grade 2,train/Grade 2/301526_jpg.rf.e9a438e487b84e6994cdb2bfd4f6a322.jpg,train,Grade 2,NEAR_DUPLICATE_DHASH,False,False,2.0
train/Grade 1/301478_jpg.rf.9eaf5643c7b2b18532e2d9b7bad2cb43.jpg,train,Grade 1,train/Grade 1/301478_jpg.rf.a80ac646d4e86e0c72c9b0e830de2c71.jpg,train,Grade 1,NEAR_DUPLICATE_DHASH,False,False,0.0
train/Grade 2/193_jpg.rf.6c663d26ba18589f7a70f3db2e5d2c0b.jpg,train,Grade 2,train/Grade 2/193_jpg.rf.f5d6636f385a01eca2949ecaf2257fdd.jpg,train,Grade 2,NEAR_DUPLICATE_DHASH,False,False,0.0
train/Grade 3/304176_jpg.rf.ec2c2fbbf15bdbb70f97d95392127687.jpg,train,Grade 3,train/Grade 3/304176_jpg.rf.f644a8855681a628f951c22276fc7144.jpg,train,Grade 3,NEAR_DUPLICATE_DHASH,False,False,0.0
train/Grade 1/301489_jpg.rf.0dffeac7c49375aa458bbb961aaa8501.jpg,train,Grade 1,train/Grade 1/301489_jpg.rf.b8243355b9f0207cbb7f2e7267144d66.jpg,train,Grade 1,NEAR_DUPLICATE_DHASH,False,False,1.0
train/Grade 1/301489_jpg.rf.0dffeac7c49375aa458bbb961aaa8501.jpg,train,Grade 1,train/Grade 1/301489_jpg.rf.f6c93fe3498be72ad685d6a32c3993e2.jpg,train,Grade 1,NEAR_DUPLICATE_DHASH,False,False,1.0
train/Grade 1/301489_jpg.rf.b8243355b9f0207cbb7f2e7267144d66.jpg,train,Grade 1,train/Grade 1/301489_jpg.rf.f6c93fe3498be72ad685d6a32c3993e2.jpg,train,Grade 1,NEAR_DUPLICATE_DHASH,False,False,0.0
train/Grade 1/301493_jpg.rf.4a13c543cc0e9e2c9c8e41a05aa42851.jpg,train,Grade 1,train/Grade 1/301493_jpg.rf.973a85aa3da72d7786b85fc736101b52.jpg,train,Grade 1,NEAR_DUPLICATE_DHASH,False,False,0.0
train/Grade 2/303673_jpg.rf.4907b44a54fe9190917f1eaa209c8cd4.jpg,train,Grade 2,train/Grade 2/303673_jpg.rf.e288300b9147bf2fbbcf5954cc805382.jpg,train,Grade 2,NEAR_DUPLICATE_DHASH,False,False,4.0
train/Grade 3/301595_jpg.rf.079d0fb3de3fefd7b60b0ee6c1a708a9.jpg,train,Grade 3,train/Grade 3/301595_jpg.rf.1da2ad9da232850b13ae92b696df12b3.jpg,train,Grade 3,NEAR_DUPLICATE_DHASH,False,False,0.0
train/Grade 3/301595_jpg.rf.079d0fb3de3fefd7b60b0ee6c1a708a9.jpg,train,Grade 3,train/Grade 3/301595_jpg.rf.5708395a30a4a12e2048b6b6443870fd.jpg,train,Grade 3,NEAR_DUPLICATE_DHASH,False,False,0.0
train/Grade 3/301595_jpg.rf.1da2ad9da232850b13ae92b696df12b3.jpg,train,Grade 3,train/Grade 3/301595_jpg.rf.5708395a30a4a12e2048b6b6443870fd.jpg,train,Grade 3,NEAR_DUPLICATE_DHASH,False,False,0.0
train/Grade 3/131_jpg.rf.2f22b6beb78e42b709fee9634b59f718.jpg,train,Grade 3,train/Grade 3/131_jpg.rf.dda51e642a286b3d14056510ca3ea13d.jpg,train,Grade 3,NEAR_DUPLICATE_DHASH,False,False,0.0
train/Grade 1/301552_jpg.rf.0bdd1c21766d3d321f90bb8f83bd2240.jpg,train,Grade 1,train/Grade 1/301552_jpg.rf.bd4db5a73b05b18885c4ded354a52e89.jpg,train,Grade 1,NEAR_DUPLICATE_DHASH,False,False,1.0
train/Grade 2/301138_jpg.rf.9d5e3b14c858ea61bd3c3da3aa071f66.jpg,train,Grade 2,train/Grade 2/301138_jpg.rf.c4bc0b2fefe10c3eac3138e8e2d64440.jpg,train,Grade 2,NEAR_DUPLICATE_DHASH,False,False,2.0
train/Grade 1/303071_jpg.rf.57b91a149ed119f460d316c5e56b74be.jpg,train,Grade 1,train/Grade 1/303071_jpg.rf.7014f761b574d478ef625a4431aa1b23.jpg,train,Grade 1,NEAR_DUPLICATE_DHASH,False,False,0.0
train/Grade 1/303071_jpg.rf.57b91a149ed119f460d316c5e56b74be.jpg,train,Grade 1,train/Grade 1/303071_jpg.rf.96485c1d2c94c5f6c645ea4bf5b1f84c.jpg,train,Grade 1,NEAR_DUPLICATE_DHASH,False,False,0.0
train/Grade 1/303071_jpg.rf.57b91a149ed119f460d316c5e56b74be.jpg,train,Grade 1,train/Grade 1/303071_jpg.rf.ae1fa4394906399862208aa31a69f22a.jpg,train,Grade 1,NEAR_DUPLICATE_DHASH,False,False,0.0
train/Grade 1/303071_jpg.rf.7014f761b574d478ef625a4431aa1b23.jpg,train,Grade 1,train/Grade 1/303071_jpg.rf.96485c1d2c94c5f6c645ea4bf5b1f84c.jpg,train,Grade 1,NEAR_DUPLICATE_DHASH,False,False,0.0
train/Grade 1/303071_jpg.rf.7014f761b574d478ef625a4431aa1b23.jpg,train,Grade 1,train/Grade 1/303071_jpg.rf.ae1fa4394906399862208aa31a69f22a.jpg,train,Grade 1,NEAR_DUPLICATE_DHASH,False,False,0.0
train/Grade 1/303071_jpg.rf.96485c1d2c94c5f6c645ea4bf5b1f84c.jpg,train,Grade 1,train/Grade 1/303071_jpg.rf.ae1fa4394906399862208aa31a69f22a.jpg,train,Grade 1,NEAR_DUPLICATE_DHASH,False,False,0.0
train/Grade 1/507_jpg.rf.3767d68ba86d52ba4f6b2fa9093ead85.jpg,train,Grade 1,train/Grade 1/507_jpg.rf.7f8f889c7e17f2eb2e3301c0cb998bbb.jpg,train,Grade 1,NEAR_DUPLICATE_DHASH,False,False,2.0
train/Grade 1/507_jpg.rf.3767d68ba86d52ba4f6b2fa9093ead85.jpg,train,Grade 1,train/Grade 1/507_jpg.rf.bd064b5aa5843a1421f137569767dc0b.jpg,train,Grade 1,NEAR_DUPLICATE_DHASH,False,False,0.0
train/Grade 1/507_jpg.rf.7f8f889c7e17f2eb2e3301c0cb998bbb.jpg,train,Grade 1,train/Grade 1/507_jpg.rf.bd064b5aa5843a1421f137569767dc0b.jpg,train,Grade 1,NEAR_DUPLICATE_DHASH,False,False,2.0
train/Grade 2/302426_jpg.rf.09624892ec30346c0306b4bc4257a5e9.jpg,train,Grade 2,train/Grade 2/302426_jpg.rf.09e5db6db9ae5575471c4f3f6b0840b9.jpg,train,Grade 2,NEAR_DUPLICATE_DHASH,False,False,0.0
train/Grade 3/303602_jpg.rf.1617ef38c38234f16d3d6d12cad68d8d.jpg,train,Grade 3,train/Grade 3/303602_jpg.rf.aeb83ad9ec07cbe09440fa03d70bb36c.jpg,train,Grade 3,NEAR_DUPLICATE_DHASH,False,False,1.0
train/Grade 4/488_jpg.rf.2292332eab1e455a7efac27f9f99631c.jpg,train,Grade 4,train/Grade 4/488_jpg.rf.4f07e621434f7034ed36f38089e477a4.jpg,train,Grade 4,NEAR_DUPLICATE_DHASH,False,False,1.0
train/Grade 1/302477_jpg.rf.44a1c6dd713e0e060333a80e9fa345d4.jpg,train,Grade 1,train/Grade 1/302477_jpg.rf.6359e9648f6fe3962d5722e4f34fada2.jpg,train,Grade 1,NEAR_DUPLICATE_DHASH,False,False,0.0
train/Grade 2/images-13-_jpg.rf.fe9018684cc6193a1cda7381949878e7.jpg,train,Grade 2,train/Grade 2/M2800025-Diabetic_neuropathy_ulceration_of_sole_of_foot-SPL_popup_jpg.rf.c07e6ed752d769a151e3493e26a25134.jpg,train,Grade 2,NEAR_DUPLICATE_DHASH,False,False,2.0
train/Grade 1/61_jpg.rf.333d2856dc573a6919b3c8ffdde8548f.jpg,train,Grade 1,train/Grade 1/61_jpg.rf.4fec84e73d0ef32bc0157b7e0f4573ee.jpg,train,Grade 1,NEAR_DUPLICATE_DHASH,False,False,1.0
train/Grade 4/304844_jpg.rf.20a8452fcca5388eeab7ceee8fbea113.jpg,train,Grade 4,train/Grade 4/304844_jpg.rf.a0127e2292dd920313da548126cdce14.jpg,train,Grade 4,NEAR_DUPLICATE_DHASH,False,False,1.0
train/Grade 1/301623_jpg.rf.9925c1b76aaa68520e538752880f1892.jpg,train,Grade 1,train/Grade 1/301623_jpg.rf.aa56689321fd45bbacbf6c5906bb973c.jpg,train,Grade 1,NEAR_DUPLICATE_DHASH,False,False,3.0
train/Grade 1/301668_jpg.rf.3d63b4be45280be4d06d09a19f9e56b3.jpg,train,Grade 1,train/Grade 1/301668_jpg.rf.f1ca5576031316931f52aebcb3bac478.jpg,train,Grade 1,NEAR_DUPLICATE_DHASH,False,False,1.0
train/Grade 4/263_jpg.rf.a6ea3c7d487d0f393cbad8b3c86b2b26.jpg,train,Grade 4,train/Grade 4/263_jpg.rf.d6e64a8464e3a8e39b8bab0cff05a92b.jpg,train,Grade 4,NEAR_DUPLICATE_DHASH,False,False,3.0
train/Grade 4/263_jpg.rf.a6ea3c7d487d0f393cbad8b3c86b2b26.jpg,train,Grade 4,train/Grade 4/263_jpg.rf.fd9644630dcecfba4102c98d5b1a477d.jpg,train,Grade 4,NEAR_DUPLICATE_DHASH,False,False,0.0
train/Grade 4/263_jpg.rf.d6e64a8464e3a8e39b8bab0cff05a92b.jpg,train,Grade 4,train/Grade 4/263_jpg.rf.fd9644630dcecfba4102c98d5b1a477d.jpg,train,Grade 4,NEAR_DUPLICATE_DHASH,False,False,3.0
train/Grade 4/306155_jpg.rf.18c8aa9c70f1dbbfa8e0c33b72e634e2.jpg,train,Grade 4,train/Grade 4/306155_jpg.rf.de2bcc5779ccb366b2087721dcf04ae5.jpg,train,Grade 4,NEAR_DUPLICATE_DHASH,False,False,0.0
train/Grade 2/302939_jpg.rf.18bc1a870af1aaf01b85fcafdd37177d.jpg,train,Grade 2,train/Grade 2/302939_jpg.rf.3218b371a046f2d8691e15b65d8cb0fc.jpg,train,Grade 2,NEAR_DUPLICATE_DHASH,False,False,0.0
train/Grade 2/304557_jpg.rf.24f29993ed95b7b645220214f8b668cf.jpg,train,Grade 2,train/Grade 2/304557_jpg.rf.b179cfa97d9e89185327d600598d8885.jpg,train,Grade 2,NEAR_DUPLICATE_DHASH,False,False,0.0
train/Grade 2/301579_jpg.rf.28c71cbdbad9d9b425f4fc5dfc885b5d.jpg,train,Grade 2,train/Grade 2/301579_jpg.rf.93d2cbf4672f0e46e28ecc52609df527.jpg,train,Grade 2,NEAR_DUPLICATE_DHASH,False,False,4.0
train/Grade 2/301579_jpg.rf.93d2cbf4672f0e46e28ecc52609df527.jpg,train,Grade 2,train/Grade 2/301579_jpg.rf.aea93e81d4223dceaf8bca88e4a1d681.jpg,train,Grade 2,NEAR_DUPLICATE_DHASH,False,False,3.0
train/Grade 3/304247_jpg.rf.8efce02303d772fbcda1b7c68581d294.jpg,train,Grade 3,train/Grade 3/304247_jpg.rf.e751871d5eb41c740ef09ed92c36d4dc.jpg,train,Grade 3,NEAR_DUPLICATE_DHASH,False,False,0.0
train/Grade 1/305454_jpg.rf.a63e1452b9eb0eb1900a367380471f44.jpg,train,Grade 1,train/Grade 1/305454_jpg.rf.d32550e85df3cf139ef74d5cc9587ff9.jpg,train,Grade 1,NEAR_DUPLICATE_DHASH,False,False,2.0
train/Grade 2/301925_jpg.rf.769fd8ee8589e32c9f365469ec8dad8d.jpg,train,Grade 2,train/Grade 2/301925_jpg.rf.d3c9bc268be65dc19a331db7f406875b.jpg,train,Grade 2,NEAR_DUPLICATE_DHASH,False,False,0.0
train/Grade 3/305629_jpg.rf.1be82e1754aae1eaa6a81d16fc980f75.jpg,train,Grade 3,train/Grade 3/305629_jpg.rf.bf95300b2005f745b59060a4866563da.jpg,train,Grade 3,NEAR_DUPLICATE_DHASH,False,False,0.0
train/Grade 3/441_jpg.rf.190c2ce21241a721add23ec8e756407e.jpg,train,Grade 3,train/Grade 3/441_jpg.rf.2d3b815835ab9b81376be4f3b39a4710.jpg,train,Grade 3,NEAR_DUPLICATE_DHASH,False,False,0.0
train/Grade 2/187_jpg.rf.606c34fd9d814af3a28f37c2ac8e6e11.jpg,train,Grade 2,train/Grade 2/53142129_1217138005102619_1275089985325760512_n_jpg.rf.c08f2d0250a923d42b3dc966cb928657.jpg,train,Grade 2,NEAR_DUPLICATE_DHASH,False,False,3.0
train/Grade 1/301717_jpg.rf.c42744cbc464a1792043a6ba9e63d282.jpg,train,Grade 1,train/Grade 1/301717_jpg.rf.c58ab149c40381c573a51b95241ded24.jpg,train,Grade 1,NEAR_DUPLICATE_DHASH,False,False,1.0
train/Grade 3/301160_jpg.rf.472a21b9f42518edecb5f74c6a3cf7c4.jpg,train,Grade 3,train/Grade 3/301160_jpg.rf.6e095a23aaedc47592ce5723c0b91d5a.jpg,train,Grade 3,NEAR_DUPLICATE_DHASH,False,False,1.0
train/Grade 1/301741_jpg.rf.464a25c07ada49e960df7609e66b12e6.jpg,train,Grade 1,train/Grade 1/301741_jpg.rf.d2aaf68a418184ff0cad38eeb0a34b42.jpg,train,Grade 1,NEAR_DUPLICATE_DHASH,False,False,1.0
train/Grade 1/50_jpg.rf.6ebec80d57f16cf71a84954c1daa71cf.jpg,train,Grade 1,train/Grade 1/50_jpg.rf.9f377d7ec7dfd941b35a2496833d1dcb.jpg,train,Grade 1,NEAR_DUPLICATE_DHASH,False,False,0.0
train/Grade 1/52766842_553738755138733_4660913657968852992_n_jpg.rf.9b2c7eb8e7443b7a1e4efc84b9995952.jpg,train,Grade 1,train/Grade 1/52766842_553738755138733_4660913657968852992_n_jpg.rf.cd055825ff760c5c4f713f07f142fc1f.jpg,train,Grade 1,NEAR_DUPLICATE_DHASH,False,False,1.0
train/Grade 2/15_jpg.rf.43c7cfe97e300d8627cb2325aebcb522.jpg,train,Grade 2,train/Grade 2/15_jpg.rf.d11bb5a91ce2bfb74a910671c70a343a.jpg,train,Grade 2,NEAR_DUPLICATE_DHASH,False,False,0.0
train/Grade 2/352_jpg.rf.7919d15022b788e3defab18a19dcc9b2.jpg,train,Grade 2,train/Grade 2/352_jpg.rf.a4a133114d0c92a8d3b47f8cecfc5c41.jpg,train,Grade 2,NEAR_DUPLICATE_DHASH,False,False,1.0
train/Grade 2/352_jpg.rf.7919d15022b788e3defab18a19dcc9b2.jpg,train,Grade 2,train/Grade 2/352_jpg.rf.b54828911f384a922dfc1ea931ed58a2.jpg,train,Grade 2,NEAR_DUPLICATE_DHASH,False,False,1.0
train/Grade 2/352_jpg.rf.a4a133114d0c92a8d3b47f8cecfc5c41.jpg,train,Grade 2,train/Grade 2/352_jpg.rf.b54828911f384a922dfc1ea931ed58a2.jpg,train,Grade 2,NEAR_DUPLICATE_DHASH,False,False,2.0
train/Grade 3/305053_jpg.rf.19d95d6398d79fe451cdf57239ddfeb2.jpg,train,Grade 3,train/Grade 3/305053_jpg.rf.b3d67e3495a065ba2c9d056c6ad24a4d.jpg,train,Grade 3,NEAR_DUPLICATE_DHASH,False,False,0.0
train/Grade 4/301809_jpg.rf.bc5ed57724dfe40f67e6c8356941fed8.jpg,train,Grade 4,train/Grade 4/301809_jpg.rf.dc05d227ac80dac54ee49f0124c7e4fa.jpg,train,Grade 4,NEAR_DUPLICATE_DHASH,False,False,1.0
train/Grade 4/305932_jpg.rf.4debfb5c9206e3fe13955008fe42b754.jpg,train,Grade 4,train/Grade 4/305932_jpg.rf.7bcb97b96f6a7384d6c430ae5e6b8869.jpg,train,Grade 4,NEAR_DUPLICATE_DHASH,False,False,1.0
train/Grade 4/52454283_618567861935423_5966922438548652032_n_jpg.rf.5acbda7834dcc9aeb7936fe3ad0b78a2.jpg,train,Grade 4,train/Grade 4/52454283_618567861935423_5966922438548652032_n_jpg.rf.c751ac1338a2265e5067b5e997f84b94.jpg,train,Grade 4,NEAR_DUPLICATE_DHASH,False,False,0.0
train/Grade 4/52454283_618567861935423_5966922438548652032_n_jpg.rf.5acbda7834dcc9aeb7936fe3ad0b78a2.jpg,train,Grade 4,train/Grade 4/52454283_618567861935423_5966922438548652032_n_jpg.rf.e85d706bdf6729754f90a57bd571ca81.jpg,train,Grade 4,NEAR_DUPLICATE_DHASH,False,False,3.0
train/Grade 4/52454283_618567861935423_5966922438548652032_n_jpg.rf.c751ac1338a2265e5067b5e997f84b94.jpg,train,Grade 4,train/Grade 4/52454283_618567861935423_5966922438548652032_n_jpg.rf.e85d706bdf6729754f90a57bd571ca81.jpg,train,Grade 4,NEAR_DUPLICATE_DHASH,False,False,3.0
train/Grade 2/304933_jpg.rf.7fe3a496f903edda85c628ad5544687a.jpg,train,Grade 2,train/Grade 2/304933_jpg.rf.ca27a57e8098e529e586d3a5aa322bd8.jpg,train,Grade 2,NEAR_DUPLICATE_DHASH,False,False,1.0
train/Grade 1/301746_jpg.rf.143a8eb3e69f4904dea18bd3f0c705e8.jpg,train,Grade 1,train/Grade 1/301746_jpg.rf.95b0d7780cbe23bb993dbe8c2dc9f07b.jpg,train,Grade 1,NEAR_DUPLICATE_DHASH,False,False,2.0
train/Grade 1/301749_jpg.rf.1b2cdb411980ca883cabed3976f88f8f.jpg,train,Grade 1,train/Grade 1/301749_jpg.rf.38320e2100db83a1e24d5e3ca8f0af83.jpg,train,Grade 1,NEAR_DUPLICATE_DHASH,False,False,2.0
train/Grade 1/301749_jpg.rf.1b2cdb411980ca883cabed3976f88f8f.jpg,train,Grade 1,train/Grade 1/301749_jpg.rf.9ea2d57e0d9f728d5b922e8481e61185.jpg,train,Grade 1,NEAR_DUPLICATE_DHASH,False,False,1.0
train/Grade 1/301749_jpg.rf.38320e2100db83a1e24d5e3ca8f0af83.jpg,train,Grade 1,train/Grade 1/301749_jpg.rf.9ea2d57e0d9f728d5b922e8481e61185.jpg,train,Grade 1,NEAR_DUPLICATE_DHASH,False,False,1.0
train/Grade 2/187_jpg.rf.4314a363b2301730842d0e9703147e15.jpg,train,Grade 2,train/Grade 2/187_jpg.rf.5cda8ac8ec6515762f5b88453880dce0.jpg,train,Grade 2,NEAR_DUPLICATE_DHASH,False,False,0.0
train/Grade 2/187_jpg.rf.4314a363b2301730842d0e9703147e15.jpg,train,Grade 2,train/Grade 2/187_jpg.rf.5ff7cd064342cd8e5441373dc54786d2.jpg,train,Grade 2,NEAR_DUPLICATE_DHASH,False,False,0.0
train/Grade 2/187_jpg.rf.4314a363b2301730842d0e9703147e15.jpg,train,Grade 2,train/Grade 2/9_jpg.rf.7faee61169f18d657054784b8d113769.jpg,train,Grade 2,NEAR_DUPLICATE_DHASH,False,False,4.0
train/Grade 2/187_jpg.rf.5cda8ac8ec6515762f5b88453880dce0.jpg,train,Grade 2,train/Grade 2/187_jpg.rf.5ff7cd064342cd8e5441373dc54786d2.jpg,train,Grade 2,NEAR_DUPLICATE_DHASH,False,False,0.0
train/Grade 2/187_jpg.rf.5cda8ac8ec6515762f5b88453880dce0.jpg,train,Grade 2,train/Grade 2/9_jpg.rf.7faee61169f18d657054784b8d113769.jpg,train,Grade 2,NEAR_DUPLICATE_DHASH,False,False,4.0
train/Grade 2/187_jpg.rf.5ff7cd064342cd8e5441373dc54786d2.jpg,train,Grade 2,train/Grade 2/9_jpg.rf.7faee61169f18d657054784b8d113769.jpg,train,Grade 2,NEAR_DUPLICATE_DHASH,False,False,4.0
train/Grade 2/301943_jpg.rf.b81a05f907910eaf0cc392471cf619ed.jpg,train,Grade 2,train/Grade 2/301943_jpg.rf.d89fc7305555735784fa99af18f67999.jpg,train,Grade 2,NEAR_DUPLICATE_DHASH,False,False,2.0
train/Grade 2/4_png.rf.4b1e3a1fef9e454efa40cf51fc9bb99c.jpg,train,Grade 2,train/Grade 2/4_png.rf.cb74d232e939d22e4a209b9fdac5e816.jpg,train,Grade 2,NEAR_DUPLICATE_DHASH,False,False,2.0
train/Grade 2/4_png.rf.4b1e3a1fef9e454efa40cf51fc9bb99c.jpg,train,Grade 2,train/Grade 2/9_jpg.rf.7faee61169f18d657054784b8d113769.jpg,train,Grade 2,NEAR_DUPLICATE_DHASH,False,False,1.0
train/Grade 2/4_png.rf.4b1e3a1fef9e454efa40cf51fc9bb99c.jpg,train,Grade 2,train/Grade 4/52769400_2289082084749692_2368844041937747968_n_jpg.rf.e8a59364a674a62a4949fa8216ecf287.jpg,train,Grade 4,NEAR_DUPLICATE_DHASH,False,True,4.0
train/Grade 2/4_png.rf.cb74d232e939d22e4a209b9fdac5e816.jpg,train,Grade 2,train/Grade 2/9_jpg.rf.7faee61169f18d657054784b8d113769.jpg,train,Grade 2,NEAR_DUPLICATE_DHASH,False,False,1.0
train/Grade 2/4_png.rf.cb74d232e939d22e4a209b9fdac5e816.jpg,train,Grade 2,train/Grade 4/52769400_2289082084749692_2368844041937747968_n_jpg.rf.e8a59364a674a62a4949fa8216ecf287.jpg,train,Grade 4,NEAR_DUPLICATE_DHASH,False,True,4.0
train/Grade 2/9_jpg.rf.7faee61169f18d657054784b8d113769.jpg,train,Grade 2,train/Grade 4/52769400_2289082084749692_2368844041937747968_n_jpg.rf.e8a59364a674a62a4949fa8216ecf287.jpg,train,Grade 4,NEAR_DUPLICATE_DHASH,False,True,3.0
train/Grade 1/301764_jpg.rf.3b7171db4ef06b108dcd666b6affca63.jpg,train,Grade 1,train/Grade 1/301764_jpg.rf.b90953138ce710d34b8811d5d257ebb6.jpg,train,Grade 1,NEAR_DUPLICATE_DHASH,False,False,2.0
train/Grade 3/305059_jpg.rf.f0ce9b962c8e8b2ef532cbaa1634085a.jpg,train,Grade 3,train/Grade 3/305059_jpg.rf.fc38b90f5284405b497bbac51b929918.jpg,train,Grade 3,NEAR_DUPLICATE_DHASH,False,False,3.0
train/Grade 4/194_jpg.rf.012d492331c5cc322b1a1c9dc57d570f.jpg,train,Grade 4,train/Grade 4/194_jpg.rf.660a0e96cfb4fb39c9909e70d0160ca8.jpg,train,Grade 4,NEAR_DUPLICATE_DHASH,False,False,0.0
train/Grade 2/444_jpg.rf.83d74d4fecf1f469f092845588c315da.jpg,train,Grade 2,train/Grade 2/444_jpg.rf.c7b9ca39cc54de59c47b77a89a77a945.jpg,train,Grade 2,NEAR_DUPLICATE_DHASH,False,False,0.0
train/Grade 1/301790_jpg.rf.1aa75c4b29d220a750f828ba9b1bec8b.jpg,train,Grade 1,train/Grade 1/301790_jpg.rf.7b4d59be9507ca6f939d055d40f3dfe1.jpg,train,Grade 1,NEAR_DUPLICATE_DHASH,False,False,0.0
train/Grade 3/302328_jpg.rf.200b8a0a1445f51481ad17441acd7db7.jpg,train,Grade 3,train/Grade 3/302328_jpg.rf.273dbff74ae01236b8fc615465130f34.jpg,train,Grade 3,NEAR_DUPLICATE_DHASH,False,False,3.0
train/Grade 1/301790_jpg.rf.9947896adbc6a19a0f2dfc0ec2f7723c.jpg,train,Grade 1,train/Grade 1/301790_jpg.rf.e378b967f420f7fdaa03edd19f281c41.jpg,train,Grade 1,NEAR_DUPLICATE_DHASH,False,False,0.0
train/Grade 2/421_jpg.rf.44704ba99bc757e6781716879fee93fe.jpg,train,Grade 2,train/Grade 2/421_jpg.rf.9363dd7db2b83b4de9a07382ed313f40.jpg,train,Grade 2,NEAR_DUPLICATE_DHASH,False,False,0.0
train/Grade 1/301794_jpg.rf.595f065854209161f0c7b5fe3a14f561.jpg,train,Grade 1,train/Grade 1/301794_jpg.rf.e04bd3276b37aad458202c2decafe140.jpg,train,Grade 1,NEAR_DUPLICATE_DHASH,False,False,0.0
train/Grade 2/303641_jpg.rf.deba55290409e6d49c0a1b870f2c6c17.jpg,train,Grade 2,train/Grade 2/303641_jpg.rf.fb03ceac59a47fb852d794f7c824247b.jpg,train,Grade 2,NEAR_DUPLICATE_DHASH,False,False,4.0
train/Grade 1/301814_jpg.rf.1616231c8d93e8a6e5a519ca6bc4e9c1.jpg,train,Grade 1,train/Grade 1/301814_jpg.rf.5e1f1c935e2502d0b38b29c9bbe3d7a1.jpg,train,Grade 1,NEAR_DUPLICATE_DHASH,False,False,1.0
train/Grade 2/303478_jpg.rf.46390fdf5e7239d5bde4df35e59bf9e3.jpg,train,Grade 2,train/Grade 2/303478_jpg.rf.79d6f5ca84782afa738dfaeae8e5684c.jpg,train,Grade 2,NEAR_DUPLICATE_DHASH,False,False,2.0
train/Grade 3/304054_jpg.rf.144dfd806be08b844943cda9391a770a.jpg,train,Grade 3,train/Grade 3/304054_jpg.rf.d3acabf814c969233ee23547f00a7e2c.jpg,train,Grade 3,NEAR_DUPLICATE_DHASH,False,False,1.0
train/Grade 4/124_jpg.rf.34d852e606824970913606b265d4bd83.jpg,train,Grade 4,train/Grade 4/124_jpg.rf.cc6bc2b9e954b55dc18c8ef1beb931a0.jpg,train,Grade 4,NEAR_DUPLICATE_DHASH,False,False,3.0
train/Grade 4/124_jpg.rf.34d852e606824970913606b265d4bd83.jpg,train,Grade 4,train/Grade 4/124_jpg.rf.fae6bd51e79da3d9a6dca327f3df6557.jpg,train,Grade 4,NEAR_DUPLICATE_DHASH,False,False,3.0
train/Grade 4/124_jpg.rf.cc6bc2b9e954b55dc18c8ef1beb931a0.jpg,train,Grade 4,train/Grade 4/124_jpg.rf.fae6bd51e79da3d9a6dca327f3df6557.jpg,train,Grade 4,NEAR_DUPLICATE_DHASH,False,False,4.0
train/Grade 1/301838_jpg.rf.2f58b6d4a8c08b6bdf71f8d56fde71f3.jpg,train,Grade 1,train/Grade 1/301838_jpg.rf.6fef140bc0afc236319e41e17ec19e69.jpg,train,Grade 1,NEAR_DUPLICATE_DHASH,False,False,0.0
train/Grade 1/309_jpg.rf.9315b6d3be3037a99fbf24231421995d.jpg,train,Grade 1,train/Grade 1/309_jpg.rf.caca136ed15984cb7e3b69203f4addee.jpg,train,Grade 1,NEAR_DUPLICATE_DHASH,False,False,1.0
train/Grade 3/148_jpg.rf.108f3de518536dd30333656fcb5cf1cd.jpg,train,Grade 3,train/Grade 3/148_jpg.rf.91230abf119bd333e22861b8b51c012d.jpg,train,Grade 3,NEAR_DUPLICATE_DHASH,False,False,1.0
train/Grade 3/304802_jpg.rf.6c7fe51b7bda18583b5451e3e357f633.jpg,train,Grade 3,train/Grade 3/304802_jpg.rf.8d32f52ef62ac057a5fe86ddef161ea7.jpg,train,Grade 3,NEAR_DUPLICATE_DHASH,False,False,3.0
train/Grade 2/301845_jpg.rf.22520ade56b48fa0b546c04e84633e1c.jpg,train,Grade 2,train/Grade 2/301845_jpg.rf.38e5586bb618176b8838cd007bf7d38e.jpg,train,Grade 2,NEAR_DUPLICATE_DHASH,False,False,2.0
train/Grade 2/301845_jpg.rf.22520ade56b48fa0b546c04e84633e1c.jpg,train,Grade 2,train/Grade 2/301845_jpg.rf.c9c947a5370a3d2c0ffb8f2030839111.jpg,train,Grade 2,NEAR_DUPLICATE_DHASH,False,False,0.0
train/Grade 2/301845_jpg.rf.38e5586bb618176b8838cd007bf7d38e.jpg,train,Grade 2,train/Grade 2/301845_jpg.rf.c9c947a5370a3d2c0ffb8f2030839111.jpg,train,Grade 2,NEAR_DUPLICATE_DHASH,False,False,2.0
train/Grade 1/301873_jpg.rf.c3532b9cbf146b1db84a04c2fa298be2.jpg,train,Grade 1,train/Grade 1/301873_jpg.rf.cf8caae95091f7336f9c9223c55d7570.jpg,train,Grade 1,NEAR_DUPLICATE_DHASH,False,False,2.0
train/Grade 1/302057_jpg.rf.2bd7b227673ce671064d5daae9d1f70d.jpg,train,Grade 1,train/Grade 1/302499_jpg.rf.7c2419a4728aa12840f09179dee34157.jpg,train,Grade 1,NEAR_DUPLICATE_DHASH,False,False,3.0
train/Grade 2/305254_jpg.rf.b044cd449608efcbe019f8526905fc0d.jpg,train,Grade 2,train/Grade 2/305254_jpg.rf.ca2d0e9b3238a7fe49a9fe749e92c740.jpg,train,Grade 2,NEAR_DUPLICATE_DHASH,False,False,1.0
train/Grade 2/305271_jpg.rf.5650ed72fbdcbe2b37f13841c362a0d6.jpg,train,Grade 2,train/Grade 2/305271_jpg.rf.7e6867c710d6bbb196527adc35e66bcb.jpg,train,Grade 2,NEAR_DUPLICATE_DHASH,False,False,1.0
train/Grade 2/305271_jpg.rf.5650ed72fbdcbe2b37f13841c362a0d6.jpg,train,Grade 2,train/Grade 2/305271_jpg.rf.95f7716994cae5bfbcc4768088b2790a.jpg,train,Grade 2,NEAR_DUPLICATE_DHASH,False,False,4.0
train/Grade 2/305271_jpg.rf.5650ed72fbdcbe2b37f13841c362a0d6.jpg,train,Grade 2,train/Grade 2/305271_jpg.rf.e24c81577539faa73144291b00794c0b.jpg,train,Grade 2,NEAR_DUPLICATE_DHASH,False,False,3.0
train/Grade 2/305271_jpg.rf.5650ed72fbdcbe2b37f13841c362a0d6.jpg,train,Grade 2,train/Grade 2/305271_jpg.rf.fddcee063ad2b011c545ab0db0cd6e5f.jpg,train,Grade 2,NEAR_DUPLICATE_DHASH,False,False,4.0
train/Grade 2/305271_jpg.rf.7e6867c710d6bbb196527adc35e66bcb.jpg,train,Grade 2,train/Grade 2/305271_jpg.rf.e24c81577539faa73144291b00794c0b.jpg,train,Grade 2,NEAR_DUPLICATE_DHASH,False,False,4.0
train/Grade 2/305271_jpg.rf.95f7716994cae5bfbcc4768088b2790a.jpg,train,Grade 2,train/Grade 2/305271_jpg.rf.e24c81577539faa73144291b00794c0b.jpg,train,Grade 2,NEAR_DUPLICATE_DHASH,False,False,1.0
train/Grade 2/305271_jpg.rf.95f7716994cae5bfbcc4768088b2790a.jpg,train,Grade 2,train/Grade 2/305271_jpg.rf.fddcee063ad2b011c545ab0db0cd6e5f.jpg,train,Grade 2,NEAR_DUPLICATE_DHASH,False,False,0.0
train/Grade 2/305271_jpg.rf.e24c81577539faa73144291b00794c0b.jpg,train,Grade 2,train/Grade 2/305271_jpg.rf.fddcee063ad2b011c545ab0db0cd6e5f.jpg,train,Grade 2,NEAR_DUPLICATE_DHASH,False,False,1.0
train/Grade 3/305706_jpg.rf.82864924c4204137f139c2a9089e4406.jpg,train,Grade 3,train/Grade 3/305706_jpg.rf.d3aedccdd6d5934ce08b0e094ef7225d.jpg,train,Grade 3,NEAR_DUPLICATE_DHASH,False,False,0.0
train/Grade 4/501380_jpg.rf.3102cc2aee78db1cc19bbd6b21458433.jpg,train,Grade 4,train/Grade 4/501380_jpg.rf.5906b43042812e8294083c0d8b00839f.jpg,train,Grade 4,NEAR_DUPLICATE_DHASH,False,False,1.0
train/Grade 2/301243_jpg.rf.06e8693086245fa817296b1bf5389464.jpg,train,Grade 2,train/Grade 3/305470_jpg.rf.76f9ff8705245957a828c130be073d63.jpg,train,Grade 3,NEAR_DUPLICATE_DHASH,False,True,1.0
train/Grade 2/301243_jpg.rf.06e8693086245fa817296b1bf5389464.jpg,train,Grade 2,train/Grade 3/305470_jpg.rf.e6d0e28f353446d8048dc7ad575210bc.jpg,train,Grade 3,NEAR_DUPLICATE_DHASH,False,True,1.0
train/Grade 2/303650_jpg.rf.38926244a5e30930a2c6ddb9b3ac7375.jpg,train,Grade 2,train/Grade 2/303650_jpg.rf.b5d2ed84f3e699b28fb23657818dc83d.jpg,train,Grade 2,NEAR_DUPLICATE_DHASH,False,False,1.0
train/Grade 3/304853_jpg.rf.5c50f44bd02981ab1f26ba0d4f379347.jpg,train,Grade 3,train/Grade 3/304853_jpg.rf.5c901a8cf8cbc4146906c40d2c8173df.jpg,train,Grade 3,NEAR_DUPLICATE_DHASH,False,False,0.0
train/Grade 3/305470_jpg.rf.76f9ff8705245957a828c130be073d63.jpg,train,Grade 3,train/Grade 3/305470_jpg.rf.e6d0e28f353446d8048dc7ad575210bc.jpg,train,Grade 3,NEAR_DUPLICATE_DHASH,False,False,0.0
train/Grade 1/301898_jpg.rf.9e45195e6942627dec5454657e655e09.jpg,train,Grade 1,train/Grade 1/301898_jpg.rf.c4d7fc9693c72122d4cb85f1ff2bb547.jpg,train,Grade 1,NEAR_DUPLICATE_DHASH,False,False,0.0
train/Grade 1/301901_jpg.rf.25adbf14e812cd030da4748ab6fe6073.jpg,train,Grade 1,train/Grade 1/301901_jpg.rf.7d45a9982f366d27935ce69a058a20d1.jpg,train,Grade 1,NEAR_DUPLICATE_DHASH,False,False,0.0
train/Grade 1/302993_jpg.rf.4a393bb709c339e132f5a0a00d861514.jpg,train,Grade 1,train/Grade 1/302993_jpg.rf.95a7fa07d945f0eb2b32a7e9c88bd6c9.jpg,train,Grade 1,NEAR_DUPLICATE_DHASH,False,False,1.0
train/Grade 1/303299_jpg.rf.50d860cc5b38101f13f20e2fa945b1f6.jpg,train,Grade 1,train/Grade 1/303299_jpg.rf.beed261e9f3f99d5ccc8103ad0e7dc8d.jpg,train,Grade 1,NEAR_DUPLICATE_DHASH,False,False,0.0
train/Grade 1/303360_jpg.rf.8b1738d757026f2493c2ba2ef4bb944f.jpg,train,Grade 1,train/Grade 1/303360_jpg.rf.a68de0dc0fedd39b29cdb0faa21755bf.jpg,train,Grade 1,NEAR_DUPLICATE_DHASH,False,False,0.0
train/Grade 1/301918_jpg.rf.7e213ef814301c5c792c3a275fbd5da5.jpg,train,Grade 1,train/Grade 1/301918_jpg.rf.a322c77a568bc6cef409250695049011.jpg,train,Grade 1,NEAR_DUPLICATE_DHASH,False,False,2.0
train/Grade 2/302825_jpg.rf.34f257872b75e4ed74f63023dc473b9f.jpg,train,Grade 2,train/Grade 2/302825_jpg.rf.9b5012cfaa1a932140857e2aa75587da.jpg,train,Grade 2,NEAR_DUPLICATE_DHASH,False,False,2.0
train/Grade 2/302807_jpg.rf.0e261e2bbc3f1d7bb6039b4373d9fa73.jpg,train,Grade 2,train/Grade 2/302807_jpg.rf.dba60e5b7fa1444b3d8a0561a4b3839f.jpg,train,Grade 2,NEAR_DUPLICATE_DHASH,False,False,4.0
train/Grade 1/301924_jpg.rf.62e50ea727063e22a105222362b62e7a.jpg,train,Grade 1,train/Grade 1/301924_jpg.rf.74d61d1dae20d4a12ee88c919e52a060.jpg,train,Grade 1,NEAR_DUPLICATE_DHASH,False,False,0.0
train/Grade 1/301924_jpg.rf.6f055784506aeb4e4bfa68df7b9869a0.jpg,train,Grade 1,train/Grade 1/301924_jpg.rf.c4a4f9e106dc79a3d094d68a3102bd3c.jpg,train,Grade 1,NEAR_DUPLICATE_DHASH,False,False,0.0
train/Grade 4/477_jpg.rf.09d641f34df2da010d78b764f201186b.jpg,train,Grade 4,train/Grade 4/477_jpg.rf.f70b2ab29d0ce66315f9891d704ae070.jpg,train,Grade 4,NEAR_DUPLICATE_DHASH,False,False,1.0
train/Grade 2/301209_jpg.rf.7385ba3b7bcbc72ce506145b0095fa2a.jpg,train,Grade 2,train/Grade 2/301209_jpg.rf.e56ee71ec204c0ccd67e6036064a767e.jpg,train,Grade 2,NEAR_DUPLICATE_DHASH,False,False,0.0
train/Grade 1/302383_jpg.rf.030579bba15c49193f8da5e9f3d3cb6f.jpg,train,Grade 1,train/Grade 1/302383_jpg.rf.d28a03d654aef8257464feb37c70c2c6.jpg,train,Grade 1,NEAR_DUPLICATE_DHASH,False,False,0.0
train/Grade 3/3849135830295494223_jpg.rf.5b60aa30e098bd494edc55b495792b96.jpg,train,Grade 3,train/Grade 3/52553604_246819646237286_562344848363880448_n_jpg.rf.9c07d525ee0444aff1a3f5413beabee5.jpg,train,Grade 3,NEAR_DUPLICATE_DHASH,False,False,1.0
train/Grade 3/3849135830295494223_jpg.rf.5b60aa30e098bd494edc55b495792b96.jpg,train,Grade 3,train/Grade 3/52553604_246819646237286_562344848363880448_n_jpg.rf.b33b39f043d73beaef30d2c038b8c539.jpg,train,Grade 3,NEAR_DUPLICATE_DHASH,False,False,2.0
train/Grade 3/52553604_246819646237286_562344848363880448_n_jpg.rf.9c07d525ee0444aff1a3f5413beabee5.jpg,train,Grade 3,train/Grade 3/52553604_246819646237286_562344848363880448_n_jpg.rf.b33b39f043d73beaef30d2c038b8c539.jpg,train,Grade 3,NEAR_DUPLICATE_DHASH,False,False,1.0
train/Grade 3/196_jpg.rf.8ed4b52c0e63992076d9edd217dbc231.jpg,train,Grade 3,train/Grade 3/196_jpg.rf.c7dea67c741bb55c375e41469fe27c28.jpg,train,Grade 3,NEAR_DUPLICATE_DHASH,False,False,3.0
train/Grade 3/196_jpg.rf.053c3d14edeb7362982f9bcaba87efc9.jpg,train,Grade 3,train/Grade 3/196_jpg.rf.8604cd4ad78d194b157f82188601b440.jpg,train,Grade 3,NEAR_DUPLICATE_DHASH,False,False,1.0
train/Grade 1/302057_jpg.rf.24b58f23e40ea815492e8aaff208448a.jpg,train,Grade 1,train/Grade 1/302057_jpg.rf.4f2da082f7ff92dd2d85b9aa5e21389e.jpg,train,Grade 1,NEAR_DUPLICATE_DHASH,False,False,2.0
train/Grade 1/302057_jpg.rf.56ff24460a24bfa8381ce28f41bfb80f.jpg,train,Grade 1,train/Grade 1/302057_jpg.rf.cef4cf7966410da78790d2f310c68e3c.jpg,train,Grade 1,NEAR_DUPLICATE_DHASH,False,False,2.0
train/Grade 1/302057_jpg.rf.56ff24460a24bfa8381ce28f41bfb80f.jpg,train,Grade 1,train/Grade 1/302499_jpg.rf.376acde623a6d5d4a4b4c6820b27990c.jpg,train,Grade 1,NEAR_DUPLICATE_DHASH,False,False,3.0
train/Grade 1/302057_jpg.rf.cef4cf7966410da78790d2f310c68e3c.jpg,train,Grade 1,train/Grade 1/302499_jpg.rf.376acde623a6d5d4a4b4c6820b27990c.jpg,train,Grade 1,NEAR_DUPLICATE_DHASH,False,False,3.0
train/Grade 2/301837_jpg.rf.871f92bbc116b5f40ac11734278db5e4.jpg,train,Grade 2,train/Grade 2/301837_jpg.rf.bef92ccd9dff0dd10f4162dc6677b91b.jpg,train,Grade 2,NEAR_DUPLICATE_DHASH,False,False,4.0
train/Grade 1/302063_jpg.rf.0da92d5e7ee5d077b59054c238afdbb6.jpg,train,Grade 1,train/Grade 1/302063_jpg.rf.3d7bad45ac5f61f6d600a14c0a567a9e.jpg,train,Grade 1,NEAR_DUPLICATE_DHASH,False,False,0.0
train/Grade 1/302063_jpg.rf.0da92d5e7ee5d077b59054c238afdbb6.jpg,train,Grade 1,train/Grade 1/302063_jpg.rf.7f214166787e64e2c55d0cf6268570a0.jpg,train,Grade 1,NEAR_DUPLICATE_DHASH,False,False,1.0
train/Grade 1/302063_jpg.rf.3d7bad45ac5f61f6d600a14c0a567a9e.jpg,train,Grade 1,train/Grade 1/302063_jpg.rf.7f214166787e64e2c55d0cf6268570a0.jpg,train,Grade 1,NEAR_DUPLICATE_DHASH,False,False,1.0
train/Grade 1/302070_jpg.rf.53ea21526562df21c754aef95c8f7be9.jpg,train,Grade 1,train/Grade 1/302070_jpg.rf.9b4ab9dd6e3113cfa2f1f1d90d695c9f.jpg,train,Grade 1,NEAR_DUPLICATE_DHASH,False,False,1.0
train/Grade 1/302075_jpg.rf.683902e8d214e9790d8a335484ad1934.jpg,train,Grade 1,train/Grade 1/302075_jpg.rf.d307e54ce98efffb6e8ca4268cecc2d4.jpg,train,Grade 1,NEAR_DUPLICATE_DHASH,False,False,2.0
train/Grade 1/302091_jpg.rf.0d432e7a5100cdcfa14220c4f1eefce2.jpg,train,Grade 1,train/Grade 1/302091_jpg.rf.7e1680203f0ff58cff7177c374ba22f3.jpg,train,Grade 1,NEAR_DUPLICATE_DHASH,False,False,0.0
train/Grade 2/302131_jpg.rf.7baf5b55b2b3533972d25f608e9201fd.jpg,train,Grade 2,train/Grade 2/302131_jpg.rf.9c9af84b3848483af7abc169f2539d30.jpg,train,Grade 2,NEAR_DUPLICATE_DHASH,False,False,1.0
train/Grade 2/302131_jpg.rf.7baf5b55b2b3533972d25f608e9201fd.jpg,train,Grade 2,train/Grade 2/302131_jpg.rf.ab611859b5272f088aed5ccd2e5fa602.jpg,train,Grade 2,NEAR_DUPLICATE_DHASH,False,False,1.0
train/Grade 2/302131_jpg.rf.9c9af84b3848483af7abc169f2539d30.jpg,train,Grade 2,train/Grade 2/302131_jpg.rf.ab611859b5272f088aed5ccd2e5fa602.jpg,train,Grade 2,NEAR_DUPLICATE_DHASH,False,False,0.0
train/Grade 2/53142129_1217138005102619_1275089985325760512_n_jpg.rf.54a31bbecd879c5a0b49da6d9f3a1d85.jpg,train,Grade 2,train/Grade 2/53142129_1217138005102619_1275089985325760512_n_jpg.rf.632fb87819a19e4247ed7a4cb8d446e1.jpg,train,Grade 2,NEAR_DUPLICATE_DHASH,False,False,1.0
train/Grade 1/302117_jpg.rf.91c1f9dff045d2daa58c8dc464ba4cd9.jpg,train,Grade 1,train/Grade 1/302117_jpg.rf.b362d85309a27bba249857c5b5be1a37.jpg,train,Grade 1,NEAR_DUPLICATE_DHASH,False,False,1.0
train/Grade 1/302117_jpg.rf.c850d479ac45309f5172f5a23a44440f.jpg,train,Grade 1,train/Grade 1/302117_jpg.rf.c98b2e528606a9595d62774e7acd6cb4.jpg,train,Grade 1,NEAR_DUPLICATE_DHASH,False,False,0.0
train/Grade 1/302127_jpg.rf.819ddc436b5a928a463b5d21f7c25672.jpg,train,Grade 1,train/Grade 1/302127_jpg.rf.a1543335a23941bfd5c193da0978e1c4.jpg,train,Grade 1,NEAR_DUPLICATE_DHASH,False,False,2.0
train/Grade 4/445_jpg.rf.8081c9ef5057e0e25a57b58a89c5d6a6.jpg,train,Grade 4,train/Grade 4/445_jpg.rf.8164dd645e45f510c825d1d6aa56b3ad.jpg,train,Grade 4,NEAR_DUPLICATE_DHASH,False,False,2.0
train/Grade 1/302162_jpg.rf.02ad9592e104570e892f595678cb46a6.jpg,train,Grade 1,train/Grade 1/302162_jpg.rf.5dccff89cb802196d750b066e149d8c8.jpg,train,Grade 1,NEAR_DUPLICATE_DHASH,False,False,0.0
train/Grade 1/305660_jpg.rf.b7592b2433565b420604a890f34fa6ce.jpg,train,Grade 1,train/Grade 1/305660_jpg.rf.df9c3879a539a82183259258d0fe0d51.jpg,train,Grade 1,NEAR_DUPLICATE_DHASH,False,False,0.0
train/Grade 3/305443_jpg.rf.1602a974b1297192882026a7e2e6397c.jpg,train,Grade 3,train/Grade 3/305443_jpg.rf.2ab893720a1c7e515e52991aacbe098e.jpg,train,Grade 3,NEAR_DUPLICATE_DHASH,False,False,0.0
train/Grade 2/302746_jpg.rf.14c1583e5a2ad6a7c61e34bbc3ef7a15.jpg,train,Grade 2,train/Grade 2/302746_jpg.rf.17d2033a0cb76859476b2409599073ed.jpg,train,Grade 2,NEAR_DUPLICATE_DHASH,False,False,4.0
train/Grade 2/302746_jpg.rf.14c1583e5a2ad6a7c61e34bbc3ef7a15.jpg,train,Grade 2,train/Grade 2/302746_jpg.rf.5f13f9d494d059d5d9aa7c44b63605ce.jpg,train,Grade 2,NEAR_DUPLICATE_DHASH,False,False,0.0
train/Grade 2/302746_jpg.rf.17d2033a0cb76859476b2409599073ed.jpg,train,Grade 2,train/Grade 2/302746_jpg.rf.5f13f9d494d059d5d9aa7c44b63605ce.jpg,train,Grade 2,NEAR_DUPLICATE_DHASH,False,False,4.0
train/Grade 2/209_jpg.rf.0be3468f101788cfba72fb294d28a6e6.jpg,train,Grade 2,train/Grade 2/209_jpg.rf.2ae3f5bd01f133da6552f88d16d0a4a9.jpg,train,Grade 2,NEAR_DUPLICATE_DHASH,False,False,0.0
train/Grade 1/302176_jpg.rf.109815e44576b0b60126f37455312164.jpg,train,Grade 1,train/Grade 1/302176_jpg.rf.ee812473656fe134fb31407ca52bb1b3.jpg,train,Grade 1,NEAR_DUPLICATE_DHASH,False,False,4.0
train/Grade 2/302746_jpg.rf.8c6416ae014b25204c378777b9cb2404.jpg,train,Grade 2,train/Grade 2/302746_jpg.rf.a1387d713391cffe6c315e56ceb7404c.jpg,train,Grade 2,NEAR_DUPLICATE_DHASH,False,False,3.0
train/Grade 3/302490_jpg.rf.39e95534ce52aeed3cafd5f8092d2e07.jpg,train,Grade 3,train/Grade 3/302490_jpg.rf.fb0b54abbb48252ab2c9e3b88015209d.jpg,train,Grade 3,NEAR_DUPLICATE_DHASH,False,False,1.0
train/Grade 3/3_png.rf.66a6ba89c1881f60093ae27bdb7069a7.jpg,train,Grade 3,train/Grade 3/3_png.rf.d9c02395f7c4b0d85b0626a9ce9a9d74.jpg,train,Grade 3,NEAR_DUPLICATE_DHASH,False,False,1.0
train/Grade 4/100_jpg.rf.ac5143ce4cc53134bdc5a786b365b1d1.jpg,train,Grade 4,train/Grade 4/100_jpg.rf.ee5af5b5eba6bbf6f77949b801403c6f.jpg,train,Grade 4,NEAR_DUPLICATE_DHASH,False,False,4.0
train/Grade 4/302639_jpg.rf.0c16ed135c7b867d34f77278a36d6de2.jpg,train,Grade 4,train/Grade 4/302639_jpg.rf.3827861b28c4cac745cdd58158a86066.jpg,train,Grade 4,NEAR_DUPLICATE_DHASH,False,False,1.0
train/Grade 4/302639_jpg.rf.0c16ed135c7b867d34f77278a36d6de2.jpg,train,Grade 4,train/Grade 4/302639_jpg.rf.a28ec2f7cc776697cfd03c7bd3cd8c06.jpg,train,Grade 4,NEAR_DUPLICATE_DHASH,False,False,1.0
train/Grade 4/302639_jpg.rf.3827861b28c4cac745cdd58158a86066.jpg,train,Grade 4,train/Grade 4/302639_jpg.rf.a28ec2f7cc776697cfd03c7bd3cd8c06.jpg,train,Grade 4,NEAR_DUPLICATE_DHASH,False,False,0.0
train/Grade 1/302176_jpg.rf.842c917c781ae5aee66a42854e0e80f7.jpg,train,Grade 1,train/Grade 1/302176_jpg.rf.8a9ae329354bbfea81cb0bf28caee0ae.jpg,train,Grade 1,NEAR_DUPLICATE_DHASH,False,False,1.0
train/Grade 3/301298_jpg.rf.1e91707b91c1761a3b4c54b949d7647c.jpg,train,Grade 3,train/Grade 3/301298_jpg.rf.b284f431eaa7173617922e9a1c04e42e.jpg,train,Grade 3,NEAR_DUPLICATE_DHASH,False,False,0.0
train/Grade 2/301639_jpg.rf.90ea6afb28e1f823df5189b1c9464626.jpg,train,Grade 2,train/Grade 2/301639_jpg.rf.b60a7af55df5605b68f16741a46522d9.jpg,train,Grade 2,NEAR_DUPLICATE_DHASH,False,False,4.0
train/Grade 3/20_jpg.rf.a816b970dd8e8d30b1a6c67022647c97.jpg,train,Grade 3,train/Grade 3/2_png.rf.f340f538e8c4953d0e0d119421963e88.jpg,train,Grade 3,NEAR_DUPLICATE_DHASH,False,False,0.0
train/Grade 4/302636_jpg.rf.6ce6b7b0f3029afd2dff2adecc0e8865.jpg,train,Grade 4,train/Grade 4/302636_jpg.rf.be118c6d24407c5d45854872e9e5de1b.jpg,train,Grade 4,NEAR_DUPLICATE_DHASH,False,False,2.0
train/Grade 1/302195_jpg.rf.0475f7cddc11d702abcaf900e969ac64.jpg,train,Grade 1,train/Grade 1/302195_jpg.rf.2ea1c2a4e153634be57925570610af38.jpg,train,Grade 1,NEAR_DUPLICATE_DHASH,False,False,1.0
train/Grade 4/302938_jpg.rf.a9415331215e757155f611259e6df6af.jpg,train,Grade 4,train/Grade 4/302938_jpg.rf.fe82c86bb853c3b79eb5f67487f7aa5d.jpg,train,Grade 4,NEAR_DUPLICATE_DHASH,False,False,0.0
train/Grade 1/302231_jpg.rf.16c6eecc57da18224e62611074452ec2.jpg,train,Grade 1,train/Grade 1/302231_jpg.rf.a3ff8362295cb420743a6e53c31b267d.jpg,train,Grade 1,NEAR_DUPLICATE_DHASH,False,False,4.0
train/Grade 1/302231_jpg.rf.16c6eecc57da18224e62611074452ec2.jpg,train,Grade 1,train/Grade 1/302231_jpg.rf.c222dc235f531e958917a143f1feed39.jpg,train,Grade 1,NEAR_DUPLICATE_DHASH,False,False,2.0
train/Grade 1/302231_jpg.rf.a3ff8362295cb420743a6e53c31b267d.jpg,train,Grade 1,train/Grade 1/302231_jpg.rf.c222dc235f531e958917a143f1feed39.jpg,train,Grade 1,NEAR_DUPLICATE_DHASH,False,False,2.0
train/Grade 2/303066_jpg.rf.c7cf855a77a590176d70a19dff514cd4.jpg,train,Grade 2,train/Grade 2/303066_jpg.rf.d1dd01e7cf301c82565650fb2a8c0b33.jpg,train,Grade 2,NEAR_DUPLICATE_DHASH,False,False,0.0
train/Grade 3/301173_jpg.rf.50b7820994bbb130c94d8b287fbaf8cc.jpg,train,Grade 3,train/Grade 3/301173_jpg.rf.510a9b44c9864ade091c2d6cb56c6f2d.jpg,train,Grade 3,NEAR_DUPLICATE_DHASH,False,False,1.0
train/Grade 2/229_jpg.rf.5a2da9b63d5c024562841f1c4a9bf1bf.jpg,train,Grade 2,train/Grade 3/31_jpg.rf.6ded8a97cf11ccec1166e725c40be950.jpg,train,Grade 3,NEAR_DUPLICATE_DHASH,False,True,4.0
train/Grade 2/58_jpg.rf.d053cde1cf734454804baf440fa089f3.jpg,train,Grade 2,train/Grade 2/58_jpg.rf.ef8d862e8a4a8e9db3b30d427d0ac6a1.jpg,train,Grade 2,NEAR_DUPLICATE_DHASH,False,False,1.0
train/Grade 3/301045_jpg.rf.12d0a4768978a29f274cfe53e4c284b5.jpg,train,Grade 3,train/Grade 3/301045_jpg.rf.fb98f83195078ce877f68d9265a3f9b7.jpg,train,Grade 3,NEAR_DUPLICATE_DHASH,False,False,1.0
train/Grade 3/305439_jpg.rf.4624f34b2d1e1f42938ea418f3d5150a.jpg,train,Grade 3,train/Grade 3/305439_jpg.rf.b9018c4ca9910809a2884fa038124bee.jpg,train,Grade 3,NEAR_DUPLICATE_DHASH,False,False,0.0
train/Grade 4/278_jpg.rf.5f58bb44e13e37aaaa97d02f9653d43f.jpg,train,Grade 4,train/Grade 4/278_jpg.rf.78f0946b600c0aa2057e775e1aa6eb63.jpg,train,Grade 4,NEAR_DUPLICATE_DHASH,False,False,0.0
train/Grade 1/Footpuncture-blog2_jpg.rf.2ee7da1a372c1f9a76654ab5b3d5b852.jpg,train,Grade 1,train/Grade 1/Footpuncture-blog2_jpg.rf.99147d3c2371584b29575b4d8b6ac4e1.jpg,train,Grade 1,NEAR_DUPLICATE_DHASH,False,False,4.0
train/Grade 1/302241_jpg.rf.0bd5e9297f3939b0a9ad0c4dff9e8186.jpg,train,Grade 1,train/Grade 1/302241_jpg.rf.a27f7920f2ead14639b0483a5b0c14a6.jpg,train,Grade 1,NEAR_DUPLICATE_DHASH,False,False,1.0
train/Grade 1/302241_jpg.rf.0bd5e9297f3939b0a9ad0c4dff9e8186.jpg,train,Grade 1,train/Grade 1/302241_jpg.rf.bbec8ba4b915879e36f17cfa95283259.jpg,train,Grade 1,NEAR_DUPLICATE_DHASH,False,False,3.0
train/Grade 1/302241_jpg.rf.a27f7920f2ead14639b0483a5b0c14a6.jpg,train,Grade 1,train/Grade 1/302241_jpg.rf.bbec8ba4b915879e36f17cfa95283259.jpg,train,Grade 1,NEAR_DUPLICATE_DHASH,False,False,2.0
train/Grade 1/303554_jpg.rf.d3591bf3f56d78661bb9fab374455a0f.jpg,train,Grade 1,train/Grade 1/303554_jpg.rf.fc8424b86415501a05ec040f24e4c690.jpg,train,Grade 1,NEAR_DUPLICATE_DHASH,False,False,2.0
train/Grade 2/501342_jpg.rf.09fae40a42a5fb1eb6319f8eec0931b9.jpg,train,Grade 2,train/Grade 2/501342_jpg.rf.95cc44959148b63bb49a6f1c0ca7da2d.jpg,train,Grade 2,NEAR_DUPLICATE_DHASH,False,False,0.0
train/Grade 3/40233571_252687522242453_978256712370749440_n_jpg.rf.567150139f737c9a7f90fa8a3a7f3368.jpg,train,Grade 3,train/Grade 3/40233571_252687522242453_978256712370749440_n_jpg.rf.ebc1c14eb0a6912e76f8c4d0b105d71a.jpg,train,Grade 3,NEAR_DUPLICATE_DHASH,False,False,3.0
train/Grade 2/302133_jpg.rf.a514d2fa1eecaea04e946d887aebca11.jpg,train,Grade 2,train/Grade 2/302133_jpg.rf.dbfdb251bda00fe518eef1355f7419d4.jpg,train,Grade 2,NEAR_DUPLICATE_DHASH,False,False,2.0
train/Grade 4/302752_jpg.rf.04be7333a25cd53e8c697541c6c0d72c.jpg,train,Grade 4,train/Grade 4/302752_jpg.rf.38f31d1d19ca13875505cf028f491cfe.jpg,train,Grade 4,NEAR_DUPLICATE_DHASH,False,False,0.0
train/Grade 2/305765_jpg.rf.5cd45b138eae7a436963dc93f2034579.jpg,train,Grade 2,train/Grade 2/305765_jpg.rf.662f0b93bd8081da5c3f7abf3d5af5f9.jpg,train,Grade 2,NEAR_DUPLICATE_DHASH,False,False,1.0
train/Grade 2/305765_jpg.rf.5cd45b138eae7a436963dc93f2034579.jpg,train,Grade 2,train/Grade 2/305765_jpg.rf.c6c0bef0a48ce3467564ea5c5fa58268.jpg,train,Grade 2,NEAR_DUPLICATE_DHASH,False,False,0.0
train/Grade 2/305765_jpg.rf.5cd45b138eae7a436963dc93f2034579.jpg,train,Grade 2,train/Grade 2/305765_jpg.rf.f3229a91cdee40b1441b6bd2a70d5ba6.jpg,train,Grade 2,NEAR_DUPLICATE_DHASH,False,False,2.0
train/Grade 2/305765_jpg.rf.662f0b93bd8081da5c3f7abf3d5af5f9.jpg,train,Grade 2,train/Grade 2/305765_jpg.rf.c6c0bef0a48ce3467564ea5c5fa58268.jpg,train,Grade 2,NEAR_DUPLICATE_DHASH,False,False,1.0
train/Grade 2/305765_jpg.rf.662f0b93bd8081da5c3f7abf3d5af5f9.jpg,train,Grade 2,train/Grade 2/305765_jpg.rf.f3229a91cdee40b1441b6bd2a70d5ba6.jpg,train,Grade 2,NEAR_DUPLICATE_DHASH,False,False,3.0
train/Grade 2/305765_jpg.rf.c6c0bef0a48ce3467564ea5c5fa58268.jpg,train,Grade 2,train/Grade 2/305765_jpg.rf.f3229a91cdee40b1441b6bd2a70d5ba6.jpg,train,Grade 2,NEAR_DUPLICATE_DHASH,False,False,2.0
train/Grade 4/305811_jpg.rf.262a70bdf82f1a948f1bd94974a79e95.jpg,train,Grade 4,train/Grade 4/305811_jpg.rf.97e2fd0769004694c8a7b13cdad9a27a.jpg,train,Grade 4,NEAR_DUPLICATE_DHASH,False,False,0.0
train/Grade 1/302295_jpg.rf.1ba05c9121a60235b5d0303f5408afed.jpg,train,Grade 1,train/Grade 1/302295_jpg.rf.7fd5e007bda61c4b98018ecddcc21cfe.jpg,train,Grade 1,NEAR_DUPLICATE_DHASH,False,False,1.0
train/Grade 1/302355_jpg.rf.10de3041f8da0d9db5683932d34e6d90.jpg,train,Grade 1,train/Grade 1/302355_jpg.rf.f1a201977f25f5af19b64ade7fe3302f.jpg,train,Grade 1,NEAR_DUPLICATE_DHASH,False,False,0.0
train/Grade 1/302524_jpg.rf.1fc5cf973b6dcb47af378d031dda2629.jpg,train,Grade 1,train/Grade 1/302524_jpg.rf.7215167254335e1dbd70a3203038c80d.jpg,train,Grade 1,NEAR_DUPLICATE_DHASH,False,False,0.0
train/Grade 2/437_jpg.rf.1ac797158721a5b8cba1cfd175f443a6.jpg,train,Grade 2,train/Grade 2/437_jpg.rf.2f07e116dcaa7dce15078694555b0d57.jpg,train,Grade 2,NEAR_DUPLICATE_DHASH,False,False,3.0
train/Grade 1/302363_jpg.rf.2d9487181c4d8323db7648f99952b990.jpg,train,Grade 1,train/Grade 1/302363_jpg.rf.5e02d253fd05b4529d701b8737868a56.jpg,train,Grade 1,NEAR_DUPLICATE_DHASH,False,False,0.0
train/Grade 4/302378_jpg.rf.74abd865b4d4ca0a583963ca63741c8d.jpg,train,Grade 4,train/Grade 4/302378_jpg.rf.f674e7eafb174c629839feefd41d7025.jpg,train,Grade 4,NEAR_DUPLICATE_DHASH,False,False,2.0
train/Grade 1/302385_jpg.rf.429c3ec9ea04fc974b711901e601e517.jpg,train,Grade 1,train/Grade 1/302385_jpg.rf.933af18fee5eb731e245640dfc33f561.jpg,train,Grade 1,NEAR_DUPLICATE_DHASH,False,False,4.0
train/Grade 1/303605_jpg.rf.d0ddf5b14f64e8783706d6e0e2463435.jpg,train,Grade 1,train/Grade 1/303605_jpg.rf.ec1a3b5049c8de6273337148db2769c3.jpg,train,Grade 1,NEAR_DUPLICATE_DHASH,False,False,2.0
train/Grade 3/304547_jpg.rf.3c96648da8e33edfeb356f23c9877b41.jpg,train,Grade 3,train/Grade 3/305338_jpg.rf.7ef7c124b6dad2c2fb2ae6c374028d99.jpg,train,Grade 3,NEAR_DUPLICATE_DHASH,False,False,2.0
train/Grade 3/304547_jpg.rf.3c96648da8e33edfeb356f23c9877b41.jpg,train,Grade 3,train/Grade 3/305338_jpg.rf.b3c2cf57ce4c48f63041d85a12ec4a82.jpg,train,Grade 3,NEAR_DUPLICATE_DHASH,False,False,2.0
train/Grade 3/305338_jpg.rf.7ef7c124b6dad2c2fb2ae6c374028d99.jpg,train,Grade 3,train/Grade 3/305338_jpg.rf.b3c2cf57ce4c48f63041d85a12ec4a82.jpg,train,Grade 3,NEAR_DUPLICATE_DHASH,False,False,0.0
train/Grade 1/306041_jpg.rf.18e7b6ce5313ff76e0c4ff262d57db27.jpg,train,Grade 1,train/Grade 1/306041_jpg.rf.ef36a539eda56ebcdb8e1cd69a23b77b.jpg,train,Grade 1,NEAR_DUPLICATE_DHASH,False,False,2.0
train/Grade 1/60_jpg.rf.06191a7779cdacd214347cf56d91912d.jpg,train,Grade 1,train/Grade 1/60_jpg.rf.22287f764f29128ac25d888fabbdaee1.jpg,train,Grade 1,NEAR_DUPLICATE_DHASH,False,False,0.0
train/Grade 1/642x361_Foot_Corn_SLIDE_2_jpg.rf.93d406725838c6548cd6c540d4a90adf.jpg,train,Grade 1,train/Grade 1/642x361_Foot_Corn_SLIDE_2_jpg.rf.c4e6c41d4cf9ee3d87715fefc0fe87ed.jpg,train,Grade 1,NEAR_DUPLICATE_DHASH,False,False,0.0
train/Grade 3/501270_jpg.rf.6378305656b6404dc614d2a4fdd2c774.jpg,train,Grade 3,train/Grade 3/501270_jpg.rf.832bcd565e8ec1bd2020ef8d754106a7.jpg,train,Grade 3,NEAR_DUPLICATE_DHASH,False,False,0.0
train/Grade 4/501466_jpg.rf.5f96701dab145df9e3cf36760e00b74a.jpg,train,Grade 4,train/Grade 4/501466_jpg.rf.e798205c2be673d873bd27108e86aa0e.jpg,train,Grade 4,NEAR_DUPLICATE_DHASH,False,False,1.0
train/Grade 3/88_jpg.rf.76e4f8a1e974ce604ac8b53984cfd695.jpg,train,Grade 3,train/Grade 3/88_jpg.rf.896d9614f2e7373f61c20939b6a1580c.jpg,train,Grade 3,NEAR_DUPLICATE_DHASH,False,False,0.0
train/Grade 4/348_jpg.rf.90ff4abcab2ad334ef875f20fd95def1.jpg,train,Grade 4,train/Grade 4/348_jpg.rf.ff0c9d9cc52c2318c1371525d6ce9745.jpg,train,Grade 4,NEAR_DUPLICATE_DHASH,False,False,0.0
train/Grade 2/305281_jpg.rf.a3ec5a4933160861df57a67118bbf299.jpg,train,Grade 2,train/Grade 2/305281_jpg.rf.a8c92c78209a7fa15ebbbf76a473b840.jpg,train,Grade 2,NEAR_DUPLICATE_DHASH,False,False,1.0
train/Grade 2/images-13-_jpg.rf.cc808f988a1ebb55282ae3cd01aef5df.jpg,train,Grade 2,train/Grade 2/M2800025-Diabetic_neuropathy_ulceration_of_sole_of_foot-SPL_popup_jpg.rf.f5e2725ac009dc02a0fc52123bfb78ff.jpg,train,Grade 2,NEAR_DUPLICATE_DHASH,False,False,0.0
train/Grade 1/302424_jpg.rf.5f3d468d8f13a8676baf4c6c19dcb6f1.jpg,train,Grade 1,train/Grade 1/302424_jpg.rf.67c101ab1f0db3f42d2671c447751e6a.jpg,train,Grade 1,NEAR_DUPLICATE_DHASH,False,False,3.0
train/Grade 1/303082_jpg.rf.027f02fc74a391902e8a3f542f88124f.jpg,train,Grade 1,train/Grade 1/303082_jpg.rf.3e5214bea629c52392d04e32c2c01ff9.jpg,train,Grade 1,NEAR_DUPLICATE_DHASH,False,False,4.0
train/Grade 1/303082_jpg.rf.027f02fc74a391902e8a3f542f88124f.jpg,train,Grade 1,train/Grade 1/303082_jpg.rf.c8b3d3230ab8a2fdca2a5c011159cc66.jpg,train,Grade 1,NEAR_DUPLICATE_DHASH,False,False,4.0
train/Grade 1/303082_jpg.rf.3e5214bea629c52392d04e32c2c01ff9.jpg,train,Grade 1,train/Grade 1/303082_jpg.rf.c8b3d3230ab8a2fdca2a5c011159cc66.jpg,train,Grade 1,NEAR_DUPLICATE_DHASH,False,False,0.0
train/Grade 4/403_jpg.rf.2d0d486cd35cb071d8458ebf607b553f.jpg,train,Grade 4,train/Grade 4/403_jpg.rf.f9810ae876a2d36cf7d34c4b91b7db4e.jpg,train,Grade 4,NEAR_DUPLICATE_DHASH,False,False,1.0
train/Grade 2/304494_jpg.rf.69e45b1df05de34f05fb74874852c301.jpg,train,Grade 2,train/Grade 2/304494_jpg.rf.6c4d2de79b7df39241dad02c4d5a2462.jpg,train,Grade 2,NEAR_DUPLICATE_DHASH,False,False,2.0
train/Grade 2/304494_jpg.rf.69e45b1df05de34f05fb74874852c301.jpg,train,Grade 2,train/Grade 2/304494_jpg.rf.9beec0f20561479b069ce1e7bf088253.jpg,train,Grade 2,NEAR_DUPLICATE_DHASH,False,False,2.0
train/Grade 2/304494_jpg.rf.6c4d2de79b7df39241dad02c4d5a2462.jpg,train,Grade 2,train/Grade 2/304494_jpg.rf.9beec0f20561479b069ce1e7bf088253.jpg,train,Grade 2,NEAR_DUPLICATE_DHASH,False,False,0.0
train/Grade 3/304100_jpg.rf.34de8f15f639e80a51502aea3aefbb33.jpg,train,Grade 3,train/Grade 3/304100_jpg.rf.6c91bc2c755879c45aa94b812ddada8d.jpg,train,Grade 3,NEAR_DUPLICATE_DHASH,False,False,2.0
train/Grade 3/304100_jpg.rf.34de8f15f639e80a51502aea3aefbb33.jpg,train,Grade 3,train/Grade 3/304100_jpg.rf.cf7976fbab10c349a38ed28f0e6bf60f.jpg,train,Grade 3,NEAR_DUPLICATE_DHASH,False,False,3.0
train/Grade 3/304100_jpg.rf.6c91bc2c755879c45aa94b812ddada8d.jpg,train,Grade 3,train/Grade 3/304100_jpg.rf.cf7976fbab10c349a38ed28f0e6bf60f.jpg,train,Grade 3,NEAR_DUPLICATE_DHASH,False,False,1.0
train/Grade 1/302460_jpg.rf.5bbb46a4e3a3e339e38da01903e9e054.jpg,train,Grade 1,train/Grade 1/302460_jpg.rf.e3979796462d4900337f28d25bab9dd3.jpg,train,Grade 1,NEAR_DUPLICATE_DHASH,False,False,2.0
train/Grade 2/302927_jpg.rf.3aeed3dc59298868f6a3e50e53541435.jpg,train,Grade 2,train/Grade 2/302927_jpg.rf.5f6ce8a2d9ce97b828dac5b56e6b479a.jpg,train,Grade 2,NEAR_DUPLICATE_DHASH,False,False,2.0
train/Grade 2/302927_jpg.rf.3aeed3dc59298868f6a3e50e53541435.jpg,train,Grade 2,train/Grade 2/302927_jpg.rf.93ccad0cd1805cf6446539c4c09a1e3d.jpg,train,Grade 2,NEAR_DUPLICATE_DHASH,False,False,2.0
train/Grade 2/302927_jpg.rf.3aeed3dc59298868f6a3e50e53541435.jpg,train,Grade 2,train/Grade 2/302927_jpg.rf.a26f7627049be196c9b64eb224a3e5c2.jpg,train,Grade 2,NEAR_DUPLICATE_DHASH,False,False,2.0
train/Grade 2/302927_jpg.rf.5f6ce8a2d9ce97b828dac5b56e6b479a.jpg,train,Grade 2,train/Grade 2/302927_jpg.rf.93ccad0cd1805cf6446539c4c09a1e3d.jpg,train,Grade 2,NEAR_DUPLICATE_DHASH,False,False,0.0
train/Grade 2/302927_jpg.rf.5f6ce8a2d9ce97b828dac5b56e6b479a.jpg,train,Grade 2,train/Grade 2/302927_jpg.rf.a26f7627049be196c9b64eb224a3e5c2.jpg,train,Grade 2,NEAR_DUPLICATE_DHASH,False,False,0.0
train/Grade 2/302927_jpg.rf.93ccad0cd1805cf6446539c4c09a1e3d.jpg,train,Grade 2,train/Grade 2/302927_jpg.rf.a26f7627049be196c9b64eb224a3e5c2.jpg,train,Grade 2,NEAR_DUPLICATE_DHASH,False,False,0.0
train/Grade 2/301837_jpg.rf.a7603043721f438683f80d1cc52eeb88.jpg,train,Grade 2,train/Grade 2/301837_jpg.rf.f316df8641388be68aa9737433911498.jpg,train,Grade 2,NEAR_DUPLICATE_DHASH,False,False,0.0
train/Grade 2/325_jpg.rf.4820e14bd0d460d989ecd2fbd4896143.jpg,train,Grade 2,train/Grade 2/325_jpg.rf.97c9cc7a26a69aa2ae8cc47ffbe22d1e.jpg,train,Grade 2,NEAR_DUPLICATE_DHASH,False,False,0.0
train/Grade 2/301115_jpg.rf.71780d5d4c33f508af45a19d3ad87c04.jpg,train,Grade 2,train/Grade 2/301115_jpg.rf.d1ac31a06cfe706bd79c5546c683b985.jpg,train,Grade 2,NEAR_DUPLICATE_DHASH,False,False,3.0
train/Grade 3/303797_jpg.rf.20cec9c82a47e4f801efceb633446307.jpg,train,Grade 3,train/Grade 3/303797_jpg.rf.e9442aa756872a4ff9a252b33c6874bb.jpg,train,Grade 3,NEAR_DUPLICATE_DHASH,False,False,1.0
train/Grade 4/305009_jpg.rf.2de4b223121d354423994cb8b8286a73.jpg,train,Grade 4,train/Grade 4/305009_jpg.rf.952229b10f19963770f6493d37fd721b.jpg,train,Grade 4,NEAR_DUPLICATE_DHASH,False,False,1.0
train/Grade 3/304622_jpg.rf.833410a3efe95da75a6e27fd9e9fb2db.jpg,train,Grade 3,train/Grade 3/304622_jpg.rf.e5dd1993d577e66e09ed37e45f8d7c79.jpg,train,Grade 3,NEAR_DUPLICATE_DHASH,False,False,0.0
train/Grade 2/305765_jpg.rf.d4c563459766b8f71236a3d115a94296.jpg,train,Grade 2,train/Grade 2/305765_jpg.rf.e6c906d6888af8379fe1f63b65705697.jpg,train,Grade 2,NEAR_DUPLICATE_DHASH,False,False,3.0
train/Grade 4/302910_jpg.rf.39486f716d9a598d8cdac05c6b9d1568.jpg,train,Grade 4,train/Grade 4/302910_jpg.rf.81dd3350c871e0baede07c1923af277b.jpg,train,Grade 4,NEAR_DUPLICATE_DHASH,False,False,2.0
train/Grade 1/302538_jpg.rf.58c9bbef811853746b4a32b5efca3de4.jpg,train,Grade 1,train/Grade 1/302538_jpg.rf.7ccc21dbe516fab8d2988b6ac2a18a28.jpg,train,Grade 1,NEAR_DUPLICATE_DHASH,False,False,1.0
train/Grade 1/302538_jpg.rf.58c9bbef811853746b4a32b5efca3de4.jpg,train,Grade 1,train/Grade 1/302538_jpg.rf.ca71239f41ddd1bb94e3103d8e625717.jpg,train,Grade 1,NEAR_DUPLICATE_DHASH,False,False,1.0
train/Grade 1/302538_jpg.rf.7ccc21dbe516fab8d2988b6ac2a18a28.jpg,train,Grade 1,train/Grade 1/302538_jpg.rf.ca71239f41ddd1bb94e3103d8e625717.jpg,train,Grade 1,NEAR_DUPLICATE_DHASH,False,False,2.0
train/Grade 1/302567_jpg.rf.2c01b21b166e25e36ef9199215ed0127.jpg,train,Grade 1,train/Grade 1/302567_jpg.rf.56543187b94e89bd9ced8fa2647aaca1.jpg,train,Grade 1,NEAR_DUPLICATE_DHASH,False,False,1.0
train/Grade 3/301045_jpg.rf.14bbe868504634fa9ed91fc235491490.jpg,train,Grade 3,train/Grade 3/301045_jpg.rf.1958e56642204937925ea34400f156cb.jpg,train,Grade 3,NEAR_DUPLICATE_DHASH,False,False,0.0
train/Grade 4/24_jpg.rf.65cbce4fab66c9d49c5812f0675661e5.jpg,train,Grade 4,train/Grade 4/24_jpg.rf.fb061a1412241d7865086614bf4845b5.jpg,train,Grade 4,NEAR_DUPLICATE_DHASH,False,False,4.0
train/Grade 4/302372_jpg.rf.006929479fd500e3d7437419c83772fc.jpg,train,Grade 4,train/Grade 4/302372_jpg.rf.88ad42cd4c578329d0092896a6e8ef11.jpg,train,Grade 4,NEAR_DUPLICATE_DHASH,False,False,0.0
train/Grade 1/302580_jpg.rf.6c69cd9d9f25332df433f7cd7406437b.jpg,train,Grade 1,train/Grade 1/302580_jpg.rf.c17649bed76b31c6fb49b2aa7459b759.jpg,train,Grade 1,NEAR_DUPLICATE_DHASH,False,False,4.0
train/Grade 2/305461_jpg.rf.13b698053c28c9163e4da257a0359319.jpg,train,Grade 2,train/Grade 2/305461_jpg.rf.5cc43556e73572aa224bc0452cd56b01.jpg,train,Grade 2,NEAR_DUPLICATE_DHASH,False,False,1.0
train/Grade 2/302549_jpg.rf.840e21315eb5f7c4dfb6c2ae6d617465.jpg,train,Grade 2,train/Grade 2/302549_jpg.rf.8c2913a7c5be63f670e490e66cbf1c71.jpg,train,Grade 2,NEAR_DUPLICATE_DHASH,False,False,1.0
train/Grade 2/302549_jpg.rf.840e21315eb5f7c4dfb6c2ae6d617465.jpg,train,Grade 2,train/Grade 2/302549_jpg.rf.e517f2626b6bc7c25aee554694599900.jpg,train,Grade 2,NEAR_DUPLICATE_DHASH,False,False,2.0
train/Grade 2/302549_jpg.rf.8c2913a7c5be63f670e490e66cbf1c71.jpg,train,Grade 2,train/Grade 2/302549_jpg.rf.e517f2626b6bc7c25aee554694599900.jpg,train,Grade 2,NEAR_DUPLICATE_DHASH,False,False,1.0
train/Grade 2/428_jpg.rf.33bf89f25ab7ec3ad84dfa9dfc420608.jpg,train,Grade 2,train/Grade 2/428_jpg.rf.6189eec4649ca8d1a1507400ddd7726b.jpg,train,Grade 2,NEAR_DUPLICATE_DHASH,False,False,0.0
train/Grade 3/305483_jpg.rf.8d74e3c89d490d7a094cf0890b103f6b.jpg,train,Grade 3,train/Grade 3/305483_jpg.rf.aab1ab471dd23b2e0241460edbf15ee8.jpg,train,Grade 3,NEAR_DUPLICATE_DHASH,False,False,1.0
train/Grade 2/301883_jpg.rf.219e5946e810101fd385add041bdb12b.jpg,train,Grade 2,train/Grade 2/301883_jpg.rf.837fb017ce5402142fdeaf59ca3dfbc3.jpg,train,Grade 2,NEAR_DUPLICATE_DHASH,False,False,3.0
train/Grade 2/301883_jpg.rf.219e5946e810101fd385add041bdb12b.jpg,train,Grade 2,train/Grade 2/301883_jpg.rf.d2074417bf015c5259d3ec55436928fc.jpg,train,Grade 2,NEAR_DUPLICATE_DHASH,False,False,3.0
train/Grade 2/301883_jpg.rf.837fb017ce5402142fdeaf59ca3dfbc3.jpg,train,Grade 2,train/Grade 2/301883_jpg.rf.d2074417bf015c5259d3ec55436928fc.jpg,train,Grade 2,NEAR_DUPLICATE_DHASH,False,False,0.0
train/Grade 2/47_jpg.rf.45599c156196f14ec0876ff5594e7aef.jpg,train,Grade 2,train/Grade 2/47_jpg.rf.bd6cb2bbe41c7162416ab72eaca7fc5c.jpg,train,Grade 2,NEAR_DUPLICATE_DHASH,False,False,0.0
train/Grade 4/239_jpg.rf.477af1dd763e6ea59a81d7fccd43a09d.jpg,train,Grade 4,train/Grade 4/239_jpg.rf.933d4984ff1562fbce1d52ec50586011.jpg,train,Grade 4,NEAR_DUPLICATE_DHASH,False,False,4.0
train/Grade 4/301_jpg.rf.4562c735ce8338d6d14bf4fe31e62461.jpg,train,Grade 4,train/Grade 4/301_jpg.rf.ec685fd7f593391a7950f14a00f6b693.jpg,train,Grade 4,NEAR_DUPLICATE_DHASH,False,False,2.0
train/Grade 1/302652_jpg.rf.838b0c38950bafaf4615ee77b298185e.jpg,train,Grade 1,train/Grade 1/302652_jpg.rf.9614212abf53a73e2ffc719411fce501.jpg,train,Grade 1,NEAR_DUPLICATE_DHASH,False,False,1.0
train/Grade 1/302671_jpg.rf.7fb15dc2675c922c1d1ad34baa93bc8d.jpg,train,Grade 1,train/Grade 1/302671_jpg.rf.f06333c85a8b4b2ce99ee30934e9781b.jpg,train,Grade 1,NEAR_DUPLICATE_DHASH,False,False,1.0
train/Grade 1/302682_jpg.rf.278f201e0633eedcf2db7a9263b43390.jpg,train,Grade 1,train/Grade 1/302682_jpg.rf.32bc9bb54138fe5455cdaa1473042616.jpg,train,Grade 1,NEAR_DUPLICATE_DHASH,False,False,2.0
train/Grade 3/131_jpg.rf.02e768fc730e94609a6fdb6dbf5d2b66.jpg,train,Grade 3,train/Grade 3/131_jpg.rf.9f8f0cbc61343c856be06685f1a4b3e0.jpg,train,Grade 3,NEAR_DUPLICATE_DHASH,False,False,2.0
train/Grade 3/131_jpg.rf.02e768fc730e94609a6fdb6dbf5d2b66.jpg,train,Grade 3,train/Grade 3/131_jpg.rf.a8e2e48aa1ccad534eeacf486a7111d0.jpg,train,Grade 3,NEAR_DUPLICATE_DHASH,False,False,2.0
train/Grade 3/131_jpg.rf.9f8f0cbc61343c856be06685f1a4b3e0.jpg,train,Grade 3,train/Grade 3/131_jpg.rf.a8e2e48aa1ccad534eeacf486a7111d0.jpg,train,Grade 3,NEAR_DUPLICATE_DHASH,False,False,0.0
train/Grade 3/301961_jpg.rf.8e82b1f416f9e12bfb948ba997bf048d.jpg,train,Grade 3,train/Grade 3/301961_jpg.rf.c16ec02f0b38341e44fdc67e82dde82a.jpg,train,Grade 3,NEAR_DUPLICATE_DHASH,False,False,0.0
train/Grade 3/304551_jpg.rf.21fe5246e0139834c4ffed0256d7909e.jpg,train,Grade 3,train/Grade 3/304551_jpg.rf.63ecc3c1c872a4ec42533adcd5989798.jpg,train,Grade 3,NEAR_DUPLICATE_DHASH,False,False,0.0
train/Grade 1/302733_jpg.rf.11cfc7e192572494887cfe1117b879da.jpg,train,Grade 1,train/Grade 1/302733_jpg.rf.9cb1dd85e5e3a5752e4f4e1adfb0f166.jpg,train,Grade 1,NEAR_DUPLICATE_DHASH,False,False,2.0
train/Grade 1/302763_jpg.rf.806d2e6b90ad0d876bb043a6b77fccb1.jpg,train,Grade 1,train/Grade 1/302763_jpg.rf.d7a7b4cd9aebf48787ff286e3e460c71.jpg,train,Grade 1,NEAR_DUPLICATE_DHASH,False,False,0.0
train/Grade 3/164_jpg.rf.dcfd184b1214681fb584ac40d3420d3d.jpg,train,Grade 3,train/Grade 3/164_jpg.rf.f83c306061bb17473b1115d6ab146f83.jpg,train,Grade 3,NEAR_DUPLICATE_DHASH,False,False,1.0
train/Grade 1/302770_jpg.rf.3017344b8e97e870b910b280e8f6418f.jpg,train,Grade 1,train/Grade 1/302770_jpg.rf.c75031e3d4f9d9f94f1624f98db14a62.jpg,train,Grade 1,NEAR_DUPLICATE_DHASH,False,False,2.0
train/Grade 1/302785_jpg.rf.05fbbb3819542386ca80665aa7fe3d45.jpg,train,Grade 1,train/Grade 1/302785_jpg.rf.9be5f0018f4cb42f8c90cf9926bda730.jpg,train,Grade 1,NEAR_DUPLICATE_DHASH,False,False,3.0
train/Grade 3/images-24-_jpg.rf.511d4e4095a12c24b70ee59c4af71972.jpg,train,Grade 3,train/Grade 3/images-24-_jpg.rf.65e350ad924591ff60e8e05c4981053c.jpg,train,Grade 3,NEAR_DUPLICATE_DHASH,False,False,0.0
train/Grade 1/302795_jpg.rf.691db0501eaea1dc50b8d8ef51f97098.jpg,train,Grade 1,train/Grade 1/302795_jpg.rf.edf9440f074ae35e90d68292de718999.jpg,train,Grade 1,NEAR_DUPLICATE_DHASH,False,False,1.0
train/Grade 3/37_jpg.rf.2c24d64fde0fc7d5e4b85a9abe065a4e.jpg,train,Grade 3,train/Grade 3/37_jpg.rf.4b125da99b43630b1b35bd3e04687b0a.jpg,train,Grade 3,NEAR_DUPLICATE_DHASH,False,False,4.0
train/Grade 3/37_jpg.rf.2c24d64fde0fc7d5e4b85a9abe065a4e.jpg,train,Grade 3,train/Grade 3/37_jpg.rf.942db849a2c1839418973b420ac2498a.jpg,train,Grade 3,NEAR_DUPLICATE_DHASH,False,False,4.0
train/Grade 3/37_jpg.rf.4b125da99b43630b1b35bd3e04687b0a.jpg,train,Grade 3,train/Grade 3/37_jpg.rf.942db849a2c1839418973b420ac2498a.jpg,train,Grade 3,NEAR_DUPLICATE_DHASH,False,False,0.0
train/Grade 3/52947210_414065422490686_606605362522488832_n_jpg.rf.217c6373fc16cbd70da2a1fddb07b325.jpg,train,Grade 3,train/Grade 3/53181561_342865159661053_6451397940698152960_n_jpg.rf.6a86549430de4fdf356e351974a6a1c7.jpg,train,Grade 3,NEAR_DUPLICATE_DHASH,False,False,4.0
train/Grade 2/305416_jpg.rf.0d56d6b40738cec4472fc4da93df3d4a.jpg,train,Grade 2,train/Grade 2/305416_jpg.rf.50a4b26ecafeab8253fcb3f92184b968.jpg,train,Grade 2,NEAR_DUPLICATE_DHASH,False,False,2.0
train/Grade 2/305416_jpg.rf.0d56d6b40738cec4472fc4da93df3d4a.jpg,train,Grade 2,train/Grade 2/305416_jpg.rf.9716902f5748a2725863d614e5187c6f.jpg,train,Grade 2,NEAR_DUPLICATE_DHASH,False,False,2.0
train/Grade 2/305416_jpg.rf.50a4b26ecafeab8253fcb3f92184b968.jpg,train,Grade 2,train/Grade 2/305416_jpg.rf.9716902f5748a2725863d614e5187c6f.jpg,train,Grade 2,NEAR_DUPLICATE_DHASH,False,False,0.0
train/Grade 3/303655_jpg.rf.70edc7aeb76e4d2a4d4cbee049a8fd14.jpg,train,Grade 3,train/Grade 3/303655_jpg.rf.831c9dd3b03eb5dbb34fcf1691cd718d.jpg,train,Grade 3,NEAR_DUPLICATE_DHASH,False,False,0.0
train/Grade 1/302814_jpg.rf.5721423691d206bebc9e2ada306e28c1.jpg,train,Grade 1,train/Grade 1/302814_jpg.rf.8d1ec2231e0cc202edc4c13a961b6051.jpg,train,Grade 1,NEAR_DUPLICATE_DHASH,False,False,0.0
train/Grade 2/images-32-_jpg.rf.1d501e1d090f93bfb5f1b6591971bbc4.jpg,train,Grade 2,train/Grade 2/images-32-_jpg.rf.ba556fe13d299edccbc3423ff8f149ab.jpg,train,Grade 2,NEAR_DUPLICATE_DHASH,False,False,0.0
train/Grade 1/302821_jpg.rf.68cc0bff36d953edfae9465d88a920fe.jpg,train,Grade 1,train/Grade 1/302821_jpg.rf.966bf15ee4894ed8cb62ded912f921e5.jpg,train,Grade 1,NEAR_DUPLICATE_DHASH,False,False,1.0
train/Grade 1/302824_jpg.rf.0b0a604b42795ae5058af9301175ea51.jpg,train,Grade 1,train/Grade 1/302824_jpg.rf.e1669d21791f0422736d5cad927ab18d.jpg,train,Grade 1,NEAR_DUPLICATE_DHASH,False,False,2.0
train/Grade 2/303702_jpg.rf.04f1dda841ad7fda5f2733fe3e687edf.jpg,train,Grade 2,train/Grade 2/303702_jpg.rf.977ddef98c6dcc07fa3878b28301dd69.jpg,train,Grade 2,NEAR_DUPLICATE_DHASH,False,False,2.0
train/Grade 2/301931_jpg.rf.2def9b58fa24a25af0464804993b5cea.jpg,train,Grade 2,train/Grade 2/301931_jpg.rf.ca575601bf357534ef41a71f8a1d7b73.jpg,train,Grade 2,NEAR_DUPLICATE_DHASH,False,False,0.0
train/Grade 4/302541_jpg.rf.3c84efc4982a7e2247e5d990ea78b242.jpg,train,Grade 4,train/Grade 4/302541_jpg.rf.ab010660ac5783e3fbbfb989e914358c.jpg,train,Grade 4,NEAR_DUPLICATE_DHASH,False,False,0.0
train/Grade 4/302541_jpg.rf.3c84efc4982a7e2247e5d990ea78b242.jpg,train,Grade 4,train/Grade 4/302541_jpg.rf.b79ca2124907731c0fb0f89bbba46ced.jpg,train,Grade 4,NEAR_DUPLICATE_DHASH,False,False,2.0
train/Grade 4/302541_jpg.rf.ab010660ac5783e3fbbfb989e914358c.jpg,train,Grade 4,train/Grade 4/302541_jpg.rf.b79ca2124907731c0fb0f89bbba46ced.jpg,train,Grade 4,NEAR_DUPLICATE_DHASH,False,False,2.0
train/Grade 2/501784_jpg.rf.10794f95b4f7e6f36b945345d9184e5a.jpg,train,Grade 2,train/Grade 2/501784_jpg.rf.e57d2e5cf962de375c517f3b7179fc12.jpg,train,Grade 2,NEAR_DUPLICATE_DHASH,False,False,0.0
train/Grade 1/303039_jpg.rf.3a54ae3c5e13393250a8557ce37663d8.jpg,train,Grade 1,train/Grade 1/303039_jpg.rf.8d6df24e8ff8a5934dd7ca8dbb9d2459.jpg,train,Grade 1,NEAR_DUPLICATE_DHASH,False,False,1.0
train/Grade 1/303039_jpg.rf.3a54ae3c5e13393250a8557ce37663d8.jpg,train,Grade 1,train/Grade 1/303039_jpg.rf.a01868025de3b3178a2edc0bc8860124.jpg,train,Grade 1,NEAR_DUPLICATE_DHASH,False,False,1.0
train/Grade 1/303039_jpg.rf.8d6df24e8ff8a5934dd7ca8dbb9d2459.jpg,train,Grade 1,train/Grade 1/303039_jpg.rf.a01868025de3b3178a2edc0bc8860124.jpg,train,Grade 1,NEAR_DUPLICATE_DHASH,False,False,0.0
train/Grade 1/303039_jpg.rf.bafcaa0ed8fec43c27a2e696aaf5ec8f.jpg,train,Grade 1,train/Grade 1/303039_jpg.rf.c43405ef32d3bc36e4d717559d4884f7.jpg,train,Grade 1,NEAR_DUPLICATE_DHASH,False,False,2.0
train/Grade 4/305801_jpg.rf.47ec4e98e99e9d0e9d2f539a58ad86e0.jpg,train,Grade 4,train/Grade 4/305801_jpg.rf.cff2c4f11c15f4d8189f53a1aa451204.jpg,train,Grade 4,NEAR_DUPLICATE_DHASH,False,False,2.0
train/Grade 1/305478_jpg.rf.6d8b1c283ffe236293129fde5188e4e1.jpg,train,Grade 1,train/Grade 1/305478_jpg.rf.b0248dd30e5e1f7b2551f327aad6d316.jpg,train,Grade 1,NEAR_DUPLICATE_DHASH,False,False,4.0
train/Grade 1/303077_jpg.rf.c84f8d99820c52df2cc58b0b71061efe.jpg,train,Grade 1,train/Grade 1/303077_jpg.rf.d14a7186bdc76d0f1fd355ce0e296695.jpg,train,Grade 1,NEAR_DUPLICATE_DHASH,False,False,2.0
train/Grade 3/302596_jpg.rf.5dfe38ca307f67f7a134c71736486701.jpg,train,Grade 3,train/Grade 3/302596_jpg.rf.f5cc725f32ff05c1a95f1c3ea3115a11.jpg,train,Grade 3,NEAR_DUPLICATE_DHASH,False,False,0.0
train/Grade 3/305596_jpg.rf.74de7ae2ef31e63c70d755a85413f634.jpg,train,Grade 3,train/Grade 3/305596_jpg.rf.b0bf983570e3dc7160e2d7cb32ca355c.jpg,train,Grade 3,NEAR_DUPLICATE_DHASH,False,False,0.0
train/Grade 4/380_jpg.rf.5a5268a26fdfcd4b96c9dbb106258667.jpg,train,Grade 4,train/Grade 4/380_jpg.rf.8fe446f66d21cda43d95fd63ef6181b9.jpg,train,Grade 4,NEAR_DUPLICATE_DHASH,False,False,2.0
train/Grade 4/501788_jpg.rf.c9aba6de91b57a498e3541660fc7d742.jpg,train,Grade 4,train/Grade 4/501788_jpg.rf.e991c774ade8f16c0ab98e2bca329bfc.jpg,train,Grade 4,NEAR_DUPLICATE_DHASH,False,False,4.0
train/Grade 3/304797_jpg.rf.6a207bbafab63942b042cd40ed87d543.jpg,train,Grade 3,train/Grade 3/304797_jpg.rf.e0a8783e8b1babcd7e02d8745d9a0f2e.jpg,train,Grade 3,NEAR_DUPLICATE_DHASH,False,False,0.0
train/Grade 1/303108_jpg.rf.01947e313f4104a94e3d51c1f1fc43d7.jpg,train,Grade 1,train/Grade 1/303108_jpg.rf.80ffc61ae1fe574c3f753eca2a9a0b9e.jpg,train,Grade 1,NEAR_DUPLICATE_DHASH,False,False,2.0
train/Grade 1/303108_jpg.rf.01947e313f4104a94e3d51c1f1fc43d7.jpg,train,Grade 1,train/Grade 1/303108_jpg.rf.a2fd4c3ed4e4158a11a59d41777691e2.jpg,train,Grade 1,NEAR_DUPLICATE_DHASH,False,False,0.0
train/Grade 1/303108_jpg.rf.80ffc61ae1fe574c3f753eca2a9a0b9e.jpg,train,Grade 1,train/Grade 1/303108_jpg.rf.a2fd4c3ed4e4158a11a59d41777691e2.jpg,train,Grade 1,NEAR_DUPLICATE_DHASH,False,False,2.0
train/Grade 1/303108_jpg.rf.6b4b5f37981c522e8d4b0fb230e1a423.jpg,train,Grade 1,train/Grade 1/303108_jpg.rf.c427f3682245b1810ba7d32663cdfc5b.jpg,train,Grade 1,NEAR_DUPLICATE_DHASH,False,False,2.0
train/Grade 3/306164_jpg.rf.02f069c65d55b1c043fd27b3adcb32d0.jpg,train,Grade 3,train/Grade 3/306164_jpg.rf.d7018802e841671c4dfd21e8f6710c5a.jpg,train,Grade 3,NEAR_DUPLICATE_DHASH,False,False,0.0
train/Grade 1/303110_jpg.rf.3acd7771ca804ca7d9b955afb23014a1.jpg,train,Grade 1,train/Grade 1/303110_jpg.rf.a4a3dd89be2d5ddef329d15435699e34.jpg,train,Grade 1,NEAR_DUPLICATE_DHASH,False,False,4.0
train/Grade 1/303111_jpg.rf.9f01d1c045ea6a44d6f9c4a016f0bd69.jpg,train,Grade 1,train/Grade 1/303111_jpg.rf.ed980bc48a5d375406d1d38821173122.jpg,train,Grade 1,NEAR_DUPLICATE_DHASH,False,False,4.0
train/Grade 3/301363_jpg.rf.4ef2bdf144748e727b91742334bfdff9.jpg,train,Grade 3,train/Grade 3/301363_jpg.rf.f580497d2011cff55c26660f641ea004.jpg,train,Grade 3,NEAR_DUPLICATE_DHASH,False,False,2.0
train/Grade 3/301363_jpg.rf.4ef2bdf144748e727b91742334bfdff9.jpg,train,Grade 3,valid/Grade 3/302326_jpg.rf.af9bd1eac67255b9747234cdcc9ba536.jpg,valid,Grade 3,NEAR_DUPLICATE_DHASH,True,False,4.0
train/Grade 1/foot-ulcer-217x300_jpg.rf.790700e8d61c459f11ec5f6b5880084f.jpg,train,Grade 1,train/Grade 1/foot-ulcer-217x300_jpg.rf.84e9fdfb9ddbaaccb409a4dde0f1d153.jpg,train,Grade 1,NEAR_DUPLICATE_DHASH,False,False,3.0
train/Grade 2/303639_jpg.rf.001f52ee5a83e5c677f8a7fe94dda6ac.jpg,train,Grade 2,train/Grade 2/303639_jpg.rf.8c4d34fdd9479f0ef3ce8d23f8a8a6f0.jpg,train,Grade 2,NEAR_DUPLICATE_DHASH,False,False,3.0
train/Grade 1/303159_jpg.rf.961d982265db5751dc044e7b96688c54.jpg,train,Grade 1,train/Grade 1/303159_jpg.rf.bf05e27d7cef911df64a992f9efceae4.jpg,train,Grade 1,NEAR_DUPLICATE_DHASH,False,False,2.0
train/Grade 1/303204_jpg.rf.50a30a6f94cac571cb82422d27ee9fe8.jpg,train,Grade 1,train/Grade 1/303204_jpg.rf.fee0e38368c21d083204de6990f13848.jpg,train,Grade 1,NEAR_DUPLICATE_DHASH,False,False,3.0
train/Grade 1/Class-1-Foot-at-risk-a-and-b-Foot-with-callus-but-no-ulcer-b-a-1-_png.rf.3ec3ff6ca308a5499a96b54166311882.jpg,train,Grade 1,train/Grade 1/Class-1-Foot-at-risk-a-and-b-Foot-with-callus-but-no-ulcer-b-a-1-_png.rf.b8a24ee7b8ad99d2086585c5ca45f9ac.jpg,train,Grade 1,NEAR_DUPLICATE_DHASH,False,False,3.0
train/Grade 1/303239_jpg.rf.58770eda9a760dd559dbd3e576d54c98.jpg,train,Grade 1,train/Grade 1/303239_jpg.rf.f85a185ace147f61c5b65acae94505c2.jpg,train,Grade 1,NEAR_DUPLICATE_DHASH,False,False,2.0
train/Grade 2/413_jpg.rf.28ad16832520c8452cf300e86ad229e1.jpg,train,Grade 2,train/Grade 4/508_jpg.rf.4e356556f1fd00425d66cbc7e69f286b.jpg,train,Grade 4,NEAR_DUPLICATE_DHASH,False,True,4.0
train/Grade 1/303299_jpg.rf.601b0366104bea3b95785b5090705782.jpg,train,Grade 1,train/Grade 1/303299_jpg.rf.cb579cce135dadd853f0e42d7684ef4d.jpg,train,Grade 1,NEAR_DUPLICATE_DHASH,False,False,3.0
train/Grade 3/305241_jpg.rf.df91843f1ac5a08b5d8caa1f3d281d5e.jpg,train,Grade 3,train/Grade 3/305241_jpg.rf.e767d6fa0113479501825369b8b266fa.jpg,train,Grade 3,NEAR_DUPLICATE_DHASH,False,False,3.0
train/Grade 4/302601_jpg.rf.6a2796fca807ec98de77304287967023.jpg,train,Grade 4,train/Grade 4/302601_jpg.rf.8f6b7a093b8fd0ce70e7422bdc4b4d6c.jpg,train,Grade 4,NEAR_DUPLICATE_DHASH,False,False,0.0
train/Grade 1/303324_jpg.rf.2ce634db68e989abfe000a43fe3126ee.jpg,train,Grade 1,train/Grade 1/303324_jpg.rf.5634521820a4cd7f81c6ff7e62ecd4bb.jpg,train,Grade 1,NEAR_DUPLICATE_DHASH,False,False,0.0
train/Grade 2/305014_jpg.rf.03f7ea0bfe2d601ef4e9d3f71fd17440.jpg,train,Grade 2,train/Grade 2/305014_jpg.rf.bb0a37b976834aa08cb1f0f255a012f0.jpg,train,Grade 2,NEAR_DUPLICATE_DHASH,False,False,1.0
train/Grade 4/14_jpg.rf.10e7078e1102a55c98848ce8589864d7.jpg,train,Grade 4,train/Grade 4/14_jpg.rf.d453febdb76775216c863059102a527c.jpg,train,Grade 4,NEAR_DUPLICATE_DHASH,False,False,0.0
train/Grade 1/303333_jpg.rf.c8ee383319ab64abaf2227cb8c20adf2.jpg,train,Grade 1,train/Grade 1/303333_jpg.rf.f5c76e5ef3cce624800ad485373b9e1c.jpg,train,Grade 1,NEAR_DUPLICATE_DHASH,False,False,1.0
train/Grade 1/303436_jpg.rf.204bf2ead69538ac1535cb697a18f979.jpg,train,Grade 1,train/Grade 1/303436_jpg.rf.26df3bec71489ebb87ea0e46b5dbd8c2.jpg,train,Grade 1,NEAR_DUPLICATE_DHASH,False,False,0.0
train/Grade 3/301026_jpg.rf.4768f475e8ed25d6817463dd5bbea8dd.jpg,train,Grade 3,train/Grade 3/301026_jpg.rf.fe3827af28e04a00ec58927bf8e7bf58.jpg,train,Grade 3,NEAR_DUPLICATE_DHASH,False,False,0.0
train/Grade 2/301579_jpg.rf.8b7c23bfcf9788ead12a105e307f4d51.jpg,train,Grade 2,train/Grade 2/301579_jpg.rf.b7577af3bb25a067e7ace6e4d369ef06.jpg,train,Grade 2,NEAR_DUPLICATE_DHASH,False,False,1.0
train/Grade 1/303442_jpg.rf.589133ea434bce77b25568279ca195bb.jpg,train,Grade 1,train/Grade 1/303442_jpg.rf.7d854d3c99617f22e80fcbbf0aa9a5a0.jpg,train,Grade 1,NEAR_DUPLICATE_DHASH,False,False,0.0
train/Grade 1/450_jpg.rf.35387b1ccab4f40f38939ab519a7e882.jpg,train,Grade 1,train/Grade 1/450_jpg.rf.4232ce9f8274aee87d3e5f520aaa4d49.jpg,train,Grade 1,NEAR_DUPLICATE_DHASH,False,False,4.0
train/Grade 2/219_jpg.rf.6a5940046cc84c3e35fea3a053c08a77.jpg,train,Grade 2,train/Grade 2/219_jpg.rf.9164112da7d11aa205346b133dd63e8c.jpg,train,Grade 2,NEAR_DUPLICATE_DHASH,False,False,1.0
train/Grade 2/219_jpg.rf.6a5940046cc84c3e35fea3a053c08a77.jpg,train,Grade 2,train/Grade 2/219_jpg.rf.e95b958285517e80d66426d42d5bb2fb.jpg,train,Grade 2,NEAR_DUPLICATE_DHASH,False,False,2.0
train/Grade 2/219_jpg.rf.9164112da7d11aa205346b133dd63e8c.jpg,train,Grade 2,train/Grade 2/219_jpg.rf.e95b958285517e80d66426d42d5bb2fb.jpg,train,Grade 2,NEAR_DUPLICATE_DHASH,False,False,3.0
train/Grade 2/301771_jpg.rf.6c12cdf20b862b34bb8b074fc6085dde.jpg,train,Grade 2,train/Grade 2/301771_jpg.rf.cbe35b8cda503c174e75fae239f312e2.jpg,train,Grade 2,NEAR_DUPLICATE_DHASH,False,False,4.0
train/Grade 2/302945_jpg.rf.0a4aed68cd855c77ba8e6be8f0036917.jpg,train,Grade 2,train/Grade 2/302945_jpg.rf.a2bf808fb914d2b064f197fd7b41aba4.jpg,train,Grade 2,NEAR_DUPLICATE_DHASH,False,False,1.0
train/Grade 1/303451_jpg.rf.58046ed5157e20de4cf29bcea7ef7dfb.jpg,train,Grade 1,train/Grade 1/303451_jpg.rf.a6f60dcf6d7ce5e71dc294a7e2f819be.jpg,train,Grade 1,NEAR_DUPLICATE_DHASH,False,False,1.0
train/Grade 1/305384_jpg.rf.1738a607b2033ac808a498d9477c1768.jpg,train,Grade 1,train/Grade 1/305384_jpg.rf.b96ddf6b41f9940733e9b44ef81b8173.jpg,train,Grade 1,NEAR_DUPLICATE_DHASH,False,False,0.0
train/Grade 3/305249_jpg.rf.aaba56a1d8a1b9925286454afdc4763d.jpg,train,Grade 3,train/Grade 3/305249_jpg.rf.bc0bc368745d09fb7d833a309c17945d.jpg,train,Grade 3,NEAR_DUPLICATE_DHASH,False,False,0.0
train/Grade 1/52757120_1755919394536957_6489692010843209728_n_jpg.rf.308e4f72af206a47638dfc6faefc9b76.jpg,train,Grade 1,train/Grade 1/52757120_1755919394536957_6489692010843209728_n_jpg.rf.48df75ea91ad3f94e050fee3a2785d57.jpg,train,Grade 1,NEAR_DUPLICATE_DHASH,False,False,0.0
train/Grade 2/305312_jpg.rf.14019752868be11629b642663f6b6e2e.jpg,train,Grade 2,train/Grade 2/305312_jpg.rf.26281ba81edc127ba11308b3340c8560.jpg,train,Grade 2,NEAR_DUPLICATE_DHASH,False,False,0.0
train/Grade 1/soft-corn-between-toes_jpg.rf.c836767a82fb067d073d0e740eb3b892.jpg,train,Grade 1,train/Grade 1/soft-corn-between-toes_jpg.rf.d26a864ed7e211e2b927816ef082ae80.jpg,train,Grade 1,NEAR_DUPLICATE_DHASH,False,False,3.0
train/Grade 1/303558_jpg.rf.2a08b39057293c6588f543ef34af2ebb.jpg,train,Grade 1,train/Grade 1/303558_jpg.rf.cf21029d8acbd9abaacdabbefe2a6db6.jpg,train,Grade 1,NEAR_DUPLICATE_DHASH,False,False,0.0
train/Grade 1/303558_jpg.rf.2ca2197b4328c02c31c796024254b839.jpg,train,Grade 1,train/Grade 1/303558_jpg.rf.49f97afdfd23a43cafd67e6a98669d04.jpg,train,Grade 1,NEAR_DUPLICATE_DHASH,False,False,0.0
train/Grade 1/303565_jpg.rf.025266637198b7bd3cefde3c28ea83da.jpg,train,Grade 1,train/Grade 1/303565_jpg.rf.431e83914fd326e011f290f43386ceef.jpg,train,Grade 1,NEAR_DUPLICATE_DHASH,False,False,1.0
train/Grade 1/303565_jpg.rf.1cbd8392a6138cf6724bb11c324e3fd2.jpg,train,Grade 1,train/Grade 1/303565_jpg.rf.2b3e024a4a55e76de1777a0fe27f6d3d.jpg,train,Grade 1,NEAR_DUPLICATE_DHASH,False,False,0.0
train/Grade 1/303565_jpg.rf.1cbd8392a6138cf6724bb11c324e3fd2.jpg,train,Grade 1,train/Grade 1/303565_jpg.rf.5063de290ddf562786aff68b4e1d51f4.jpg,train,Grade 1,NEAR_DUPLICATE_DHASH,False,False,4.0
train/Grade 1/303565_jpg.rf.2b3e024a4a55e76de1777a0fe27f6d3d.jpg,train,Grade 1,train/Grade 1/303565_jpg.rf.5063de290ddf562786aff68b4e1d51f4.jpg,train,Grade 1,NEAR_DUPLICATE_DHASH,False,False,4.0
train/Grade 3/304573_jpg.rf.23dcd5c6237990a5c9d95911a132ab82.jpg,train,Grade 3,train/Grade 3/304573_jpg.rf.60af3fe32b7184825fd6f4d4a3dd4c8e.jpg,train,Grade 3,NEAR_DUPLICATE_DHASH,False,False,4.0
train/Grade 3/302554_jpg.rf.38ff1880683b801b475f98e4b56d8dc3.jpg,train,Grade 3,train/Grade 3/302554_jpg.rf.bc216d6a45055d22afe17a985e1f70fd.jpg,train,Grade 3,NEAR_DUPLICATE_DHASH,False,False,0.0
train/Grade 3/51758604_536049470222332_2162260324068098048_n_jpg.rf.740d0ccd9b671eb47d2147cf9f8de64a.jpg,train,Grade 3,train/Grade 3/51758604_536049470222332_2162260324068098048_n_jpg.rf.f131cdb90356cebc8fb3da763540487d.jpg,train,Grade 3,NEAR_DUPLICATE_DHASH,False,False,4.0
train/Grade 3/51758604_536049470222332_2162260324068098048_n_jpg.rf.e322de9742b2656c85c8e11f7ca72235.jpg,train,Grade 3,train/Grade 3/51758604_536049470222332_2162260324068098048_n_jpg.rf.f131cdb90356cebc8fb3da763540487d.jpg,train,Grade 3,NEAR_DUPLICATE_DHASH,False,False,1.0
train/Grade 2/312_jpg.rf.ee5ec7fe4cecedd03b418ffcd4f4f12e.jpg,train,Grade 2,train/Grade 3/311_jpg.rf.4366b5bd0b534fe5590a085c6884ba86.jpg,train,Grade 3,NEAR_DUPLICATE_DHASH,False,True,4.0
train/Grade 3/302990_jpg.rf.b6f276f77fa3a72770613c033a5036e7.jpg,train,Grade 3,train/Grade 3/302990_jpg.rf.f4746f0bb1a0eb1fda546fecfc52f102.jpg,train,Grade 3,NEAR_DUPLICATE_DHASH,False,False,0.0
train/Grade 4/349_jpg.rf.21defbb65986e52961683f6fccf6544f.jpg,train,Grade 4,train/Grade 4/349_jpg.rf.8eafe426f111cd1e39bc41b2caf425b1.jpg,train,Grade 4,NEAR_DUPLICATE_DHASH,False,False,0.0
train/Grade 3/303917_jpg.rf.6218dc0d5998fb906edd19e96013e9e2.jpg,train,Grade 3,train/Grade 3/303917_jpg.rf.e0f93a3cf2526507472180e43cdf0ac3.jpg,train,Grade 3,NEAR_DUPLICATE_DHASH,False,False,0.0
train/Grade 1/50_jpg.rf.34f832c344aaec19e8242fa4d7ec5e41.jpg,train,Grade 1,train/Grade 1/50_jpg.rf.aa011a59d0ad895d4e4b5384bb20d162.jpg,train,Grade 1,NEAR_DUPLICATE_DHASH,False,False,2.0
train/Grade 1/303698_jpg.rf.1ce4498da22d393bff2ecd099de890ee.jpg,train,Grade 1,train/Grade 1/303698_jpg.rf.4ee74b1e1c734319d367472ba7691bf5.jpg,train,Grade 1,NEAR_DUPLICATE_DHASH,False,False,1.0
train/Grade 2/161_jpg.rf.da37fda52d626285cc9e05a9b2ae2d05.jpg,train,Grade 2,train/Grade 2/161_jpg.rf.e6cfaf2fb9efc3e258788f47aa2d2f8b.jpg,train,Grade 2,NEAR_DUPLICATE_DHASH,False,False,2.0
train/Grade 1/305374_jpg.rf.14766dcaa45cb71f24d24622788838ea.jpg,train,Grade 1,train/Grade 1/305374_jpg.rf.2adee36c60091ffcb9dd61df87050657.jpg,train,Grade 1,NEAR_DUPLICATE_DHASH,False,False,2.0
train/Grade 4/301965_jpg.rf.8be645f0c77b17157a0794cb6c173d8c.jpg,train,Grade 4,train/Grade 4/301965_jpg.rf.f6c9b6f20702ff9030c776f43b2965ef.jpg,train,Grade 4,NEAR_DUPLICATE_DHASH,False,False,0.0
train/Grade 4/301965_jpg.rf.8be645f0c77b17157a0794cb6c173d8c.jpg,train,Grade 4,train/Grade 4/302249_jpg.rf.71f7a6e18bae1b66876d0a0ea010314b.jpg,train,Grade 4,NEAR_DUPLICATE_DHASH,False,False,1.0
train/Grade 4/301965_jpg.rf.8be645f0c77b17157a0794cb6c173d8c.jpg,train,Grade 4,train/Grade 4/302249_jpg.rf.94fccc97bc96fde53f33cb896094d198.jpg,train,Grade 4,NEAR_DUPLICATE_DHASH,False,False,1.0
train/Grade 4/301965_jpg.rf.f6c9b6f20702ff9030c776f43b2965ef.jpg,train,Grade 4,train/Grade 4/302249_jpg.rf.71f7a6e18bae1b66876d0a0ea010314b.jpg,train,Grade 4,NEAR_DUPLICATE_DHASH,False,False,1.0
train/Grade 4/301965_jpg.rf.f6c9b6f20702ff9030c776f43b2965ef.jpg,train,Grade 4,train/Grade 4/302249_jpg.rf.94fccc97bc96fde53f33cb896094d198.jpg,train,Grade 4,NEAR_DUPLICATE_DHASH,False,False,1.0
train/Grade 4/302249_jpg.rf.71f7a6e18bae1b66876d0a0ea010314b.jpg,train,Grade 4,train/Grade 4/302249_jpg.rf.94fccc97bc96fde53f33cb896094d198.jpg,train,Grade 4,NEAR_DUPLICATE_DHASH,False,False,0.0
train/Grade 1/305374_jpg.rf.57f32613cb1aee4147321278c71c0bea.jpg,train,Grade 1,train/Grade 1/305374_jpg.rf.afbb57ab5aac44b6a69d411003b234ed.jpg,train,Grade 1,NEAR_DUPLICATE_DHASH,False,False,0.0
train/Grade 2/304615_jpg.rf.5fad8f01eb941d271c985a7535b8d25c.jpg,train,Grade 2,train/Grade 2/304615_jpg.rf.70d136716197947c9c384da96556d739.jpg,train,Grade 2,NEAR_DUPLICATE_DHASH,False,False,2.0
train/Grade 2/304615_jpg.rf.5fad8f01eb941d271c985a7535b8d25c.jpg,train,Grade 2,train/Grade 2/304615_jpg.rf.744dc36ed4d24769b1c160411b4519c4.jpg,train,Grade 2,NEAR_DUPLICATE_DHASH,False,False,4.0
train/Grade 1/305384_jpg.rf.a97fd715dc882ae878a04a0e609ab0a1.jpg,train,Grade 1,train/Grade 1/305384_jpg.rf.eb5ad3d89436fdc977d6b4ac00883917.jpg,train,Grade 1,NEAR_DUPLICATE_DHASH,False,False,0.0
train/Grade 2/301956_jpg.rf.503fddaa64bd103e390b3cd0cae1be34.jpg,train,Grade 2,train/Grade 2/301956_jpg.rf.a1ba735bdfc0c866d5b58c1a6d614af0.jpg,train,Grade 2,NEAR_DUPLICATE_DHASH,False,False,1.0
train/Grade 3/106_jpg.rf.32ef3f71a04e4987ab84432a9e69ed50.jpg,train,Grade 3,train/Grade 3/106_jpg.rf.9b0f039dc804f1de0974e65d054c3f21.jpg,train,Grade 3,NEAR_DUPLICATE_DHASH,False,False,1.0
train/Grade 3/20_jpg.rf.b1cc0b88ab8ecfd47aadc42879789cd9.jpg,train,Grade 3,train/Grade 3/2_png.rf.6ae436515173641fb6a1f08be9d774d8.jpg,train,Grade 3,NEAR_DUPLICATE_DHASH,False,False,0.0
train/Grade 3/305232_jpg.rf.2b19fb5f1617d10683dfad50603131f9.jpg,train,Grade 3,train/Grade 3/305232_jpg.rf.c8039c6b6fba14ed339c56551539e7f6.jpg,train,Grade 3,NEAR_DUPLICATE_DHASH,False,False,4.0
train/Grade 1/305479_jpg.rf.923906949c5b9a8f488c9b127292830e.jpg,train,Grade 1,train/Grade 1/305479_jpg.rf.d5a96bc4fe503f1ae837ace44a5fdb3a.jpg,train,Grade 1,NEAR_DUPLICATE_DHASH,False,False,4.0
train/Grade 3/303880_jpg.rf.8badede955851f6d1b1721907facbc8e.jpg,train,Grade 3,train/Grade 3/303880_jpg.rf.d9abac29141519e28c8ae18f77c6d55e.jpg,train,Grade 3,NEAR_DUPLICATE_DHASH,False,False,1.0
train/Grade 1/305774_jpg.rf.6addf46ec1999574663fd206cdcf59ef.jpg,train,Grade 1,train/Grade 1/305774_jpg.rf.9b1971928e7082da1269d0ce4b36d596.jpg,train,Grade 1,NEAR_DUPLICATE_DHASH,False,False,1.0
train/Grade 3/305019_jpg.rf.3914a25d8f8a02020ff2aaa348f15d54.jpg,train,Grade 3,train/Grade 3/305019_jpg.rf.727eaf5ce892d483202101b2f4370e8f.jpg,train,Grade 3,NEAR_DUPLICATE_DHASH,False,False,0.0
train/Grade 1/306053_jpg.rf.a3896450b82c80af5421500f6a79f7fd.jpg,train,Grade 1,train/Grade 1/306053_jpg.rf.d2087e830a920c325b1bdaa1b16e00f5.jpg,train,Grade 1,NEAR_DUPLICATE_DHASH,False,False,1.0
train/Grade 4/302173_jpg.rf.daf8dd4562791006af4fb9c819c05233.jpg,train,Grade 4,train/Grade 4/302173_jpg.rf.ed8aecc26925292b39f8051f6e46ffb4.jpg,train,Grade 4,NEAR_DUPLICATE_DHASH,False,False,1.0
train/Grade 1/306058_jpg.rf.4be97ee1af045fe2e42103891767fa91.jpg,train,Grade 1,train/Grade 1/306058_jpg.rf.f4b2e1f4dabb0404a39c0010a4868076.jpg,train,Grade 1,NEAR_DUPLICATE_DHASH,False,False,1.0
train/Grade 4/98_jpg.rf.53ba0b313eb6c5d3737e2ae043273fd3.jpg,train,Grade 4,train/Grade 4/98_jpg.rf.8ede34ede742e312141e425bf15f2cf7.jpg,train,Grade 4,NEAR_DUPLICATE_DHASH,False,False,0.0
train/Grade 3/305706_jpg.rf.08c21e4c18dce0b5d2f5458b3005f7c2.jpg,train,Grade 3,train/Grade 3/305706_jpg.rf.4a232f05b78b4b6d20fcbef08815d138.jpg,train,Grade 3,NEAR_DUPLICATE_DHASH,False,False,0.0
train/Grade 3/305706_jpg.rf.08c21e4c18dce0b5d2f5458b3005f7c2.jpg,train,Grade 3,train/Grade 3/305706_jpg.rf.9ffd4285b232d64b2cb766be45798d78.jpg,train,Grade 3,NEAR_DUPLICATE_DHASH,False,False,1.0
train/Grade 3/305706_jpg.rf.4a232f05b78b4b6d20fcbef08815d138.jpg,train,Grade 3,train/Grade 3/305706_jpg.rf.9ffd4285b232d64b2cb766be45798d78.jpg,train,Grade 3,NEAR_DUPLICATE_DHASH,False,False,1.0
train/Grade 2/301477_jpg.rf.3b93287f4c4eb30c15c704fb60a81b32.jpg,train,Grade 2,train/Grade 2/301477_jpg.rf.7756d06bc2f2494b391ca4d13a02420d.jpg,train,Grade 2,NEAR_DUPLICATE_DHASH,False,False,1.0
train/Grade 3/301329_jpg.rf.2db5fb89eb86e11e1e884a3d7684dd58.jpg,train,Grade 3,train/Grade 3/301329_jpg.rf.6b3963a332e33c392d1031f3bfe70ceb.jpg,train,Grade 3,NEAR_DUPLICATE_DHASH,False,False,2.0
train/Grade 4/303330_jpg.rf.37089ec326d53c10717ecf49fd5a3326.jpg,train,Grade 4,train/Grade 4/303330_jpg.rf.42662c08e6ddfc6c0f689b10e7689d8f.jpg,train,Grade 4,NEAR_DUPLICATE_DHASH,False,False,0.0
train/Grade 4/454_jpg.rf.4b9d5d19f2f64d95f7d017561ad25a28.jpg,train,Grade 4,train/Grade 4/454_jpg.rf.93fa7b223c4c57bb18b2d91cece42d21.jpg,train,Grade 4,NEAR_DUPLICATE_DHASH,False,False,1.0
train/Grade 1/306154_jpg.rf.030e98e4d6f8349e659cc22735f382d4.jpg,train,Grade 1,train/Grade 1/306154_jpg.rf.9d169d54d9146eff4d0b93a27c4ac9d3.jpg,train,Grade 1,NEAR_DUPLICATE_DHASH,False,False,2.0
train/Grade 1/306183_jpg.rf.03ad08e2ae4aab23c74a1c16b4ae30c4.jpg,train,Grade 1,train/Grade 1/306183_jpg.rf.ff8bfadf627d70cfa1e088f9d42b6f45.jpg,train,Grade 1,NEAR_DUPLICATE_DHASH,False,False,1.0
train/Grade 3/304242_jpg.rf.66bbab8ba697da44723c771133276150.jpg,train,Grade 3,train/Grade 3/304242_jpg.rf.df0e4fc318a2120ce8c01be23e234e4d.jpg,train,Grade 3,NEAR_DUPLICATE_DHASH,False,False,0.0
train/Grade 3/52970995_426417371436683_7545621660573892608_n_jpg.rf.7df0a68c4a5f01c34a34e58cefe017cd.jpg,train,Grade 3,train/Grade 3/52970995_426417371436683_7545621660573892608_n_jpg.rf.ef6c952361801ec0d4f10d09fc503567.jpg,train,Grade 3,NEAR_DUPLICATE_DHASH,False,False,1.0
train/Grade 4/206_jpg.rf.453289aa471a0317bbabca080602eb65.jpg,train,Grade 4,train/Grade 4/206_jpg.rf.478c297d37af5e0c44877bf9ce396bff.jpg,train,Grade 4,NEAR_DUPLICATE_DHASH,False,False,4.0
train/Grade 1/30_jpg.rf.2f6a4406a23808b3414b29048d2c4c81.jpg,train,Grade 1,train/Grade 1/30_jpg.rf.fbf9afab4912cffdf3b0c54004ee7dcf.jpg,train,Grade 1,NEAR_DUPLICATE_DHASH,False,False,2.0
train/Grade 3/509_jpg.rf.1f44394d31dd0dc788eaaf3991ceec53.jpg,train,Grade 3,train/Grade 3/509_jpg.rf.5526c96f98ff2f1727bbafda52a0c5dc.jpg,train,Grade 3,NEAR_DUPLICATE_DHASH,False,False,1.0
train/Grade 3/51608202_540873169654642_8922852337635033088_n_jpg.rf.614838d9330280be929ddb8f2dcbd225.jpg,train,Grade 3,train/Grade 3/51608202_540873169654642_8922852337635033088_n_jpg.rf.810923afe3ec375f396c5398b3614830.jpg,train,Grade 3,NEAR_DUPLICATE_DHASH,False,False,0.0
train/Grade 4/431_jpg.rf.a893afd7c6b125ae1bf5354d7fc4ba5f.jpg,train,Grade 4,train/Grade 4/431_jpg.rf.f6aca44d59da573e3a3c92bc8b8076c7.jpg,train,Grade 4,NEAR_DUPLICATE_DHASH,False,False,0.0
train/Grade 4/4916270068439552632_jpg.rf.6026899dd72c919efde97ba0aa033889.jpg,train,Grade 4,train/Grade 4/51828252_1926211384175067_24937331739852800_n_jpg.rf.cc5f3576157a8facbe512c0674489df0.jpg,train,Grade 4,NEAR_DUPLICATE_DHASH,False,False,1.0
train/Grade 1/30_jpg.rf.50e1b45ea6d575c3b903781763c4d732.jpg,train,Grade 1,train/Grade 1/30_jpg.rf.d1bf99f2635a5039a48e7d6c4dfe41ba.jpg,train,Grade 1,NEAR_DUPLICATE_DHASH,False,False,0.0
train/Grade 1/343_jpg.rf.331650b507467d884afed05a2ff79f8d.jpg,train,Grade 1,train/Grade 1/343_jpg.rf.dfa6f4a60dad413d088fe6d6ea4ec6a8.jpg,train,Grade 1,NEAR_DUPLICATE_DHASH,False,False,1.0
train/Grade 1/347_jpg.rf.89413972a0c0fcaef1fc002cb572f1f3.jpg,train,Grade 1,train/Grade 1/347_jpg.rf.fe52755292aa62455d7cebc1c512e9e4.jpg,train,Grade 1,NEAR_DUPLICATE_DHASH,False,False,2.0
train/Grade 1/347_jpg.rf.cd2a41e62402b577565f7313145a7bf2.jpg,train,Grade 1,train/Grade 1/347_jpg.rf.fe8c66c1a241565734e0cde2e06183a2.jpg,train,Grade 1,NEAR_DUPLICATE_DHASH,False,False,2.0
train/Grade 2/301115_jpg.rf.3db2e483fc467e85fdb04e88da3e068f.jpg,train,Grade 2,train/Grade 2/301115_jpg.rf.5f227598be0adb77e14e4208acfb31ac.jpg,train,Grade 2,NEAR_DUPLICATE_DHASH,False,False,2.0
train/Grade 3/302987_jpg.rf.3725d277b38a125d3efee9c8f851f26f.jpg,train,Grade 3,train/Grade 3/302987_jpg.rf.a1d2110cfd6ae4f8c359e286cebb3797.jpg,train,Grade 3,NEAR_DUPLICATE_DHASH,False,False,2.0
train/Grade 3/303611_jpg.rf.2ffe3c0a649b13721eaff8f387372db2.jpg,train,Grade 3,train/Grade 3/303611_jpg.rf.517151cc0adb5b7e429befba72295a31.jpg,train,Grade 3,NEAR_DUPLICATE_DHASH,False,False,3.0
train/Grade 1/360_jpg.rf.c45643c08499f976af7c14de2d2b57b8.jpg,train,Grade 1,train/Grade 1/360_jpg.rf.f363b2b5898309a082837371760940b4.jpg,train,Grade 1,NEAR_DUPLICATE_DHASH,False,False,1.0
train/Grade 1/37_jpg.rf.731c5d0c65f88fb972b7051f7123690e.jpg,train,Grade 1,train/Grade 1/37_jpg.rf.d9e2990f3fb1d20b81f0a1ef7a76bab4.jpg,train,Grade 1,NEAR_DUPLICATE_DHASH,False,False,0.0
train/Grade 4/304829_jpg.rf.1a21a94ca53fbab701bcf2506366c597.jpg,train,Grade 4,train/Grade 4/304829_jpg.rf.e319f040fa9b7386d08aec99afbcba91.jpg,train,Grade 4,NEAR_DUPLICATE_DHASH,False,False,3.0
train/Grade 3/378_jpg.rf.1b1548004a32338d66b7a83b2da3e6c1.jpg,train,Grade 3,train/Grade 3/378_jpg.rf.28e76c108de3cb370fe84ca9d8d41da8.jpg,train,Grade 3,NEAR_DUPLICATE_DHASH,False,False,4.0
train/Grade 4/265_jpg.rf.67faf530324989ec1643ae6cc3bcf2da.jpg,train,Grade 4,train/Grade 4/265_jpg.rf.7453293227558466c9fcd108481a3ba6.jpg,train,Grade 4,NEAR_DUPLICATE_DHASH,False,False,0.0
train/Grade 4/265_jpg.rf.67faf530324989ec1643ae6cc3bcf2da.jpg,train,Grade 4,train/Grade 4/265_jpg.rf.ec1ae59e94081fd475dc62c089b93d19.jpg,train,Grade 4,NEAR_DUPLICATE_DHASH,False,False,0.0
train/Grade 4/265_jpg.rf.7453293227558466c9fcd108481a3ba6.jpg,train,Grade 4,train/Grade 4/265_jpg.rf.ec1ae59e94081fd475dc62c089b93d19.jpg,train,Grade 4,NEAR_DUPLICATE_DHASH,False,False,0.0
train/Grade 3/17_JPG.rf.2a187d15c8c35fcbb7603097ee3766d0.jpg,train,Grade 3,train/Grade 3/17_JPG.rf.5ffdfb95e80d16aa7c2ef467aab8c4cd.jpg,train,Grade 3,NEAR_DUPLICATE_DHASH,False,False,3.0
train/Grade 1/438_jpg.rf.bd8d03d997f459f7202bcb9e5eb04e60.jpg,train,Grade 1,train/Grade 1/438_jpg.rf.f91bae6c4a29e5694ff67996ef819512.jpg,train,Grade 1,NEAR_DUPLICATE_DHASH,False,False,1.0
train/Grade 1/440_jpg.rf.0b3ab4d6338a8a9a3786014a932e5b91.jpg,train,Grade 1,train/Grade 1/440_jpg.rf.1fafb78b29769c9d2e394e501f3f9777.jpg,train,Grade 1,NEAR_DUPLICATE_DHASH,False,False,1.0
train/Grade 1/440_jpg.rf.0b3ab4d6338a8a9a3786014a932e5b91.jpg,train,Grade 1,train/Grade 1/440_jpg.rf.c17405517036ecc292166035938762a9.jpg,train,Grade 1,NEAR_DUPLICATE_DHASH,False,False,1.0
train/Grade 1/440_jpg.rf.1fafb78b29769c9d2e394e501f3f9777.jpg,train,Grade 1,train/Grade 1/440_jpg.rf.c17405517036ecc292166035938762a9.jpg,train,Grade 1,NEAR_DUPLICATE_DHASH,False,False,0.0
train/Grade 2/301755_jpg.rf.1dc13bc7e53fb9cc7fa30c69141936a8.jpg,train,Grade 2,train/Grade 2/301755_jpg.rf.7accec1f20c893747b47ca37c1c406de.jpg,train,Grade 2,NEAR_DUPLICATE_DHASH,False,False,0.0
train/Grade 2/429_jpg.rf.407179e4287f7e7a3cbd273451955387.jpg,train,Grade 2,train/Grade 2/429_jpg.rf.61ba12a276d7a8c27c8dfb582147ad7b.jpg,train,Grade 2,NEAR_DUPLICATE_DHASH,False,False,1.0
train/Grade 1/455_jpg.rf.42326023786d44898a9baaf19b492fcc.jpg,train,Grade 1,train/Grade 1/455_jpg.rf.a01918f108f2222f35d17df639b0c758.jpg,train,Grade 1,NEAR_DUPLICATE_DHASH,False,False,0.0
train/Grade 1/corn-1200x820_jpg.rf.0dc07ceab0f947a740935d1b7571ce9f.jpg,train,Grade 1,train/Grade 1/corn-1200x820_jpg.rf.8197e8023215dfd47260fd242341ac49.jpg,train,Grade 1,NEAR_DUPLICATE_DHASH,False,False,1.0
train/Grade 4/51858111_2120697521351716_1932841652360052736_n_jpg.rf.632a4a8e1f91bc808cd6820630b2ece9.jpg,train,Grade 4,train/Grade 4/51858111_2120697521351716_1932841652360052736_n_jpg.rf.bda73b7bf942861cf4d7f430760d41cf.jpg,train,Grade 4,NEAR_DUPLICATE_DHASH,False,False,0.0
train/Grade 3/3849135830295494223_jpg.rf.3e82d382e7f890a51da681c07ffad0e9.jpg,train,Grade 3,train/Grade 3/52553604_246819646237286_562344848363880448_n_jpg.rf.6092fb29486e5fb8baa07c071061b856.jpg,train,Grade 3,NEAR_DUPLICATE_DHASH,False,False,2.0
train/Grade 3/3849135830295494223_jpg.rf.3e82d382e7f890a51da681c07ffad0e9.jpg,train,Grade 3,train/Grade 3/52553604_246819646237286_562344848363880448_n_jpg.rf.7b14926c63b556fadd962abe9c6b89bf.jpg,train,Grade 3,NEAR_DUPLICATE_DHASH,False,False,1.0
train/Grade 3/3849135830295494223_jpg.rf.3e82d382e7f890a51da681c07ffad0e9.jpg,train,Grade 3,train/Grade 3/52553604_246819646237286_562344848363880448_n_jpg.rf.b5ac76e363c995f22cd2dd6470db47af.jpg,train,Grade 3,NEAR_DUPLICATE_DHASH,False,False,1.0
train/Grade 3/52553604_246819646237286_562344848363880448_n_jpg.rf.6092fb29486e5fb8baa07c071061b856.jpg,train,Grade 3,train/Grade 3/52553604_246819646237286_562344848363880448_n_jpg.rf.7b14926c63b556fadd962abe9c6b89bf.jpg,train,Grade 3,NEAR_DUPLICATE_DHASH,False,False,3.0
train/Grade 3/52553604_246819646237286_562344848363880448_n_jpg.rf.6092fb29486e5fb8baa07c071061b856.jpg,train,Grade 3,train/Grade 3/52553604_246819646237286_562344848363880448_n_jpg.rf.b5ac76e363c995f22cd2dd6470db47af.jpg,train,Grade 3,NEAR_DUPLICATE_DHASH,False,False,3.0
train/Grade 3/52553604_246819646237286_562344848363880448_n_jpg.rf.7b14926c63b556fadd962abe9c6b89bf.jpg,train,Grade 3,train/Grade 3/52553604_246819646237286_562344848363880448_n_jpg.rf.b5ac76e363c995f22cd2dd6470db47af.jpg,train,Grade 3,NEAR_DUPLICATE_DHASH,False,False,0.0
train/Grade 1/479_jpg.rf.0c32f45def601c970080ca3469f22a8b.jpg,train,Grade 1,train/Grade 1/479_jpg.rf.8447919162a0e3de047b7b99b5ccc925.jpg,train,Grade 1,NEAR_DUPLICATE_DHASH,False,False,0.0
train/Grade 1/479_jpg.rf.0c32f45def601c970080ca3469f22a8b.jpg,train,Grade 1,train/Grade 1/479_jpg.rf.9c4b8e479882b6df937f47d1a543625d.jpg,train,Grade 1,NEAR_DUPLICATE_DHASH,False,False,0.0
train/Grade 1/479_jpg.rf.0c32f45def601c970080ca3469f22a8b.jpg,train,Grade 1,train/Grade 1/479_jpg.rf.e29af827f5c21eae725f5587afcefbda.jpg,train,Grade 1,NEAR_DUPLICATE_DHASH,False,False,0.0
train/Grade 1/479_jpg.rf.8447919162a0e3de047b7b99b5ccc925.jpg,train,Grade 1,train/Grade 1/479_jpg.rf.9c4b8e479882b6df937f47d1a543625d.jpg,train,Grade 1,NEAR_DUPLICATE_DHASH,False,False,0.0
train/Grade 1/479_jpg.rf.8447919162a0e3de047b7b99b5ccc925.jpg,train,Grade 1,train/Grade 1/479_jpg.rf.e29af827f5c21eae725f5587afcefbda.jpg,train,Grade 1,NEAR_DUPLICATE_DHASH,False,False,0.0
train/Grade 1/479_jpg.rf.9c4b8e479882b6df937f47d1a543625d.jpg,train,Grade 1,train/Grade 1/479_jpg.rf.e29af827f5c21eae725f5587afcefbda.jpg,train,Grade 1,NEAR_DUPLICATE_DHASH,False,False,0.0
train/Grade 4/72_jpg.rf.263a55e5631e47efc81a2ad9f55f1b25.jpg,train,Grade 4,train/Grade 4/72_jpg.rf.3cb190e5836625a31bfb321eea33c554.jpg,train,Grade 4,NEAR_DUPLICATE_DHASH,False,False,0.0
train/Grade 1/490_jpg.rf.5d87e5cff2a9708857e4273b32c85ace.jpg,train,Grade 1,train/Grade 1/490_jpg.rf.b47baa268371ea19291a3e64dc3eead2.jpg,train,Grade 1,NEAR_DUPLICATE_DHASH,False,False,3.0
train/Grade 1/491_jpg.rf.540e9ee9e8293891eb78c33d419143be.jpg,train,Grade 1,train/Grade 1/491_jpg.rf.949b2b6fa0cf6e657b206f468250095f.jpg,train,Grade 1,NEAR_DUPLICATE_DHASH,False,False,2.0
train/Grade 1/52602678_2035901099812024_4298910114632433664_n_jpg.rf.242053551de014afb944f51726e67368.jpg,train,Grade 1,train/Grade 2/2248535364383155415_jpg.rf.8085b6a8a62fe1d3945c49b9ceb4d260.jpg,train,Grade 2,NEAR_DUPLICATE_DHASH,False,True,0.0
train/Grade 2/302198_jpg.rf.1aa92367557b3771919df45581496f3e.jpg,train,Grade 2,train/Grade 2/302198_jpg.rf.c10f06961fb7ccb6ea51308a32bfd3b6.jpg,train,Grade 2,NEAR_DUPLICATE_DHASH,False,False,1.0
train/Grade 2/302198_jpg.rf.1aa92367557b3771919df45581496f3e.jpg,train,Grade 2,train/Grade 2/302198_jpg.rf.f37ef7c3c2b8f8cc1f8c62e69ce2b2dc.jpg,train,Grade 2,NEAR_DUPLICATE_DHASH,False,False,0.0
train/Grade 2/302198_jpg.rf.c10f06961fb7ccb6ea51308a32bfd3b6.jpg,train,Grade 2,train/Grade 2/302198_jpg.rf.f37ef7c3c2b8f8cc1f8c62e69ce2b2dc.jpg,train,Grade 2,NEAR_DUPLICATE_DHASH,False,False,1.0
train/Grade 1/52602678_2035901099812024_4298910114632433664_n_jpg.rf.ded58c80aa3305b3b493633ebf05b743.jpg,train,Grade 1,train/Grade 2/2248535364383155415_jpg.rf.b5738a4bf5a4747e4c87c488395ea725.jpg,train,Grade 2,NEAR_DUPLICATE_DHASH,False,True,1.0
train/Grade 1/52602678_2035901099812024_4298910114632433664_n_jpg.rf.ded58c80aa3305b3b493633ebf05b743.jpg,train,Grade 1,train/Grade 2/2248535364383155415_jpg.rf.c47a274802e8cb03664b11348feaaa61.jpg,train,Grade 2,NEAR_DUPLICATE_DHASH,False,True,1.0
train/Grade 2/2248535364383155415_jpg.rf.b5738a4bf5a4747e4c87c488395ea725.jpg,train,Grade 2,train/Grade 2/2248535364383155415_jpg.rf.c47a274802e8cb03664b11348feaaa61.jpg,train,Grade 2,NEAR_DUPLICATE_DHASH,False,False,0.0
train/Grade 1/52609028_2277834325581089_3465908624981753856_n_jpg.rf.076f8b149cac3727e3e38d517dbb3185.jpg,train,Grade 1,train/Grade 1/52609028_2277834325581089_3465908624981753856_n_jpg.rf.1a82cf3bc61b2dd286692d30e3fbe7d4.jpg,train,Grade 1,NEAR_DUPLICATE_DHASH,False,False,0.0
train/Grade 2/16_jpg.rf.2dbfdc880648ecc101d70a4623215bec.jpg,train,Grade 2,train/Grade 2/16_jpg.rf.c36ada3a363fa1bacdecc561e98d5d1c.jpg,train,Grade 2,NEAR_DUPLICATE_DHASH,False,False,0.0
train/Grade 4/315_jpg.rf.af899e338607660093d91a9f189334b0.jpg,train,Grade 4,train/Grade 4/315_jpg.rf.d56819cdfcfabf948533e30d6ba3a842.jpg,train,Grade 4,NEAR_DUPLICATE_DHASH,False,False,0.0
train/Grade 1/55_jpg.rf.41a6a0440ce5a3b1ae8e90829a952b70.jpg,train,Grade 1,train/Grade 1/55_jpg.rf.de295708ff0533fb7eb184a0cfc84a8c.jpg,train,Grade 1,NEAR_DUPLICATE_DHASH,False,False,4.0
train/Grade 2/305358_jpg.rf.27c16a37763b2d4444588a4cd864439d.jpg,train,Grade 2,train/Grade 2/305358_jpg.rf.7fbbea9c1ada5d7657c8b8377b813185.jpg,train,Grade 2,NEAR_DUPLICATE_DHASH,False,False,4.0
train/Grade 2/afp19980315p1325-f4_jpg.rf.3135363c5be569b7ad6265dddb0e43b6.jpg,train,Grade 2,train/Grade 2/afp19980315p1325-f4_jpg.rf.f67535d58e279c3ae9ccc701f8247c0d.jpg,train,Grade 2,NEAR_DUPLICATE_DHASH,False,False,0.0
train/Grade 1/61_jpg.rf.3b1616049592355e0e7ec518501554e3.jpg,train,Grade 1,train/Grade 1/61_jpg.rf.c63a0830f9a190414b33dfb95ecef832.jpg,train,Grade 1,NEAR_DUPLICATE_DHASH,False,False,0.0
train/Grade 4/403_jpg.rf.729797c1bfc7d72509dab9566852f181.jpg,train,Grade 4,train/Grade 4/403_jpg.rf.9ebd913310497685bf42b5387d3631b7.jpg,train,Grade 4,NEAR_DUPLICATE_DHASH,False,False,0.0
train/Grade 1/62_jpg.rf.4dc53163dd1ea3014fdc3f2307709248.jpg,train,Grade 1,train/Grade 1/62_jpg.rf.72b6bf45c72ad59ec8bc9b3c2d48d6f2.jpg,train,Grade 1,NEAR_DUPLICATE_DHASH,False,False,3.0
train/Grade 2/301931_jpg.rf.f0002b3ac4a3026fac6e017e3f42e105.jpg,train,Grade 2,train/Grade 2/301931_jpg.rf.ff44ffe8c9cc4bc9d5de623f6dac3d10.jpg,train,Grade 2,NEAR_DUPLICATE_DHASH,False,False,1.0
train/Grade 1/corn-1200x820_jpg.rf.37281c742085a5e986194b451716bd35.jpg,train,Grade 1,train/Grade 1/corn-1200x820_jpg.rf.3cf69aa2b3ac0fa5d35d701b299ee3ed.jpg,train,Grade 1,NEAR_DUPLICATE_DHASH,False,False,1.0
train/Grade 1/corn-1200x820_jpg.rf.37281c742085a5e986194b451716bd35.jpg,train,Grade 1,train/Grade 1/corn-1200x820_jpg.rf.79a31473770169ef9b354ebbc5ec269f.jpg,train,Grade 1,NEAR_DUPLICATE_DHASH,False,False,0.0
train/Grade 1/corn-1200x820_jpg.rf.37281c742085a5e986194b451716bd35.jpg,train,Grade 1,train/Grade 1/corn-1200x820_jpg.rf.afab0b4ebec5e6c69691b266a08f0f2a.jpg,train,Grade 1,NEAR_DUPLICATE_DHASH,False,False,1.0
train/Grade 1/corn-1200x820_jpg.rf.3cf69aa2b3ac0fa5d35d701b299ee3ed.jpg,train,Grade 1,train/Grade 1/corn-1200x820_jpg.rf.79a31473770169ef9b354ebbc5ec269f.jpg,train,Grade 1,NEAR_DUPLICATE_DHASH,False,False,1.0
train/Grade 1/corn-1200x820_jpg.rf.3cf69aa2b3ac0fa5d35d701b299ee3ed.jpg,train,Grade 1,train/Grade 1/corn-1200x820_jpg.rf.afab0b4ebec5e6c69691b266a08f0f2a.jpg,train,Grade 1,NEAR_DUPLICATE_DHASH,False,False,0.0
train/Grade 1/corn-1200x820_jpg.rf.79a31473770169ef9b354ebbc5ec269f.jpg,train,Grade 1,train/Grade 1/corn-1200x820_jpg.rf.afab0b4ebec5e6c69691b266a08f0f2a.jpg,train,Grade 1,NEAR_DUPLICATE_DHASH,False,False,1.0
train/Grade 3/53065724_556509794855795_1292984953679642624_n_jpg.rf.3e9a8a7bf07f835b45a779c1c35b9abb.jpg,train,Grade 3,train/Grade 3/53065724_556509794855795_1292984953679642624_n_jpg.rf.90ad9c5a28131a771149cccbd7d75b01.jpg,train,Grade 3,NEAR_DUPLICATE_DHASH,False,False,1.0
train/Grade 1/66_jpg.rf.54fb8624a960c8b6c5b1d4a2531a8a8d.jpg,train,Grade 1,train/Grade 1/66_jpg.rf.7821c74480eac7a0fd93e1470a151f0a.jpg,train,Grade 1,NEAR_DUPLICATE_DHASH,False,False,0.0
train/Grade 1/67_jpg.rf.7405ce5b64fdf425067cd9f6c19424d8.jpg,train,Grade 1,train/Grade 1/67_jpg.rf.c0c184e474809325ef9c2a49b19976f4.jpg,train,Grade 1,NEAR_DUPLICATE_DHASH,False,False,4.0
train/Grade 1/68_jpg.rf.35eed52d2f50fbd8c0f7f8dc53e01e03.jpg,train,Grade 1,train/Grade 1/68_jpg.rf.a80a30267e391bf15dd81d349bb0bdcf.jpg,train,Grade 1,NEAR_DUPLICATE_DHASH,False,False,2.0
train/Grade 1/78_jpg.rf.003fdd633decae07c96541a3b7fc296d.jpg,train,Grade 1,train/Grade 1/78_jpg.rf.620c22d038f5b58082ed45f5e393dcd7.jpg,train,Grade 1,NEAR_DUPLICATE_DHASH,False,False,0.0
train/Grade 1/78_jpg.rf.1bc8f3c43c08e4beca25f36fc0f34fc9.jpg,train,Grade 1,train/Grade 1/78_jpg.rf.6e37cc496cd475ba646983c3d21d0fe5.jpg,train,Grade 1,NEAR_DUPLICATE_DHASH,False,False,2.0
train/Grade 1/78_jpg.rf.1bc8f3c43c08e4beca25f36fc0f34fc9.jpg,train,Grade 1,train/Grade 1/78_jpg.rf.b9e9326aa8e0bbb4614c21e2403e1435.jpg,train,Grade 1,NEAR_DUPLICATE_DHASH,False,False,4.0
train/Grade 1/78_jpg.rf.6e37cc496cd475ba646983c3d21d0fe5.jpg,train,Grade 1,train/Grade 1/78_jpg.rf.b9e9326aa8e0bbb4614c21e2403e1435.jpg,train,Grade 1,NEAR_DUPLICATE_DHASH,False,False,2.0
train/Grade 4/53117785_2460643370672500_861234714868973568_n_jpg.rf.f5fb784ddf7f039ff312a3c747acce35.jpg,train,Grade 4,train/Grade 4/53117785_2460643370672500_861234714868973568_n_jpg.rf.fe8dcdcd16b2188001798415517edd27.jpg,train,Grade 4,NEAR_DUPLICATE_DHASH,False,False,0.0
train/Grade 1/7a5e12fa15_jpg.rf.348de43bd4d77cd32803dcaa928ca0a1.jpg,train,Grade 1,train/Grade 1/7a5e12fa15_jpg.rf.f52e9855370218f7108e5128d8b46f7e.jpg,train,Grade 1,NEAR_DUPLICATE_DHASH,False,False,2.0
train/Grade 3/52947210_414065422490686_606605362522488832_n_jpg.rf.491ed60d9055abd8c88cd8a09d6403ef.jpg,train,Grade 3,train/Grade 3/53181561_342865159661053_6451397940698152960_n_jpg.rf.4eedde66a8c5bd0549dee51a65cbd55e.jpg,train,Grade 3,NEAR_DUPLICATE_DHASH,False,False,3.0
train/Grade 3/4493578528152659698_jpg.rf.0e61f299847997ef9c3409ae1487b42d.jpg,train,Grade 3,train/Grade 3/4493578528152659698_jpg.rf.48dd4fac64057f4addbfceffa3575c48.jpg,train,Grade 3,NEAR_DUPLICATE_DHASH,False,False,0.0
train/Grade 3/4493578528152659698_jpg.rf.0e61f299847997ef9c3409ae1487b42d.jpg,train,Grade 3,train/Grade 3/52290072_288278388503662_4626597947310604288_n_jpg.rf.6dbfd6ed56bd758d4ebb0cbb32f2e18a.jpg,train,Grade 3,NEAR_DUPLICATE_DHASH,False,False,0.0
train/Grade 3/4493578528152659698_jpg.rf.48dd4fac64057f4addbfceffa3575c48.jpg,train,Grade 3,train/Grade 3/52290072_288278388503662_4626597947310604288_n_jpg.rf.6dbfd6ed56bd758d4ebb0cbb32f2e18a.jpg,train,Grade 3,NEAR_DUPLICATE_DHASH,False,False,0.0
train/Grade 1/a-Plantar-hallux-subungual-ulcer-b-ulcer-healing-after-tenotomy-of-the-flexor_png.rf.498bc0bf11a74c626c265edbd7397ff5.jpg,train,Grade 1,train/Grade 1/a-Plantar-hallux-subungual-ulcer-b-ulcer-healing-after-tenotomy-of-the-flexor_png.rf.d92900e4be318462f9a8eceb70482815.jpg,train,Grade 1,NEAR_DUPLICATE_DHASH,False,False,1.0
train/Grade 1/a-Plantar-hallux-subungual-ulcer-b-ulcer-healing-after-tenotomy-of-the-flexor_png.rf.498bc0bf11a74c626c265edbd7397ff5.jpg,train,Grade 1,train/Grade 1/a-Plantar-hallux-subungual-ulcer-b-ulcer-healing-after-tenotomy-of-the-flexor_png.rf.e793965237e238b7fd222acfb9ebb263.jpg,train,Grade 1,NEAR_DUPLICATE_DHASH,False,False,0.0
train/Grade 1/a-Plantar-hallux-subungual-ulcer-b-ulcer-healing-after-tenotomy-of-the-flexor_png.rf.d92900e4be318462f9a8eceb70482815.jpg,train,Grade 1,train/Grade 1/a-Plantar-hallux-subungual-ulcer-b-ulcer-healing-after-tenotomy-of-the-flexor_png.rf.e793965237e238b7fd222acfb9ebb263.jpg,train,Grade 1,NEAR_DUPLICATE_DHASH,False,False,1.0
train/Grade 2/254523_439097456171562_1128600796_n_jpg.rf.06d13606135166f51a0c6091d5337699.jpg,train,Grade 2,train/Grade 2/254523_439097456171562_1128600796_n_jpg.rf.567a7cd02f862e17dd2225ac0c1006e5.jpg,train,Grade 2,NEAR_DUPLICATE_DHASH,False,False,4.0
train/Grade 2/254523_439097456171562_1128600796_n_jpg.rf.06d13606135166f51a0c6091d5337699.jpg,train,Grade 2,train/Grade 2/254523_439097456171562_1128600796_n_jpg.rf.fa3a83be940c0bbd6d3ce86d3134487e.jpg,train,Grade 2,NEAR_DUPLICATE_DHASH,False,False,0.0
train/Grade 2/254523_439097456171562_1128600796_n_jpg.rf.567a7cd02f862e17dd2225ac0c1006e5.jpg,train,Grade 2,train/Grade 2/254523_439097456171562_1128600796_n_jpg.rf.fa3a83be940c0bbd6d3ce86d3134487e.jpg,train,Grade 2,NEAR_DUPLICATE_DHASH,False,False,4.0
train/Grade 3/498_jpg.rf.42c2be53f2d39930fe89a8f8532a8ad8.jpg,train,Grade 3,train/Grade 3/498_jpg.rf.8fc9d7859fb68fda0f85689094f93cec.jpg,train,Grade 3,NEAR_DUPLICATE_DHASH,False,False,0.0
train/Grade 4/301154_jpg.rf.052bcd899f450929773572a06171fd7e.jpg,train,Grade 4,train/Grade 4/301154_jpg.rf.286f8e92082b8f8d7ede188726d039a0.jpg,train,Grade 4,NEAR_DUPLICATE_DHASH,False,False,0.0
train/Grade 3/305807_jpg.rf.85c0a6e9dafd9bfabba2eb919aed2e25.jpg,train,Grade 3,train/Grade 3/305807_jpg.rf.ea94ca61c64c34b593a5ddb68e912149.jpg,train,Grade 3,NEAR_DUPLICATE_DHASH,False,False,4.0
train/Grade 1/Callus-Formation1_jpg.rf.875cb5acee5ab28dbfa4e7150ed6b2d5.jpg,train,Grade 1,train/Grade 1/Callus-Formation1_jpg.rf.a921f588c501c0d3d995d93f372c8c77.jpg,train,Grade 1,NEAR_DUPLICATE_DHASH,False,False,0.0
train/Grade 1/diabetic-foot-ulcer-pictures_jpg.rf.85fdd8888bd82d9fe643bdb7a31871ca.jpg,train,Grade 1,train/Grade 1/diabetic-foot-ulcer-pictures_jpg.rf.8db5fa5732292366d28240fe51930d4b.jpg,train,Grade 1,NEAR_DUPLICATE_DHASH,False,False,1.0
train/Grade 1/download-1-_jpg.rf.1bf85e7867f8b8f0e7a7bc9a91934206.jpg,train,Grade 1,train/Grade 1/download-1-_jpg.rf.e7d35d63ebab904921196de0c0be0f32.jpg,train,Grade 1,NEAR_DUPLICATE_DHASH,False,False,0.0
train/Grade 1/download-1-_jpg.rf.3418e2ef6a331c60db8f6ae4497a30a5.jpg,train,Grade 1,train/Grade 1/download-1-_jpg.rf.86c4995c0dab925a9514787a4cb57d81.jpg,train,Grade 1,NEAR_DUPLICATE_DHASH,False,False,3.0
train/Grade 1/DSC00319_jpeg.rf.4236f633c49af0c443cb216bd3c26942.jpg,train,Grade 1,train/Grade 1/DSC00319_jpeg.rf.c0c7b21819c76f8a0ee2c205cb75eab2.jpg,train,Grade 1,NEAR_DUPLICATE_DHASH,False,False,0.0
train/Grade 4/184_jpg.rf.2099e714052afe0201f5f26f18f849b3.jpg,train,Grade 4,train/Grade 4/184_jpg.rf.75c23ffee65266ecfd9981c49da7c1d3.jpg,train,Grade 4,NEAR_DUPLICATE_DHASH,False,False,2.0
train/Grade 4/184_jpg.rf.2099e714052afe0201f5f26f18f849b3.jpg,train,Grade 4,train/Grade 4/184_jpg.rf.d510a85fdcc5158e7a3f3ebe0562a327.jpg,train,Grade 4,NEAR_DUPLICATE_DHASH,False,False,2.0
train/Grade 4/184_jpg.rf.75c23ffee65266ecfd9981c49da7c1d3.jpg,train,Grade 4,train/Grade 4/184_jpg.rf.d510a85fdcc5158e7a3f3ebe0562a327.jpg,train,Grade 4,NEAR_DUPLICATE_DHASH,False,False,0.0
train/Grade 4/diabetoc-foot-ulcer_jpg.rf.278f8d6925bab4c17e23d0b7f3964fa7.jpg,train,Grade 4,train/Grade 4/diabetoc-foot-ulcer_jpg.rf.3d6928d193d5dc195111e1f776542147.jpg,train,Grade 4,NEAR_DUPLICATE_DHASH,False,False,4.0
train/Grade 4/510_jpg.rf.3f6205dee984d94ef08c7cfd55cdce1e.jpg,train,Grade 4,train/Grade 4/510_jpg.rf.e2521a110b9cefedd354041be7b298d5.jpg,train,Grade 4,NEAR_DUPLICATE_DHASH,False,False,1.0
train/Grade 4/302411_jpg.rf.22108188df2edfdeb21b6db664e15caf.jpg,train,Grade 4,train/Grade 4/302411_jpg.rf.d30593e87038f70e06393698a114342b.jpg,train,Grade 4,NEAR_DUPLICATE_DHASH,False,False,0.0
train/Grade 1/Foot-ulcer-600x399_png.rf.11a56df38770b2cf6bab741a288b27dc.jpg,train,Grade 1,train/Grade 1/Foot-ulcer-600x399_png.rf.3860e318f5ae3318ddd9dfaa330a9cfc.jpg,train,Grade 1,NEAR_DUPLICATE_DHASH,False,False,1.0
train/Grade 3/305728_jpg.rf.302d74ac89d736c6fa480022b18d0786.jpg,train,Grade 3,train/Grade 3/305728_jpg.rf.a3a7f92b99562b1a44e109fadd221994.jpg,train,Grade 3,NEAR_DUPLICATE_DHASH,False,False,1.0
train/Grade 1/image1_jpeg.rf.015d00b4958a8ea42e0aff7ba83b95aa.jpg,train,Grade 1,train/Grade 1/image1_jpeg.rf.2c849037670b3dbdc8f0a4a1ff44a64c.jpg,train,Grade 1,NEAR_DUPLICATE_DHASH,False,False,0.0
train/Grade 4/305459_jpg.rf.b67aa4c930423578edd7cf1ac3d9c81e.jpg,train,Grade 4,train/Grade 4/305459_jpg.rf.f3127665d07a235023890d20bc5261ee.jpg,train,Grade 4,NEAR_DUPLICATE_DHASH,False,False,2.0
train/Grade 1/images-28-_jpg.rf.34499b8023b1cd9cabe740f95c99cd1d.jpg,train,Grade 1,train/Grade 1/images-28-_jpg.rf.b7394dbae5094907d7b4c5226a90a85d.jpg,train,Grade 1,NEAR_DUPLICATE_DHASH,False,False,0.0
train/Grade 3/304047_jpg.rf.6f065064e82abb68407d807c11ab36d5.jpg,train,Grade 3,train/Grade 3/304047_jpg.rf.88a021930be929e47630aa12849dbcf1.jpg,train,Grade 3,NEAR_DUPLICATE_DHASH,False,False,1.0
train/Grade 3/304047_jpg.rf.6f065064e82abb68407d807c11ab36d5.jpg,train,Grade 3,train/Grade 3/304047_jpg.rf.dab97f695949dfa4527617be2ef807ff.jpg,train,Grade 3,NEAR_DUPLICATE_DHASH,False,False,1.0
train/Grade 3/304047_jpg.rf.88a021930be929e47630aa12849dbcf1.jpg,train,Grade 3,train/Grade 3/304047_jpg.rf.dab97f695949dfa4527617be2ef807ff.jpg,train,Grade 3,NEAR_DUPLICATE_DHASH,False,False,0.0
train/Grade 4/303446_jpg.rf.0bdc1371c4e1e6aa702d8961de313395.jpg,train,Grade 4,train/Grade 4/303446_jpg.rf.5d77f139c77cff4a4fba17133fee9dcb.jpg,train,Grade 4,NEAR_DUPLICATE_DHASH,False,False,1.0
train/Grade 1/images-33-_jpg.rf.1f858966594213e6546a7a97ef0ea919.jpg,train,Grade 1,train/Grade 1/images-33-_jpg.rf.39965cc58e5ffd2544bf13ecf952c418.jpg,train,Grade 1,NEAR_DUPLICATE_DHASH,False,False,0.0
train/Grade 2/303696_jpg.rf.127e137d35560f7d92232ec5c43208d8.jpg,train,Grade 2,train/Grade 2/303696_jpg.rf.400561131023e60672a1e3a0756dfa95.jpg,train,Grade 2,NEAR_DUPLICATE_DHASH,False,False,0.0
train/Grade 1/images-34-_jpg.rf.8ff321863c9bcc888a9111da3a91117f.jpg,train,Grade 1,train/Grade 1/images-34-_jpg.rf.f3f499051e2f8e69d9a6b51b2084bcda.jpg,train,Grade 1,NEAR_DUPLICATE_DHASH,False,False,1.0
train/Grade 2/diabetic-foot-ulcers-selective-focus-260nw-422934313-1-_webp.rf.329db8d063e603b78a3efd978efe426d.jpg,train,Grade 2,train/Grade 2/diabetic-foot-ulcers-selective-focus-260nw-422934313-1-_webp.rf.8dc4f3c4506ca093b9aa1a327a83a32c.jpg,train,Grade 2,NEAR_DUPLICATE_DHASH,False,False,4.0
train/Grade 3/2854-fig-1_png.rf.5e197328f05b57b2515ddf565b62da87.jpg,train,Grade 3,train/Grade 3/2854-fig-1_png.rf.ed059da03f73453d8a3d1964fdfd0a21.jpg,train,Grade 3,NEAR_DUPLICATE_DHASH,False,False,1.0
train/Grade 2/7e88c7_71fd61f6ac3d48cab475dfa44ea94017_jpg.rf.ca88dfa6de190007abb557dd719d58e8.jpg,train,Grade 2,train/Grade 2/images-12-_jpg.rf.1e92b636c59e0558d6adf9c0d2be37aa.jpg,train,Grade 2,NEAR_DUPLICATE_DHASH,False,False,2.0
train/Grade 1/m5_05_jpg.rf.0cd805d5d47924bde5c6a0b0d136d205.jpg,train,Grade 1,train/Grade 1/m5_05_jpg.rf.5686cb5919587beeb76f482266cc6483.jpg,train,Grade 1,NEAR_DUPLICATE_DHASH,False,False,3.0
train/Grade 4/302151_jpg.rf.170b0079033c30514ba65187e0395bf3.jpg,train,Grade 4,train/Grade 4/302151_jpg.rf.6910d08bd4cc2410964d773c4df3ec0f.jpg,train,Grade 4,NEAR_DUPLICATE_DHASH,False,False,2.0
train/Grade 3/305043_jpg.rf.727eed59fa4c2a7c70f1f710d41edd10.jpg,train,Grade 3,train/Grade 3/305043_jpg.rf.dc79be0f31785367106422a95ae93e49.jpg,train,Grade 3,NEAR_DUPLICATE_DHASH,False,False,0.0
train/Grade 1/Seed-Corn-under-Ball-of-Foot_jpg.rf.004a526bbf64458ae34f62edeee19db3.jpg,train,Grade 1,train/Grade 1/Seed-Corn-under-Ball-of-Foot_jpg.rf.7c7ebecba5f676e9ce635419d8d2e304.jpg,train,Grade 1,NEAR_DUPLICATE_DHASH,False,False,1.0
train/Grade 1/Seed-Corn-under-Ball-of-Foot_jpg.rf.004a526bbf64458ae34f62edeee19db3.jpg,train,Grade 1,train/Grade 1/Seed-Corn-under-Ball-of-Foot_jpg.rf.dde3dea922fcdcf057f4a428592b2203.jpg,train,Grade 1,NEAR_DUPLICATE_DHASH,False,False,4.0
train/Grade 1/Seed-Corn-under-Ball-of-Foot_jpg.rf.04fc5c87589220a69ed136e924027e8b.jpg,train,Grade 1,train/Grade 1/Seed-Corn-under-Ball-of-Foot_jpg.rf.7941b2081a6a17e89162f2118d9d939b.jpg,train,Grade 1,NEAR_DUPLICATE_DHASH,False,False,0.0
train/Grade 1/soft-corn-between-toes_jpg.rf.4af4f0f779511185cd31f44e62d73464.jpg,train,Grade 1,train/Grade 1/soft-corn-between-toes_jpg.rf.d91c273c1aec9b52ea3668a5880fa7ca.jpg,train,Grade 1,NEAR_DUPLICATE_DHASH,False,False,2.0
train/Grade 2/1054877509612379438_jpg.rf.96019eb25c6433ba77d774fb05a89253.jpg,train,Grade 2,train/Grade 2/51851179_360650897859331_2470243976368619520_n_jpg.rf.9d89a0a518b58c84bf80c86371b5fee8.jpg,train,Grade 2,NEAR_DUPLICATE_DHASH,False,False,1.0
train/Grade 2/1054877509612379438_jpg.rf.bd4f8f7911f177df67da573b055ba9ad.jpg,train,Grade 2,train/Grade 2/51851179_360650897859331_2470243976368619520_n_jpg.rf.4e048133283839b7cc70c929a56564da.jpg,train,Grade 2,NEAR_DUPLICATE_DHASH,False,False,4.0
train/Grade 2/51851179_360650897859331_2470243976368619520_n_jpg.rf.4e048133283839b7cc70c929a56564da.jpg,train,Grade 2,train/Grade 2/51851179_360650897859331_2470243976368619520_n_jpg.rf.f9b8ec76efa66d3dba051c832c1fd4cd.jpg,train,Grade 2,NEAR_DUPLICATE_DHASH,False,False,1.0
train/Grade 2/1054877509612379438_jpg.rf.87e26e7cee88cccf4984324abb55cf09.jpg,train,Grade 2,train/Grade 2/1054877509612379438_jpg.rf.dc042300be541db83dc8fb324c8d39bd.jpg,train,Grade 2,NEAR_DUPLICATE_DHASH,False,False,4.0
train/Grade 2/1054877509612379438_jpg.rf.87e26e7cee88cccf4984324abb55cf09.jpg,train,Grade 2,train/Grade 2/51851179_360650897859331_2470243976368619520_n_jpg.rf.26da7274ef1a15f0d6b73f2d554988fd.jpg,train,Grade 2,NEAR_DUPLICATE_DHASH,False,False,0.0
train/Grade 2/1054877509612379438_jpg.rf.87e26e7cee88cccf4984324abb55cf09.jpg,train,Grade 2,train/Grade 2/51851179_360650897859331_2470243976368619520_n_jpg.rf.dc1ea47a2c6fc5fbd2816f5ff0206313.jpg,train,Grade 2,NEAR_DUPLICATE_DHASH,False,False,4.0
train/Grade 2/1054877509612379438_jpg.rf.dc042300be541db83dc8fb324c8d39bd.jpg,train,Grade 2,train/Grade 2/51851179_360650897859331_2470243976368619520_n_jpg.rf.26da7274ef1a15f0d6b73f2d554988fd.jpg,train,Grade 2,NEAR_DUPLICATE_DHASH,False,False,4.0
train/Grade 2/1054877509612379438_jpg.rf.dc042300be541db83dc8fb324c8d39bd.jpg,train,Grade 2,train/Grade 2/51851179_360650897859331_2470243976368619520_n_jpg.rf.dc1ea47a2c6fc5fbd2816f5ff0206313.jpg,train,Grade 2,NEAR_DUPLICATE_DHASH,False,False,0.0
train/Grade 2/51851179_360650897859331_2470243976368619520_n_jpg.rf.26da7274ef1a15f0d6b73f2d554988fd.jpg,train,Grade 2,train/Grade 2/51851179_360650897859331_2470243976368619520_n_jpg.rf.dc1ea47a2c6fc5fbd2816f5ff0206313.jpg,train,Grade 2,NEAR_DUPLICATE_DHASH,False,False,4.0
train/Grade 2/1167-1-_jpg.rf.58e26ee7dd90e61da46d18571f44cd7a.jpg,train,Grade 2,valid/Grade 2/images-22-_jpg.rf.24c26c1c642224cc398edbdb6642c5b0.jpg,valid,Grade 2,NEAR_DUPLICATE_DHASH,True,False,0.0
train/Grade 3/52947210_414065422490686_606605362522488832_n_jpg.rf.8ac18a63c25b95c449215467d858cdb1.jpg,train,Grade 3,train/Grade 3/52947210_414065422490686_606605362522488832_n_jpg.rf.d1ca2b7b554fe6550036e1d3627e1e8f.jpg,train,Grade 3,NEAR_DUPLICATE_DHASH,False,False,0.0
train/Grade 2/13_jpg.rf.097114e6e8b95d005c76b2deb74e87fb.jpg,train,Grade 2,train/Grade 2/13_jpg.rf.4a8553aa35e8fc197c2cfa90608c4aed.jpg,train,Grade 2,NEAR_DUPLICATE_DHASH,False,False,2.0
train/Grade 2/13_jpg.rf.097114e6e8b95d005c76b2deb74e87fb.jpg,train,Grade 2,train/Grade 2/13_jpg.rf.67c559e0d0001122f85271b0199b4b3c.jpg,train,Grade 2,NEAR_DUPLICATE_DHASH,False,False,0.0
train/Grade 2/13_jpg.rf.4a8553aa35e8fc197c2cfa90608c4aed.jpg,train,Grade 2,train/Grade 2/13_jpg.rf.67c559e0d0001122f85271b0199b4b3c.jpg,train,Grade 2,NEAR_DUPLICATE_DHASH,False,False,2.0
train/Grade 3/303853_jpg.rf.2f76eaf3a421d34e46e7cffce1a898f2.jpg,train,Grade 3,train/Grade 3/303853_jpg.rf.f204edee0d95b280ffb2514dc69d968c.jpg,train,Grade 3,NEAR_DUPLICATE_DHASH,False,False,0.0
train/Grade 2/302345_jpg.rf.caa0dea21f90b1ef9c7f83fd60ba267e.jpg,train,Grade 2,train/Grade 2/302345_jpg.rf.ceb0be23e500e66dcdc6c1e2b5cd9056.jpg,train,Grade 2,NEAR_DUPLICATE_DHASH,False,False,1.0
train/Grade 2/302047_jpg.rf.7a3990766f911086cd56f6e2ba8eedea.jpg,train,Grade 2,train/Grade 2/302047_jpg.rf.c4ef0c07ea11aa5fa6e85f0c76f9e1f8.jpg,train,Grade 2,NEAR_DUPLICATE_DHASH,False,False,0.0
train/Grade 2/172_jpg.rf.2094aaad391633e58ea09c040b84aa21.jpg,train,Grade 2,train/Grade 2/172_jpg.rf.3ee226abe97b6eb7ef0ec02da8131731.jpg,train,Grade 2,NEAR_DUPLICATE_DHASH,False,False,0.0
train/Grade 2/305306_jpg.rf.0df607e46473ca32abf5d1b99eacc06a.jpg,train,Grade 2,train/Grade 2/305306_jpg.rf.87ae7bff45e32ac874f807638112e63e.jpg,train,Grade 2,NEAR_DUPLICATE_DHASH,False,False,1.0
train/Grade 2/176_jpg.rf.32a1413521a4644ae74f07153fbc75a3.jpg,train,Grade 2,train/Grade 2/176_jpg.rf.642d586c402260a4c91f6ba05d5c07f7.jpg,train,Grade 2,NEAR_DUPLICATE_DHASH,False,False,1.0
train/Grade 2/177_jpg.rf.5f69863cf3ab3052e0f710a128fc508d.jpg,train,Grade 2,train/Grade 2/177_jpg.rf.dfe9e68d24ec5d7050ad8d5517a87c48.jpg,train,Grade 2,NEAR_DUPLICATE_DHASH,False,False,1.0
train/Grade 4/52927498_378124226358533_6907191887468167168_n_jpg.rf.281886a43325e49c10520009718a78c0.jpg,train,Grade 4,train/Grade 4/52927498_378124226358533_6907191887468167168_n_jpg.rf.adcf40e6ab362d0d4e761c782e575538.jpg,train,Grade 4,NEAR_DUPLICATE_DHASH,False,False,2.0
train/Grade 3/279_jpg.rf.6bf0c1dabc7f7436b1ddeca086263506.jpg,train,Grade 3,train/Grade 3/279_jpg.rf.c5db840b5862c898e5c4e7a42109e050.jpg,train,Grade 3,NEAR_DUPLICATE_DHASH,False,False,0.0
train/Grade 2/303547_jpg.rf.27f5dab491d185b4adb5d38d738dfe2f.jpg,train,Grade 2,train/Grade 2/303547_jpg.rf.d28dfbdf00b72758b46ce5a823c95d07.jpg,train,Grade 2,NEAR_DUPLICATE_DHASH,False,False,1.0
train/Grade 3/301439_jpg.rf.11e2ba327a3471b0ec865b7d68b296ea.jpg,train,Grade 3,train/Grade 3/301439_jpg.rf.e992299684245d7424f42f635a1f9366.jpg,train,Grade 3,NEAR_DUPLICATE_DHASH,False,False,0.0
train/Grade 2/192_jpg.rf.44a3dd28bbc0fba8ce41a70cddfc60a5.jpg,train,Grade 2,train/Grade 2/192_jpg.rf.6a970ed66f926d646e8989eb9e608552.jpg,train,Grade 2,NEAR_DUPLICATE_DHASH,False,False,0.0
train/Grade 2/302107_jpg.rf.2f643ac7622544ea4bf99be548a88b87.jpg,train,Grade 2,train/Grade 2/302107_jpg.rf.aa1a18f5ebb55e080a54eb2066486a17.jpg,train,Grade 2,NEAR_DUPLICATE_DHASH,False,False,0.0
train/Grade 2/302107_jpg.rf.2f643ac7622544ea4bf99be548a88b87.jpg,train,Grade 2,train/Grade 2/302107_jpg.rf.edb5239ef0f895882ea63e9f80db092e.jpg,train,Grade 2,NEAR_DUPLICATE_DHASH,False,False,3.0
train/Grade 2/302107_jpg.rf.aa1a18f5ebb55e080a54eb2066486a17.jpg,train,Grade 2,train/Grade 2/302107_jpg.rf.edb5239ef0f895882ea63e9f80db092e.jpg,train,Grade 2,NEAR_DUPLICATE_DHASH,False,False,3.0
train/Grade 3/304512_jpg.rf.05f28816401b1cfc126dfce05bfb68cc.jpg,train,Grade 3,train/Grade 3/304512_jpg.rf.8abb728ee9134c7650a06c0b89aa3415.jpg,train,Grade 3,NEAR_DUPLICATE_DHASH,False,False,2.0
train/Grade 3/88_jpg.rf.8aec8e1ab5902c854539262d3059d4da.jpg,train,Grade 3,train/Grade 3/88_jpg.rf.d9f473e4ee22c642b11e0d4c9f566cac.jpg,train,Grade 3,NEAR_DUPLICATE_DHASH,False,False,0.0
train/Grade 2/197_jpg.rf.142e3c2b2c72f51794ea102f9986b6e9.jpg,train,Grade 2,train/Grade 2/197_jpg.rf.aec3ea5344b90810b7477d465e820ba5.jpg,train,Grade 2,NEAR_DUPLICATE_DHASH,False,False,4.0
train/Grade 4/175_jpg.rf.462af37c2420309108aab1be6b76aa1d.jpg,train,Grade 4,train/Grade 4/175_jpg.rf.6a65f5ab5a8c747fda225955f71299a9.jpg,train,Grade 4,NEAR_DUPLICATE_DHASH,False,False,1.0
train/Grade 4/184_jpg.rf.4d6a0d02f74ed77c31336ba0a66fd064.jpg,train,Grade 4,train/Grade 4/184_jpg.rf.86868cb3134e9b510567ca525d25baeb.jpg,train,Grade 4,NEAR_DUPLICATE_DHASH,False,False,1.0
train/Grade 2/1_jpg.rf.c4b951846aa2c77264f77fab2423c207.jpg,train,Grade 2,train/Grade 2/1_jpg.rf.f20d36dce30a67173fca4e90751631e2.jpg,train,Grade 2,NEAR_DUPLICATE_DHASH,False,False,3.0
train/Grade 2/215_jpg.rf.41d5ca3f79c2d2f0c6675810b60c794b.jpg,train,Grade 2,train/Grade 2/215_jpg.rf.818662a2048f0a2299d02a582c785fa3.jpg,train,Grade 2,NEAR_DUPLICATE_DHASH,False,False,1.0
train/Grade 4/86_jpg.rf.2e4849e0a1a1ed4828a5f2e02626d058.jpg,train,Grade 4,train/Grade 4/86_jpg.rf.5ac7f09401f450d8e379518e6109fc87.jpg,train,Grade 4,NEAR_DUPLICATE_DHASH,False,False,0.0
train/Grade 4/86_jpg.rf.2e4849e0a1a1ed4828a5f2e02626d058.jpg,train,Grade 4,train/Grade 4/86_jpg.rf.aadbf14abf87658dbdc0d8f424fd72df.jpg,train,Grade 4,NEAR_DUPLICATE_DHASH,False,False,1.0
train/Grade 4/86_jpg.rf.5ac7f09401f450d8e379518e6109fc87.jpg,train,Grade 4,train/Grade 4/86_jpg.rf.aadbf14abf87658dbdc0d8f424fd72df.jpg,train,Grade 4,NEAR_DUPLICATE_DHASH,False,False,1.0
train/Grade 2/216_jpg.rf.a66f2ee4e3b729b3fc8846448b9f8fb6.jpg,train,Grade 2,train/Grade 2/216_jpg.rf.deac574587183f9a2afffd270e515124.jpg,train,Grade 2,NEAR_DUPLICATE_DHASH,False,False,0.0
train/Grade 4/24_jpg.rf.15b3184a94346865edf368bda34aa19f.jpg,train,Grade 4,train/Grade 4/24_jpg.rf.74f3a81059f06f300879bb82e379a537.jpg,train,Grade 4,NEAR_DUPLICATE_DHASH,False,False,3.0
train/Grade 2/217_jpg.rf.d121cb1e2eb791e9c6398061ee42b80c.jpg,train,Grade 2,train/Grade 2/217_jpg.rf.e6e560a680bfdefbbddc727f790f2e54.jpg,train,Grade 2,NEAR_DUPLICATE_DHASH,False,False,1.0
train/Grade 2/229_jpg.rf.4b473875e1cb35f63fa85f58e9b33d41.jpg,train,Grade 2,train/Grade 3/31_jpg.rf.6b781ee4db9250b01a465889526d1918.jpg,train,Grade 3,NEAR_DUPLICATE_DHASH,False,True,3.0
train/Grade 2/255_jpg.rf.0215503d7cd8541eb94d16ae0b0bf47e.jpg,train,Grade 2,train/Grade 2/255_jpg.rf.62ce13c8d5f2b7549e359d3b89ed5ffa.jpg,train,Grade 2,NEAR_DUPLICATE_DHASH,False,False,3.0
train/Grade 2/255_jpg.rf.3881e867e7c69234170dac84bc91152e.jpg,train,Grade 2,train/Grade 2/255_jpg.rf.72bf962ea3c035bd786a99aa8d263d2c.jpg,train,Grade 2,NEAR_DUPLICATE_DHASH,False,False,0.0
train/Grade 2/7e88c7_71fd61f6ac3d48cab475dfa44ea94017_jpg.rf.ef5cf8f1596d8b8f289967067321d9eb.jpg,train,Grade 2,train/Grade 2/images-12-_jpg.rf.082f13f6da85fbe95b443af7e3dab98d.jpg,train,Grade 2,NEAR_DUPLICATE_DHASH,False,False,1.0
train/Grade 2/256_jpg.rf.103d50bf944056459874b3a20cc63998.jpg,train,Grade 2,train/Grade 2/256_jpg.rf.2b9e1f699f81ee187d1e7979121ea0d5.jpg,train,Grade 2,NEAR_DUPLICATE_DHASH,False,False,0.0
train/Grade 2/256_jpg.rf.103d50bf944056459874b3a20cc63998.jpg,train,Grade 2,train/Grade 2/256_jpg.rf.67d0e629e9fd23c070abbd45cbdabc55.jpg,train,Grade 2,NEAR_DUPLICATE_DHASH,False,False,0.0
train/Grade 2/256_jpg.rf.2b9e1f699f81ee187d1e7979121ea0d5.jpg,train,Grade 2,train/Grade 2/256_jpg.rf.67d0e629e9fd23c070abbd45cbdabc55.jpg,train,Grade 2,NEAR_DUPLICATE_DHASH,False,False,0.0
train/Grade 4/302173_jpg.rf.2a9044051612b5dadce3813dcb7dd51a.jpg,train,Grade 4,train/Grade 4/302173_jpg.rf.705593298f4e294d97b18f021c615a5a.jpg,train,Grade 4,NEAR_DUPLICATE_DHASH,False,False,3.0
train/Grade 3/305439_jpg.rf.576c6a85b640d9cf73e9f33d7b682dd7.jpg,train,Grade 3,train/Grade 3/305439_jpg.rf.77cb90a7ba84e4ccc0258d82f63bea03.jpg,train,Grade 3,NEAR_DUPLICATE_DHASH,False,False,0.0
train/Grade 2/26_jpg.rf.13aa2f3a014806339d8cfb0226ad6e6d.jpg,train,Grade 2,train/Grade 2/26_jpg.rf.c6e19eff785ae22891c2d6504d93e3e3.jpg,train,Grade 2,NEAR_DUPLICATE_DHASH,False,False,0.0
train/Grade 2/304123_jpg.rf.2e287208e1aeb4399f3cb983666ef1e1.jpg,train,Grade 2,train/Grade 2/304123_jpg.rf.e8a6aa2be947487812da92bdf0126b88.jpg,train,Grade 2,NEAR_DUPLICATE_DHASH,False,False,4.0
train/Grade 2/301007_jpg.rf.a87b523fff1c70e9fca5b098b259cca7.jpg,train,Grade 2,train/Grade 2/301007_jpg.rf.d402752e3fe7e5a370f02e6ba7a36c4f.jpg,train,Grade 2,NEAR_DUPLICATE_DHASH,False,False,2.0
train/Grade 2/301050_jpg.rf.046ec58afe92f79891c7e09f555cc171.jpg,train,Grade 2,train/Grade 2/301050_jpg.rf.f944720616913b1cdbf155f691082ec6.jpg,train,Grade 2,NEAR_DUPLICATE_DHASH,False,False,1.0
train/Grade 2/301138_jpg.rf.7675f254304fb4844234b3159092bab8.jpg,train,Grade 2,train/Grade 2/301138_jpg.rf.886e4145d60a7d52ee1638ddca3abce5.jpg,train,Grade 2,NEAR_DUPLICATE_DHASH,False,False,1.0
train/Grade 3/303272_jpg.rf.5ccf35b4103967933c204d838d6f6599.jpg,train,Grade 3,train/Grade 3/303272_jpg.rf.d96e08817c6906d591e55631f80e8372.jpg,train,Grade 3,NEAR_DUPLICATE_DHASH,False,False,0.0
train/Grade 2/301165_jpg.rf.899ae17bca7808cb80468791f291de42.jpg,train,Grade 2,train/Grade 2/301165_jpg.rf.db5f5ad0b460486c093d6aa3e63acff0.jpg,train,Grade 2,NEAR_DUPLICATE_DHASH,False,False,0.0
train/Grade 2/301165_jpg.rf.a95e8ea8c44a4195220014c2cd07d6d5.jpg,train,Grade 2,train/Grade 2/301165_jpg.rf.bcfa50f5dc444179d5461bf002917c32.jpg,train,Grade 2,NEAR_DUPLICATE_DHASH,False,False,1.0
train/Grade 2/301170_jpg.rf.0d650b3fbe184060ad31678d94f0b93a.jpg,train,Grade 2,train/Grade 2/301170_jpg.rf.7653472147e9d9814768a258590fc722.jpg,train,Grade 2,NEAR_DUPLICATE_DHASH,False,False,1.0
train/Grade 4/feat_footulcer_necro_1110_127573_jpg.rf.7d333c8766849469e458dcfed7dfa085.jpg,train,Grade 4,train/Grade 4/feat_footulcer_necro_1110_127573_jpg.rf.96422b75efe4ede36d20a4970376df05.jpg,train,Grade 4,NEAR_DUPLICATE_DHASH,False,False,0.0
train/Grade 3/51781295_368915057023205_2944666510561378304_n_jpg.rf.36be90b0f39ee75b2d0f5c52be7e3c5c.jpg,train,Grade 3,train/Grade 3/51781295_368915057023205_2944666510561378304_n_jpg.rf.4c1695c2d5eb5dcea2344051934017d9.jpg,train,Grade 3,NEAR_DUPLICATE_DHASH,False,False,1.0
train/Grade 2/301200_jpg.rf.3555b54d3cdec1aafd597626e6634a95.jpg,train,Grade 2,train/Grade 2/301200_jpg.rf.9dd7bcbe8143bd1156670a5b36f58180.jpg,train,Grade 2,NEAR_DUPLICATE_DHASH,False,False,4.0
train/Grade 2/images-26-_jpg.rf.5e8c1bc45bc4ab0cf4a686c91dae2c69.jpg,train,Grade 2,train/Grade 2/images-26-_jpg.rf.942e9bc16db6f8f8dce250f3ab590940.jpg,train,Grade 2,NEAR_DUPLICATE_DHASH,False,False,1.0
train/Grade 2/301200_jpg.rf.80bd0705eb017f5d269720530d115a1c.jpg,train,Grade 2,train/Grade 2/301200_jpg.rf.a87fcb8eaa6a5d321d572a2ac82e47b2.jpg,train,Grade 2,NEAR_DUPLICATE_DHASH,False,False,0.0
train/Grade 3/304622_jpg.rf.17de0b4310a433e5d47b843921871c83.jpg,train,Grade 3,train/Grade 3/304622_jpg.rf.f98af4707c1db2df01e3b32a9a0ea583.jpg,train,Grade 3,NEAR_DUPLICATE_DHASH,False,False,1.0
train/Grade 2/301252_jpg.rf.35aee4c48b534cb47386233ec13ac448.jpg,train,Grade 2,train/Grade 2/301252_jpg.rf.ce96ec4be53995dbb7b66ad1bd060dfc.jpg,train,Grade 2,NEAR_DUPLICATE_DHASH,False,False,0.0
train/Grade 2/301314_jpg.rf.852f41b4236ab8a31777d12f17cfbe6b.jpg,train,Grade 2,train/Grade 2/301314_jpg.rf.a691e2a181ce4e0949a2073c48da458a.jpg,train,Grade 2,NEAR_DUPLICATE_DHASH,False,False,0.0
train/Grade 2/301314_jpg.rf.852f41b4236ab8a31777d12f17cfbe6b.jpg,train,Grade 2,train/Grade 2/301314_jpg.rf.e828ea030d256a9ecf72e70051178e65.jpg,train,Grade 2,NEAR_DUPLICATE_DHASH,False,False,0.0
train/Grade 2/301314_jpg.rf.a691e2a181ce4e0949a2073c48da458a.jpg,train,Grade 2,train/Grade 2/301314_jpg.rf.e828ea030d256a9ecf72e70051178e65.jpg,train,Grade 2,NEAR_DUPLICATE_DHASH,False,False,0.0
train/Grade 3/305387_jpg.rf.313346b103e620f757df60d3a8647240.jpg,train,Grade 3,train/Grade 3/305387_jpg.rf.e9b58f2f2ddafc0f760dff48c09b403a.jpg,train,Grade 3,NEAR_DUPLICATE_DHASH,False,False,3.0
train/Grade 3/305635_jpg.rf.a9187b4bb1244103b87da6137e37fe39.jpg,train,Grade 3,train/Grade 3/305635_jpg.rf.bf4ce922075b18c7774818954c5e0f52.jpg,train,Grade 3,NEAR_DUPLICATE_DHASH,False,False,0.0
train/Grade 3/51567868_1024401847743690_2713987841477574656_n_jpg.rf.07f5d9c20db565480d23a31ad5ecdefd.jpg,train,Grade 3,train/Grade 3/51567868_1024401847743690_2713987841477574656_n_jpg.rf.b3fcf1a19f0d34ceabd89e79bdba00e8.jpg,train,Grade 3,NEAR_DUPLICATE_DHASH,False,False,2.0
train/Grade 4/473_jpg.rf.321c18da20e442e324d92150f5f51b27.jpg,train,Grade 4,train/Grade 4/473_jpg.rf.c1dbc1e852c4b451a25e008ad4bb3b67.jpg,train,Grade 4,NEAR_DUPLICATE_DHASH,False,False,1.0
train/Grade 2/301551_jpg.rf.4fd80ddc81c930094c2f55bee1b3862f.jpg,train,Grade 2,train/Grade 2/301551_jpg.rf.63412ccf99c4a6c93e5783af26deabc0.jpg,train,Grade 2,NEAR_DUPLICATE_DHASH,False,False,4.0
train/Grade 2/301625_jpg.rf.2e3902949b45ecb8a4e8b566a81b08ae.jpg,train,Grade 2,train/Grade 2/301625_jpg.rf.8f78a7637538cfa58c6ab8e1ec5b9730.jpg,train,Grade 2,NEAR_DUPLICATE_DHASH,False,False,0.0
train/Grade 2/303906_jpg.rf.1e672cf79b3bfa3752ac21ff0f31dc5d.jpg,train,Grade 2,train/Grade 2/303906_jpg.rf.f387afe45c3b8d4748ad858342448050.jpg,train,Grade 2,NEAR_DUPLICATE_DHASH,False,False,1.0
train/Grade 2/images-35-_jpg.rf.06d755707c918ae9a82dbf4cefe16d01.jpg,train,Grade 2,train/Grade 2/images-35-_jpg.rf.9ac2039aa917816a0b7d4f32d4a17fa7.jpg,train,Grade 2,NEAR_DUPLICATE_DHASH,False,False,2.0
train/Grade 3/304634_jpg.rf.bb8b7d6c10dbcd642820767c60f472dd.jpg,train,Grade 3,train/Grade 3/304634_jpg.rf.cf8603cc66264e99b28176b0c9ad0bbf.jpg,train,Grade 3,NEAR_DUPLICATE_DHASH,False,False,0.0
train/Grade 2/301780_jpg.rf.878b0c4d75ba0f3b4a695fba2e1d9c2c.jpg,train,Grade 2,train/Grade 2/301780_jpg.rf.f554c85ab0b128b4b931b6e3d6913672.jpg,train,Grade 2,NEAR_DUPLICATE_DHASH,False,False,1.0
train/Grade 2/301871_jpg.rf.2aa9a7de6a318202e725f09a203e8260.jpg,train,Grade 2,train/Grade 2/301871_jpg.rf.330d4346aefd8ff81e3507fabe6e91b0.jpg,train,Grade 2,NEAR_DUPLICATE_DHASH,False,False,0.0
train/Grade 2/301871_jpg.rf.304c46253d73bd41a46cb22e9e9cc5b7.jpg,train,Grade 2,train/Grade 2/301871_jpg.rf.f68ff397025984020d6ce7e7ee469357.jpg,train,Grade 2,NEAR_DUPLICATE_DHASH,False,False,3.0
train/Grade 2/80_jpg.rf.03fba52cdcc5df6fd1acceb78bd9ff1e.jpg,train,Grade 2,train/Grade 2/80_jpg.rf.895a1105c2f3bd31c9846e7c9e0e5453.jpg,train,Grade 2,NEAR_DUPLICATE_DHASH,False,False,0.0
train/Grade 2/301925_jpg.rf.6da0be04f08684f884952f3713ebb607.jpg,train,Grade 2,train/Grade 2/301925_jpg.rf.bddd8d68c72b6fbb6c85b77a46b1c2da.jpg,train,Grade 2,NEAR_DUPLICATE_DHASH,False,False,1.0
train/Grade 2/342_jpg.rf.23e2c029fb362f4ca9374cf4e2527085.jpg,train,Grade 2,train/Grade 2/342_jpg.rf.8cc8a71340539930e09f19507d2445d2.jpg,train,Grade 2,NEAR_DUPLICATE_DHASH,False,False,2.0
train/Grade 2/342_jpg.rf.23e2c029fb362f4ca9374cf4e2527085.jpg,train,Grade 2,train/Grade 2/342_jpg.rf.dc9813f4311dd2186dcc5a4bc1b49efd.jpg,train,Grade 2,NEAR_DUPLICATE_DHASH,False,False,2.0
train/Grade 2/342_jpg.rf.8cc8a71340539930e09f19507d2445d2.jpg,train,Grade 2,train/Grade 2/342_jpg.rf.dc9813f4311dd2186dcc5a4bc1b49efd.jpg,train,Grade 2,NEAR_DUPLICATE_DHASH,False,False,0.0
train/Grade 2/301956_jpg.rf.23ae6e162b0148b13708699e0187f56b.jpg,train,Grade 2,train/Grade 2/301956_jpg.rf.34aa7787feed905b09b12aedd3b48412.jpg,train,Grade 2,NEAR_DUPLICATE_DHASH,False,False,0.0
train/Grade 2/301973_jpg.rf.80054a64d7c4478db139c9d799c1b01d.jpg,train,Grade 2,train/Grade 2/301973_jpg.rf.bcf458c0d831efd8dfa9bc907f47bf9b.jpg,train,Grade 2,NEAR_DUPLICATE_DHASH,False,False,0.0
train/Grade 2/302014_jpg.rf.9e031069617891237bac43b8018a581b.jpg,train,Grade 2,train/Grade 2/302014_jpg.rf.e2bf13067bdffb0ecabf241fe1f96814.jpg,train,Grade 2,NEAR_DUPLICATE_DHASH,False,False,1.0
train/Grade 3/304177_jpg.rf.b603b4cd519cbc860edd07f57f393953.jpg,train,Grade 3,train/Grade 3/304177_jpg.rf.ca3556b51a0a7c4a22d020c87c49735c.jpg,train,Grade 3,NEAR_DUPLICATE_DHASH,False,False,1.0
train/Grade 3/301329_jpg.rf.64a16ffde3d832fafea0fce36575365a.jpg,train,Grade 3,train/Grade 3/301329_jpg.rf.a08d12cdd82d108e5586488d3950f71c.jpg,train,Grade 3,NEAR_DUPLICATE_DHASH,False,False,0.0
train/Grade 4/501658_jpg.rf.a8cd2f6d62aeb5abdc715691afc38ef4.jpg,train,Grade 4,train/Grade 4/501658_jpg.rf.c89672719048709860c6ffe314e83156.jpg,train,Grade 4,NEAR_DUPLICATE_DHASH,False,False,0.0
train/Grade 2/302133_jpg.rf.24e118c73fa96d9d0da53c7c954f6e63.jpg,train,Grade 2,train/Grade 2/302133_jpg.rf.a89662256c6295162e36f6346f1b9a25.jpg,train,Grade 2,NEAR_DUPLICATE_DHASH,False,False,1.0
train/Grade 2/302205_jpg.rf.0a325f94f9414ccaa2ec4ec95988da02.jpg,train,Grade 2,train/Grade 2/302205_jpg.rf.6ceb157fc94ac4067e99101155469363.jpg,train,Grade 2,NEAR_DUPLICATE_DHASH,False,False,1.0
train/Grade 2/302656_jpg.rf.3d6043084fad0090a568055ede49b154.jpg,train,Grade 2,train/Grade 2/302656_jpg.rf.e7a4317b36b6ec309c695a2b83b423a4.jpg,train,Grade 2,NEAR_DUPLICATE_DHASH,False,False,2.0
train/Grade 2/302294_jpg.rf.38abad4ee3ba1e9cd8e4e5f065b0ba7d.jpg,train,Grade 2,train/Grade 2/302294_jpg.rf.a3286aaafc31712d6e8eaae6ae9b5117.jpg,train,Grade 2,NEAR_DUPLICATE_DHASH,False,False,1.0
train/Grade 2/302303_jpg.rf.44053da24fe41f73eb708e08e725a8ef.jpg,train,Grade 2,train/Grade 2/302303_jpg.rf.648acbbe98257f2627f001bf78b95b70.jpg,train,Grade 2,NEAR_DUPLICATE_DHASH,False,False,0.0
train/Grade 2/302367_jpg.rf.c2075c538b9632b873034bc7a47ff542.jpg,train,Grade 2,train/Grade 2/302367_jpg.rf.cf01013e2325b806232ca8611f173aa2.jpg,train,Grade 2,NEAR_DUPLICATE_DHASH,False,False,2.0
train/Grade 2/302463_jpg.rf.884085acdb7e1d67c16d068439865c80.jpg,train,Grade 2,train/Grade 2/302463_jpg.rf.bb90e77a8d7e21aa5bcbb216410ce7ff.jpg,train,Grade 2,NEAR_DUPLICATE_DHASH,False,False,1.0
train/Grade 2/302582_jpg.rf.79fc857232d5f5ff84ad219203979f7d.jpg,train,Grade 2,train/Grade 2/302582_jpg.rf.9cc19517a455494305533f699a6904a9.jpg,train,Grade 2,NEAR_DUPLICATE_DHASH,False,False,0.0
train/Grade 3/305003_jpg.rf.382688abbdbcb425e05782c933ec9c46.jpg,train,Grade 3,train/Grade 3/305003_jpg.rf.f8dd06b3e44f5c5a73759b7c40e6f60c.jpg,train,Grade 3,NEAR_DUPLICATE_DHASH,False,False,0.0
train/Grade 4/501654_jpg.rf.09fa18acec7fc7292c044e6ef1c217fa.jpg,train,Grade 4,train/Grade 4/501654_jpg.rf.6ed4f88642122c9052d3dc09e46be1b6.jpg,train,Grade 4,NEAR_DUPLICATE_DHASH,False,False,3.0
train/Grade 2/302585_jpg.rf.65c4f3b34191dc949b7c6ad3e4a6819c.jpg,train,Grade 2,train/Grade 2/302585_jpg.rf.889422ee214eb7c3564349880dfcdd66.jpg,train,Grade 2,NEAR_DUPLICATE_DHASH,False,False,0.0
train/Grade 2/302585_jpg.rf.662636d30713db343e522dfb7662af88.jpg,train,Grade 2,train/Grade 2/302585_jpg.rf.97d84ccb690abcd80c30bf6fe407f9ad.jpg,train,Grade 2,NEAR_DUPLICATE_DHASH,False,False,0.0
train/Grade 4/305_jpg.rf.7d078e4ce4b6406a29fc3d9fa65a5994.jpg,train,Grade 4,train/Grade 4/305_jpg.rf.d007687b564e2075c5d11046c8268db6.jpg,train,Grade 4,NEAR_DUPLICATE_DHASH,False,False,0.0
train/Grade 2/304099_jpg.rf.285474271bb4ff78de684c3bfd806afe.jpg,train,Grade 2,train/Grade 2/304099_jpg.rf.da97b8bf76aeef3333cff49d07eb9853.jpg,train,Grade 2,NEAR_DUPLICATE_DHASH,False,False,1.0
train/Grade 2/302588_jpg.rf.504462f07059d915999b8371591d271f.jpg,train,Grade 2,train/Grade 2/302588_jpg.rf.fe72963900d4192320357414272e01a0.jpg,train,Grade 2,NEAR_DUPLICATE_DHASH,False,False,1.0
train/Grade 2/302630_jpg.rf.275241f76089194cd92cb9810d8ca88d.jpg,train,Grade 2,train/Grade 2/302630_jpg.rf.8846c557a8ef1d00f7d6748d5bc50996.jpg,train,Grade 2,NEAR_DUPLICATE_DHASH,False,False,0.0
train/Grade 2/302630_jpg.rf.d60c8553f219bd2e8dbce406198ed1d9.jpg,train,Grade 2,train/Grade 2/302630_jpg.rf.e04bd499402f2891ed79e64344134f46.jpg,train,Grade 2,NEAR_DUPLICATE_DHASH,False,False,0.0
train/Grade 2/33_jpg.rf.68593b75a59b802894a77eb34a2206ee.jpg,train,Grade 2,train/Grade 2/33_jpg.rf.ca031dd4cad384a82a9939915e658fc0.jpg,train,Grade 2,NEAR_DUPLICATE_DHASH,False,False,1.0
train/Grade 3/301439_jpg.rf.2e7acd83fdb652996e8a74f3c44a0024.jpg,train,Grade 3,train/Grade 3/301439_jpg.rf.d41a409102602d8009f31693b80f89b8.jpg,train,Grade 3,NEAR_DUPLICATE_DHASH,False,False,1.0
train/Grade 2/302789_jpg.rf.065608d1475d03d356a0c93a11c151d1.jpg,train,Grade 2,train/Grade 2/302789_jpg.rf.4df51ea718e1b48ed195877d3ed74766.jpg,train,Grade 2,NEAR_DUPLICATE_DHASH,False,False,0.0
train/Grade 2/303066_jpg.rf.2daa9bef56624d38540a211f48e27bb2.jpg,train,Grade 2,train/Grade 2/303066_jpg.rf.5f8c8684e930843e1c86907ffe25e5a8.jpg,train,Grade 2,NEAR_DUPLICATE_DHASH,False,False,1.0
train/Grade 4/178_jpg.rf.00bf58a1aa2489a1166201d97086f6aa.jpg,train,Grade 4,train/Grade 4/178_jpg.rf.160577566e9c10f0177e2137ceb7732a.jpg,train,Grade 4,NEAR_DUPLICATE_DHASH,False,False,1.0
train/Grade 2/302880_jpg.rf.7cf23fada35e8becd0891f264c3ba30d.jpg,train,Grade 2,train/Grade 2/302880_jpg.rf.8623301e8024b13946221aea381ef77f.jpg,train,Grade 2,NEAR_DUPLICATE_DHASH,False,False,4.0
train/Grade 2/302880_jpg.rf.7cf23fada35e8becd0891f264c3ba30d.jpg,train,Grade 2,train/Grade 2/302880_jpg.rf.f5675dd3850787e30a0d5968c44523c1.jpg,train,Grade 2,NEAR_DUPLICATE_DHASH,False,False,2.0
train/Grade 2/302880_jpg.rf.8623301e8024b13946221aea381ef77f.jpg,train,Grade 2,train/Grade 2/302880_jpg.rf.f5675dd3850787e30a0d5968c44523c1.jpg,train,Grade 2,NEAR_DUPLICATE_DHASH,False,False,2.0
train/Grade 4/304844_jpg.rf.62a384e7ff0fe5a3b07568ff0acd6230.jpg,train,Grade 4,train/Grade 4/304844_jpg.rf.8a14b421a648820a191f40528a03fda6.jpg,train,Grade 4,NEAR_DUPLICATE_DHASH,False,False,1.0
train/Grade 2/302884_jpg.rf.6bdc0e32724a75049b01d25b098bc806.jpg,train,Grade 2,train/Grade 2/302884_jpg.rf.aed1a51af76f51ada413269c1cfe9ac3.jpg,train,Grade 2,NEAR_DUPLICATE_DHASH,False,False,2.0
train/Grade 2/303316_jpg.rf.5c4f92210df832e4967367566762e392.jpg,train,Grade 2,train/Grade 2/303316_jpg.rf.ac39e18ad22b72f4acd7d8600353b028.jpg,train,Grade 2,NEAR_DUPLICATE_DHASH,False,False,1.0
train/Grade 2/303316_jpg.rf.5c4f92210df832e4967367566762e392.jpg,train,Grade 2,train/Grade 2/303316_jpg.rf.b0f39d2c980ec5fefc2ed1c3d7e7e74b.jpg,train,Grade 2,NEAR_DUPLICATE_DHASH,False,False,1.0
train/Grade 2/303316_jpg.rf.ac39e18ad22b72f4acd7d8600353b028.jpg,train,Grade 2,train/Grade 2/303316_jpg.rf.b0f39d2c980ec5fefc2ed1c3d7e7e74b.jpg,train,Grade 2,NEAR_DUPLICATE_DHASH,False,False,0.0
train/Grade 2/38_jpg.rf.11ce98f1fede807b0eda780609cd987f.jpg,train,Grade 2,train/Grade 2/38_jpg.rf.dbb6c2290316127e7893b4bc470a2cfb.jpg,train,Grade 2,NEAR_DUPLICATE_DHASH,False,False,0.0
train/Grade 2/303023_jpg.rf.36933cd6e1cef84d269160f60f3d377d.jpg,train,Grade 2,train/Grade 2/303023_jpg.rf.498f8e643a48ca100c02bf5a11ca4329.jpg,train,Grade 2,NEAR_DUPLICATE_DHASH,False,False,4.0
train/Grade 2/303023_jpg.rf.36933cd6e1cef84d269160f60f3d377d.jpg,train,Grade 2,train/Grade 2/303023_jpg.rf.b3393c821f239eb2bbff12dce99b9b1d.jpg,train,Grade 2,NEAR_DUPLICATE_DHASH,False,False,2.0
train/Grade 2/303023_jpg.rf.498f8e643a48ca100c02bf5a11ca4329.jpg,train,Grade 2,train/Grade 2/303023_jpg.rf.b3393c821f239eb2bbff12dce99b9b1d.jpg,train,Grade 2,NEAR_DUPLICATE_DHASH,False,False,4.0
train/Grade 2/303060_jpg.rf.60d934360d9f636ea3a31f9686b88201.jpg,train,Grade 2,train/Grade 2/303060_jpg.rf.c5ccbce7eee6bdc94776b8a2aebea55a.jpg,train,Grade 2,NEAR_DUPLICATE_DHASH,False,False,0.0
train/Grade 2/305689_jpg.rf.38d58d5f9ef654e0ddb7f6cfbc39b246.jpg,train,Grade 2,train/Grade 2/305689_jpg.rf.cc3ee92215c288eae411eb0e8933bb7b.jpg,train,Grade 2,NEAR_DUPLICATE_DHASH,False,False,0.0
train/Grade 4/302514_jpg.rf.5b7c1a028799ce1b46683a1c69f68925.jpg,train,Grade 4,train/Grade 4/302514_jpg.rf.a55f85e0b85254d7fe5c95fa71850ec2.jpg,train,Grade 4,NEAR_DUPLICATE_DHASH,False,False,0.0
train/Grade 4/304250_jpg.rf.128c955aacfe88156d6b193c14a17ea0.jpg,train,Grade 4,train/Grade 4/304250_jpg.rf.b74aacfe26e5145a59dcba50276ebef1.jpg,train,Grade 4,NEAR_DUPLICATE_DHASH,False,False,2.0
train/Grade 2/303098_jpg.rf.413d276d40db018798392b28d829e137.jpg,train,Grade 2,train/Grade 2/303098_jpg.rf.98f00199da55a2352300a39858319cf5.jpg,train,Grade 2,NEAR_DUPLICATE_DHASH,False,False,0.0
train/Grade 2/428_jpg.rf.58823d2711485b6606527f30f0d69097.jpg,train,Grade 2,train/Grade 2/428_jpg.rf.dd68538e75d9dd888354a8dd6328518e.jpg,train,Grade 2,NEAR_DUPLICATE_DHASH,False,False,3.0
train/Grade 3/303777_jpg.rf.d9120879f5c397efb642966e4f8fa65b.jpg,train,Grade 3,train/Grade 3/303777_jpg.rf.dd1f99f3647afddfbee754624dbd46da.jpg,train,Grade 3,NEAR_DUPLICATE_DHASH,False,False,0.0
train/Grade 4/304909_jpg.rf.38a51305bb4d5bc5ebbf40d0e958f246.jpg,train,Grade 4,train/Grade 4/304909_jpg.rf.65ab49dce06889341528f4793a58944a.jpg,train,Grade 4,NEAR_DUPLICATE_DHASH,False,False,4.0
train/Grade 2/303126_jpg.rf.9d1ff94a2d8ba2a83719d304e41f155c.jpg,train,Grade 2,train/Grade 2/303126_jpg.rf.bf0f9aee715866060b8e8d81bd6e2fad.jpg,train,Grade 2,NEAR_DUPLICATE_DHASH,False,False,1.0
train/Grade 2/303169_jpg.rf.16442cff2a899b28c44af075eeafef1c.jpg,train,Grade 2,train/Grade 2/303169_jpg.rf.c750934412be6ce5a53e77698ab30da8.jpg,train,Grade 2,NEAR_DUPLICATE_DHASH,False,False,0.0
train/Grade 2/303354_jpg.rf.8dcdf51e2409e7809fa1553177dd4f4b.jpg,train,Grade 2,train/Grade 2/303354_jpg.rf.e1ea269b2320a27e3fefe3ea292dbcaf.jpg,train,Grade 2,NEAR_DUPLICATE_DHASH,False,False,0.0
train/Grade 2/303354_jpg.rf.abf3e92f951af95e1ff21aad637a41ca.jpg,train,Grade 2,train/Grade 2/303354_jpg.rf.e6423bb1939ab9b9f1f0caca026cfa4a.jpg,train,Grade 2,NEAR_DUPLICATE_DHASH,False,False,1.0
train/Grade 3/306119_jpg.rf.7c8e7513237751c2f7c2bef0e9330152.jpg,train,Grade 3,train/Grade 3/306119_jpg.rf.ba079f9d8a6868d970c562b5a0ae2f68.jpg,train,Grade 3,NEAR_DUPLICATE_DHASH,False,False,1.0
train/Grade 2/303385_jpg.rf.02d53e6c3b3b01fe3f00ca99f582c2d8.jpg,train,Grade 2,train/Grade 2/303385_jpg.rf.2ba7c364fbcab183b433652aae6fac8b.jpg,train,Grade 2,NEAR_DUPLICATE_DHASH,False,False,0.0
train/Grade 2/303385_jpg.rf.02d53e6c3b3b01fe3f00ca99f582c2d8.jpg,train,Grade 2,train/Grade 2/303385_jpg.rf.d1505efdf657c30a08a0fdcf7e4b2490.jpg,train,Grade 2,NEAR_DUPLICATE_DHASH,False,False,3.0
train/Grade 2/303385_jpg.rf.2ba7c364fbcab183b433652aae6fac8b.jpg,train,Grade 2,train/Grade 2/303385_jpg.rf.d1505efdf657c30a08a0fdcf7e4b2490.jpg,train,Grade 2,NEAR_DUPLICATE_DHASH,False,False,3.0
train/Grade 3/3460354257920857474_jpg.rf.d3c7ad7d8f223b6eb3e17238346ae9e2.jpg,train,Grade 3,train/Grade 3/3460354257920857474_jpg.rf.fcf7dcedce658a41542dcaaf5d0d5873.jpg,train,Grade 3,NEAR_DUPLICATE_DHASH,False,False,0.0
train/Grade 2/303385_jpg.rf.1c48388d78646943b99120e2a9232a06.jpg,train,Grade 2,train/Grade 2/303385_jpg.rf.d444988301fa240d1c8a03aed136b675.jpg,train,Grade 2,NEAR_DUPLICATE_DHASH,False,False,4.0
train/Grade 4/493_jpg.rf.7a64a8bca02162ab106f2942800bbe8d.jpg,train,Grade 4,train/Grade 4/493_jpg.rf.adf1a741befa5afd4d6e3b43b9296b0e.jpg,train,Grade 4,NEAR_DUPLICATE_DHASH,False,False,1.0
train/Grade 2/303510_jpg.rf.47b4a5463a0509f05309cd1131286278.jpg,train,Grade 2,train/Grade 2/303510_jpg.rf.9570ec2fb043bea89ea886b96b1fbbb5.jpg,train,Grade 2,NEAR_DUPLICATE_DHASH,False,False,1.0
train/Grade 2/305461_jpg.rf.6b9a79d0a69721cfa475395c3bec7b82.jpg,train,Grade 2,train/Grade 2/305461_jpg.rf.e7026fe58635b9ca81d1bda82f07598a.jpg,train,Grade 2,NEAR_DUPLICATE_DHASH,False,False,1.0
train/Grade 2/303639_jpg.rf.104b53a6837f3a6793a6df43dab18e49.jpg,train,Grade 2,train/Grade 2/303639_jpg.rf.9493d8e8dafc4d68d72fe60888cec5fa.jpg,train,Grade 2,NEAR_DUPLICATE_DHASH,False,False,0.0
train/Grade 2/303639_jpg.rf.104b53a6837f3a6793a6df43dab18e49.jpg,train,Grade 2,train/Grade 2/303639_jpg.rf.bfc68344bd736cf65ea00f256825ac0d.jpg,train,Grade 2,NEAR_DUPLICATE_DHASH,False,False,0.0
train/Grade 2/303639_jpg.rf.9493d8e8dafc4d68d72fe60888cec5fa.jpg,train,Grade 2,train/Grade 2/303639_jpg.rf.bfc68344bd736cf65ea00f256825ac0d.jpg,train,Grade 2,NEAR_DUPLICATE_DHASH,False,False,0.0
train/Grade 3/305706_jpg.rf.24fe4a320bfe4d14836b063f549d4f0f.jpg,train,Grade 3,train/Grade 3/305706_jpg.rf.a0ad9793dfdf1df84716faa9341ce0b4.jpg,train,Grade 3,NEAR_DUPLICATE_DHASH,False,False,1.0
train/Grade 2/303696_jpg.rf.08b594398e36d27684e4e3add2101d6f.jpg,train,Grade 2,train/Grade 2/303696_jpg.rf.28c227c68ffa1b66d3cb5cb1f48e4527.jpg,train,Grade 2,NEAR_DUPLICATE_DHASH,False,False,0.0
train/Grade 2/460_jpg.rf.579e8526ddb1385e4d7a084b73827c71.jpg,train,Grade 2,train/Grade 2/460_jpg.rf.5bf95b55de0ad1e047d5b081b4c0fd7b.jpg,train,Grade 2,NEAR_DUPLICATE_DHASH,False,False,4.0
train/Grade 3/257_jpg.rf.5c8c577186d277f26d4d389be1f2d80e.jpg,train,Grade 3,train/Grade 3/257_jpg.rf.79d7498c35dae665d0f3cfb93c78169e.jpg,train,Grade 3,NEAR_DUPLICATE_DHASH,False,False,3.0
train/Grade 3/301147_jpg.rf.12b26bb7a793a49d55099c6e7ccd0c7f.jpg,train,Grade 3,train/Grade 3/301147_jpg.rf.b68fc532ddaf1b8b2e6c10824193425f.jpg,train,Grade 3,NEAR_DUPLICATE_DHASH,False,False,3.0
train/Grade 3/305809_jpg.rf.3a08368c77dcddca940049dd82cc4d39.jpg,train,Grade 3,train/Grade 3/305809_jpg.rf.a822de265945e7f12dc832d16799de13.jpg,train,Grade 3,NEAR_DUPLICATE_DHASH,False,False,1.0
train/Grade 4/306779_jpg.rf.0f2b3838627738f480b5d82b72d1dd65.jpg,train,Grade 4,train/Grade 4/306779_jpg.rf.253e5bde4e597275beb82429824c4075.jpg,train,Grade 4,NEAR_DUPLICATE_DHASH,False,False,1.0
train/Grade 4/306779_jpg.rf.0f2b3838627738f480b5d82b72d1dd65.jpg,train,Grade 4,train/Grade 4/306779_jpg.rf.5ddd79305aa9b471864b758bf3d8111b.jpg,train,Grade 4,NEAR_DUPLICATE_DHASH,False,False,2.0
train/Grade 4/306779_jpg.rf.0f2b3838627738f480b5d82b72d1dd65.jpg,train,Grade 4,train/Grade 4/306779_jpg.rf.9963739dec860898cad77d2fcde36aae.jpg,train,Grade 4,NEAR_DUPLICATE_DHASH,False,False,0.0
train/Grade 4/306779_jpg.rf.253e5bde4e597275beb82429824c4075.jpg,train,Grade 4,train/Grade 4/306779_jpg.rf.5ddd79305aa9b471864b758bf3d8111b.jpg,train,Grade 4,NEAR_DUPLICATE_DHASH,False,False,1.0
train/Grade 4/306779_jpg.rf.253e5bde4e597275beb82429824c4075.jpg,train,Grade 4,train/Grade 4/306779_jpg.rf.9963739dec860898cad77d2fcde36aae.jpg,train,Grade 4,NEAR_DUPLICATE_DHASH,False,False,1.0
train/Grade 4/306779_jpg.rf.5ddd79305aa9b471864b758bf3d8111b.jpg,train,Grade 4,train/Grade 4/306779_jpg.rf.9963739dec860898cad77d2fcde36aae.jpg,train,Grade 4,NEAR_DUPLICATE_DHASH,False,False,2.0
train/Grade 2/305709_jpg.rf.603aaf36ba29e6ce26e46d72c60e39c9.jpg,train,Grade 2,train/Grade 2/305709_jpg.rf.e0eec7679d0fa772e888bb4ac3ba0435.jpg,train,Grade 2,NEAR_DUPLICATE_DHASH,False,False,1.0
train/Grade 2/304179_jpg.rf.10a2f7074edcf255424780fe524462d8.jpg,train,Grade 2,train/Grade 2/304179_jpg.rf.2c48917b190aed39718728ac95a1a03f.jpg,train,Grade 2,NEAR_DUPLICATE_DHASH,False,False,3.0
train/Grade 2/304179_jpg.rf.10a2f7074edcf255424780fe524462d8.jpg,train,Grade 2,train/Grade 2/304179_jpg.rf.cb5ab04c501eaaeaa12e689c9229356f.jpg,train,Grade 2,NEAR_DUPLICATE_DHASH,False,False,0.0
train/Grade 2/304179_jpg.rf.2c48917b190aed39718728ac95a1a03f.jpg,train,Grade 2,train/Grade 2/304179_jpg.rf.cb5ab04c501eaaeaa12e689c9229356f.jpg,train,Grade 2,NEAR_DUPLICATE_DHASH,False,False,3.0
train/Grade 2/304218_jpg.rf.8577f115ffd23eeb9ff4b90fae52908f.jpg,train,Grade 2,train/Grade 2/304218_jpg.rf.a6b01a5f9832fe70074dcb4460ec0f71.jpg,train,Grade 2,NEAR_DUPLICATE_DHASH,False,False,3.0
train/Grade 2/304522_jpg.rf.2920dfa4dd7b886f4c88703463c93f8d.jpg,train,Grade 2,train/Grade 2/304522_jpg.rf.7d44f8e52e5f9e02f5a8683bb6ed8afe.jpg,train,Grade 2,NEAR_DUPLICATE_DHASH,False,False,2.0
train/Grade 4/301854_jpg.rf.0b06653d93192b94a4af83492a18feb9.jpg,train,Grade 4,train/Grade 4/301854_jpg.rf.931602ee289d018e6377592ae016472d.jpg,train,Grade 4,NEAR_DUPLICATE_DHASH,False,False,1.0
train/Grade 2/304546_jpg.rf.3ac425e41adfa906cdf336572d4ac4a6.jpg,train,Grade 2,train/Grade 2/304546_jpg.rf.68f47a5d5d4e523c01058a869ec89766.jpg,train,Grade 2,NEAR_DUPLICATE_DHASH,False,False,3.0
train/Grade 4/304679_jpg.rf.01a67ebd3bb3316e9453c57c69473be3.jpg,train,Grade 4,train/Grade 4/304679_jpg.rf.c3d4e184f9577aeb30ca5309e009456b.jpg,train,Grade 4,NEAR_DUPLICATE_DHASH,False,False,0.0
train/Grade 2/304615_jpg.rf.6d77fd75d272f43a7600d120e0d6b38c.jpg,train,Grade 2,train/Grade 2/304615_jpg.rf.d664d1a1075e7003147a8d9dca2592b3.jpg,train,Grade 2,NEAR_DUPLICATE_DHASH,False,False,2.0
train/Grade 2/304627_jpg.rf.8e4f11663a2fab8dfdff900946b4ca5d.jpg,train,Grade 2,train/Grade 2/304627_jpg.rf.a739fec142199b77bef15dbe5f4d29ed.jpg,train,Grade 2,NEAR_DUPLICATE_DHASH,False,False,1.0
train/Grade 2/304765_jpg.rf.7e78e275a6922d8752e9caaf62735761.jpg,train,Grade 2,train/Grade 2/304765_jpg.rf.b7292441383e0a96fbb2543c37ad0cd7.jpg,train,Grade 2,NEAR_DUPLICATE_DHASH,False,False,0.0
train/Grade 2/304867_jpg.rf.505dc3f115eccbcecba6080e25bd9313.jpg,train,Grade 2,train/Grade 2/304867_jpg.rf.8bba23fe0d05a9c53e3ec0fbb614dca2.jpg,train,Grade 2,NEAR_DUPLICATE_DHASH,False,False,0.0
train/Grade 2/304883_jpg.rf.93897d56b2a6c009a6cf538ea7dfeff8.jpg,train,Grade 2,train/Grade 2/304883_jpg.rf.cca61075dc42439fbfe12edc41be0423.jpg,train,Grade 2,NEAR_DUPLICATE_DHASH,False,False,1.0
train/Grade 2/304936_jpg.rf.092212fa180b3417390c381ec7525ce2.jpg,train,Grade 2,train/Grade 2/304936_jpg.rf.43e8f93f4b67424c5e6ae8c3ee1fa124.jpg,train,Grade 2,NEAR_DUPLICATE_DHASH,False,False,2.0
train/Grade 2/304936_jpg.rf.476d647ed1ed0c072ead3d3ead861e25.jpg,train,Grade 2,train/Grade 2/304936_jpg.rf.e560649dd344376173518bdf1782b8e2.jpg,train,Grade 2,NEAR_DUPLICATE_DHASH,False,False,0.0
train/Grade 2/304948_jpg.rf.3e7484349609024f16583f40ade13c28.jpg,train,Grade 2,train/Grade 2/304948_jpg.rf.46b5d509cd64f610ad382c850de542fd.jpg,train,Grade 2,NEAR_DUPLICATE_DHASH,False,False,0.0
train/Grade 2/304948_jpg.rf.3e7484349609024f16583f40ade13c28.jpg,train,Grade 2,train/Grade 2/304948_jpg.rf.5bf5b20b3bb0f705aad157271034c390.jpg,train,Grade 2,NEAR_DUPLICATE_DHASH,False,False,0.0
train/Grade 2/304948_jpg.rf.46b5d509cd64f610ad382c850de542fd.jpg,train,Grade 2,train/Grade 2/304948_jpg.rf.5bf5b20b3bb0f705aad157271034c390.jpg,train,Grade 2,NEAR_DUPLICATE_DHASH,False,False,0.0
train/Grade 3/316_jpg.rf.1929b8292e47cf7c0f2e82f12dec9966.jpg,train,Grade 3,train/Grade 3/316_jpg.rf.1d8e49012363cedc1792a7df70f95134.jpg,train,Grade 3,NEAR_DUPLICATE_DHASH,False,False,0.0
train/Grade 3/316_jpg.rf.1929b8292e47cf7c0f2e82f12dec9966.jpg,train,Grade 3,train/Grade 3/316_jpg.rf.2548c042eb2670ae11c5d92e45d23a8a.jpg,train,Grade 3,NEAR_DUPLICATE_DHASH,False,False,0.0
train/Grade 3/316_jpg.rf.1d8e49012363cedc1792a7df70f95134.jpg,train,Grade 3,train/Grade 3/316_jpg.rf.2548c042eb2670ae11c5d92e45d23a8a.jpg,train,Grade 3,NEAR_DUPLICATE_DHASH,False,False,0.0
train/Grade 4/305648_jpg.rf.8950f2ae6c43ab9cde264faa9cabdc75.jpg,train,Grade 4,train/Grade 4/305648_jpg.rf.e0e4169c149eaa8c1fc45b8da5a8ada5.jpg,train,Grade 4,NEAR_DUPLICATE_DHASH,False,False,1.0
train/Grade 2/305110_jpg.rf.09c063a0eaa3620c25642d755eed188e.jpg,train,Grade 2,train/Grade 2/305110_jpg.rf.74656193b6fd6994551f95a61c40d64f.jpg,train,Grade 2,NEAR_DUPLICATE_DHASH,False,False,3.0
train/Grade 2/305110_jpg.rf.30c9a50acb387218374c5ae54a4bf29f.jpg,train,Grade 2,train/Grade 2/305110_jpg.rf.310f26ee10b14a399376e4e0314ddddd.jpg,train,Grade 2,NEAR_DUPLICATE_DHASH,False,False,3.0
train/Grade 2/305133_jpg.rf.54f414621387f153cd41ceb8fe245477.jpg,train,Grade 2,train/Grade 2/305133_jpg.rf.9e6f40caf7f1fd9c781dabdcfe2117ac.jpg,train,Grade 2,NEAR_DUPLICATE_DHASH,False,False,0.0
train/Grade 2/305158_jpg.rf.54e54bd86f54fd3c8fce1a11e6d0906d.jpg,train,Grade 2,train/Grade 2/305158_jpg.rf.909b1080bf9b8beba1c145539ced3c12.jpg,train,Grade 2,NEAR_DUPLICATE_DHASH,False,False,2.0
train/Grade 2/305158_jpg.rf.5bde71ae1e9d3c2f5769b2b4d62c52f3.jpg,train,Grade 2,train/Grade 2/305158_jpg.rf.9ad409dc9b83dd32f279c6c6bd7bab28.jpg,train,Grade 2,NEAR_DUPLICATE_DHASH,False,False,0.0
train/Grade 2/305192_jpg.rf.4f4f92140d0a7da6890e9a9848d4afdd.jpg,train,Grade 2,train/Grade 2/305192_jpg.rf.a5b0fd8ba0b7d713e98ff69d09ee9461.jpg,train,Grade 2,NEAR_DUPLICATE_DHASH,False,False,0.0
train/Grade 2/305211_jpg.rf.52c00d7e27451b2f94c374fb9a12dba6.jpg,train,Grade 2,train/Grade 2/305211_jpg.rf.9a8d92865881fbc42890a47f90b9a917.jpg,train,Grade 2,NEAR_DUPLICATE_DHASH,False,False,0.0
train/Grade 3/diabetic-foot-ulcer_opt_jpg.rf.65156c1b3d6b99027ea2f2ab7a088a0e.jpg,train,Grade 3,train/Grade 3/fca6301733db7bae3970f6a2db215b30_jpg.rf.fb329593b4938451924a3c6181467d0e.jpg,train,Grade 3,NEAR_DUPLICATE_DHASH,False,False,3.0
train/Grade 4/301548_jpg.rf.6a6606ea2706216feb0270ad8f53c550.jpg,train,Grade 4,train/Grade 4/301548_jpg.rf.8802d6b5ee41bf5c6a9fec0978d09fb0.jpg,train,Grade 4,NEAR_DUPLICATE_DHASH,False,False,0.0
train/Grade 4/301548_jpg.rf.5ec44659077be218493e639208486fc4.jpg,train,Grade 4,train/Grade 4/301548_jpg.rf.f21b3ce1b2d456843411388868d00cdc.jpg,train,Grade 4,NEAR_DUPLICATE_DHASH,False,False,2.0
train/Grade 2/305303_jpg.rf.66d6628785fe5462709ad66a020520d2.jpg,train,Grade 2,train/Grade 2/305303_jpg.rf.b4fdd65c649222d701ee81a67f1c99d2.jpg,train,Grade 2,NEAR_DUPLICATE_DHASH,False,False,2.0
train/Grade 2/305382_jpg.rf.265580e348e711784ec883b1d48b34eb.jpg,train,Grade 2,train/Grade 2/305382_jpg.rf.6596d7de61ff8d51efe306311dcbe6c4.jpg,train,Grade 2,NEAR_DUPLICATE_DHASH,False,False,2.0
train/Grade 2/305595_jpg.rf.166c2b3534898636c0ddb15a690d441f.jpg,train,Grade 2,train/Grade 2/305595_jpg.rf.e453a05cef5a10062b81aeaadc9ddef2.jpg,train,Grade 2,NEAR_DUPLICATE_DHASH,False,False,2.0
train/Grade 2/305595_jpg.rf.6def23d860b79d0a037e122d4043e7b6.jpg,train,Grade 2,train/Grade 2/305595_jpg.rf.c334f05cee519a4c70954d5eba031c04.jpg,train,Grade 2,NEAR_DUPLICATE_DHASH,False,False,4.0
train/Grade 2/diabetic-foot-ulcer_jpg.rf.3dfdffc6a9182529b9eedbb2ddf7ad7c.jpg,train,Grade 2,train/Grade 2/diabetic-foot-ulcer_jpg.rf.e14c7effdafaa3c5161d3795a4f46879.jpg,train,Grade 2,NEAR_DUPLICATE_DHASH,False,False,0.0
train/Grade 2/305639_jpg.rf.2ae77a6538b685abfc79ef9d8731dbfe.jpg,train,Grade 2,train/Grade 2/305639_jpg.rf.de4840a53204469b0ab9dc677a4129d3.jpg,train,Grade 2,NEAR_DUPLICATE_DHASH,False,False,2.0
train/Grade 3/303312_jpg.rf.8ebda2d4eac8930a6526c11fdeda184d.jpg,train,Grade 3,train/Grade 3/303312_jpg.rf.b570d13bbb6b0885da8e8d90f3c7aa11.jpg,train,Grade 3,NEAR_DUPLICATE_DHASH,False,False,1.0
train/Grade 3/4493578528152659698_jpg.rf.ff30c7043cfb6f8d58c10b3b973b19c7.jpg,train,Grade 3,train/Grade 3/52290072_288278388503662_4626597947310604288_n_jpg.rf.0e07b568a17cfb51602f1494bc4b2e6d.jpg,train,Grade 3,NEAR_DUPLICATE_DHASH,False,False,0.0
train/Grade 2/305719_jpg.rf.26fbe08e9b64c300b56e7238e740ef69.jpg,train,Grade 2,train/Grade 2/305719_jpg.rf.a5772f70928474746288b955cf8561da.jpg,train,Grade 2,NEAR_DUPLICATE_DHASH,False,False,0.0
train/Grade 4/402826_jpg.rf.a348898ebb019ce1a3f6e06abc8b8817.jpg,train,Grade 4,train/Grade 4/402826_jpg.rf.f770fede4ede36293c39de071e694dbe.jpg,train,Grade 4,NEAR_DUPLICATE_DHASH,False,False,1.0
train/Grade 2/306101_jpg.rf.5aa4a28c11831989593f4ddd6d085b54.jpg,train,Grade 2,train/Grade 2/306101_jpg.rf.a10a9f52b086e8c6b035a71f625c1b4a.jpg,train,Grade 2,NEAR_DUPLICATE_DHASH,False,False,2.0
train/Grade 2/306112_jpg.rf.5067bd7670eaf3ccd6e0f46cf3850800.jpg,train,Grade 2,train/Grade 2/306112_jpg.rf.72b6fae4048ca778e9acbf6266d8c286.jpg,train,Grade 2,NEAR_DUPLICATE_DHASH,False,False,3.0
train/Grade 3/408_jpg.rf.2a89ca4aa291057bdcbf030579e5a2b8.jpg,train,Grade 3,train/Grade 3/408_jpg.rf.c46742e646cc8a6b926fd79fc5644f09.jpg,train,Grade 3,NEAR_DUPLICATE_DHASH,False,False,2.0
train/Grade 3/457_jpg.rf.2862c0cde599d7e3efa6f9eb85bf6517.jpg,train,Grade 3,train/Grade 3/457_jpg.rf.7ff51c4cfce0eb59b38c42d4a666c7c5.jpg,train,Grade 3,NEAR_DUPLICATE_DHASH,False,False,0.0
train/Grade 2/312_jpg.rf.9ac4299ce9c9feafa07e0613093c6bc4.jpg,train,Grade 2,train/Grade 2/312_jpg.rf.d3003da07353670d0cb8b89d1920b2d8.jpg,train,Grade 2,NEAR_DUPLICATE_DHASH,False,False,3.0
train/Grade 3/456_jpg.rf.4e870cbb17984f08fd9bec3f187c1229.jpg,train,Grade 3,train/Grade 3/456_jpg.rf.854dc09c24da91befe98a4556b24b7ca.jpg,train,Grade 3,NEAR_DUPLICATE_DHASH,False,False,0.0
train/Grade 2/314_jpg.rf.0a31d2af4b11fae293c04f32fcc1378a.jpg,train,Grade 2,train/Grade 2/314_jpg.rf.8d60ff0eff0ef23eb293f9ae9ecfa276.jpg,train,Grade 2,NEAR_DUPLICATE_DHASH,False,False,1.0
train/Grade 2/32_jpg.rf.05efc307bcf075dadcdd3d4497056249.jpg,train,Grade 2,train/Grade 2/32_jpg.rf.3f220214757d9a5466c371c76681553f.jpg,train,Grade 2,NEAR_DUPLICATE_DHASH,False,False,0.0
train/Grade 3/51874747_2065109713558566_4555611457986756608_n_jpg.rf.4e0fc5d2e4d9e4d015b849fb13f07b44.jpg,train,Grade 3,train/Grade 3/51874747_2065109713558566_4555611457986756608_n_jpg.rf.dc6a15a2dedfa1761d2a4a756589cc36.jpg,train,Grade 3,NEAR_DUPLICATE_DHASH,False,False,0.0
train/Grade 2/3809525079_71eabf91b5_z_jpg.rf.3ab6e1b27d6c16c7cd71fb5b44d1d465.jpg,train,Grade 2,train/Grade 2/3809525079_71eabf91b5_z_jpg.rf.8e6c39ae56956f9e620d11c3a9b3ab9d.jpg,train,Grade 2,NEAR_DUPLICATE_DHASH,False,False,1.0
train/Grade 2/444_jpg.rf.cc72e32c9e535992dbf4e1792b0a9316.jpg,train,Grade 2,train/Grade 2/460_jpg.rf.ee532b7eaf1cbfac216e5e221b08c0f0.jpg,train,Grade 2,NEAR_DUPLICATE_DHASH,False,False,3.0
train/Grade 2/448_jpg.rf.65a43480265b5cb6e5733dc4eda23042.jpg,train,Grade 2,train/Grade 2/448_jpg.rf.7273e41ba8a6daddea8cab959de7e3b9.jpg,train,Grade 2,NEAR_DUPLICATE_DHASH,False,False,3.0
train/Grade 2/467_jpg.rf.696127e0b8d8d7094e6af896ac054719.jpg,train,Grade 2,train/Grade 2/467_jpg.rf.c9bed0ff15d08ca2eedef489c28bcf81.jpg,train,Grade 2,NEAR_DUPLICATE_DHASH,False,False,1.0
train/Grade 2/472_jpg.rf.2638d1a1b09ecaa09708587d3e20443f.jpg,train,Grade 2,train/Grade 2/472_jpg.rf.8c3cc71bf4bc43bd3798695fb9a52e4d.jpg,train,Grade 2,NEAR_DUPLICATE_DHASH,False,False,2.0
train/Grade 3/305728_jpg.rf.33301a78b9b24b664acdaba4d1ea353b.jpg,train,Grade 3,train/Grade 3/305728_jpg.rf.f56d0c8e5ef929f5b49752fb721ac3c6.jpg,train,Grade 3,NEAR_DUPLICATE_DHASH,False,False,3.0
train/Grade 2/48_jpg.rf.3380d9dc4a1a783783d561a7a6b8ff52.jpg,train,Grade 2,train/Grade 2/48_jpg.rf.f9f075967270d7887f35e06b7693868a.jpg,train,Grade 2,NEAR_DUPLICATE_DHASH,False,False,3.0
train/Grade 2/48_jpg.rf.4b9e8c2f810bc674a6d758af002d7728.jpg,train,Grade 2,train/Grade 2/48_jpg.rf.663b4d24d1210ca22af73f755c872344.jpg,train,Grade 2,NEAR_DUPLICATE_DHASH,False,False,1.0
train/Grade 2/501386_jpg.rf.3bf9a2c51f8a51200c84552422066308.jpg,train,Grade 2,train/Grade 2/501386_jpg.rf.db7423157d6d1248ca3f179912e491eb.jpg,train,Grade 2,NEAR_DUPLICATE_DHASH,False,False,2.0
train/Grade 2/501489_jpg.rf.4562593f926c905f7bc3edfb91d8c336.jpg,train,Grade 2,train/Grade 2/501489_jpg.rf.7e4f41931682a5cf64dd92f21c44c01b.jpg,train,Grade 2,NEAR_DUPLICATE_DHASH,False,False,2.0
train/Grade 4/301841_jpg.rf.b64f0917d80c738e9673be8836aa69e0.jpg,train,Grade 4,train/Grade 4/301841_jpg.rf.d5d9e1309f5712c22e7d697c058b8f49.jpg,train,Grade 4,NEAR_DUPLICATE_DHASH,False,False,2.0
train/Grade 4/51797944_254790468769500_1401433397594685440_n_jpg.rf.63b462d64cfa42dd380b639a62c506e8.jpg,train,Grade 4,train/Grade 4/52365720_652591511824432_1461259560428765184_n_jpg.rf.b9702f2d16a37a54fccf8f6a16e54669.jpg,train,Grade 4,NEAR_DUPLICATE_DHASH,False,False,0.0
train/Grade 2/511_jpg.rf.25f678da6e9c552bf94e4a886bb9c00b.jpg,train,Grade 2,train/Grade 2/511_jpg.rf.eb6da5420d80981aa7d155cdd2c2c502.jpg,train,Grade 2,NEAR_DUPLICATE_DHASH,False,False,0.0
train/Grade 4/346_jpg.rf.d808a7409e025603d38f09cb6d84801b.jpg,train,Grade 4,train/Grade 4/346_jpg.rf.ed51230090ce12a9c20c3659c189656d.jpg,train,Grade 4,NEAR_DUPLICATE_DHASH,False,False,0.0
train/Grade 2/51813427_413740355860528_579357505881112576_n_jpg.rf.0fb2494e00a0e4f879feda0f248a7483.jpg,train,Grade 2,train/Grade 2/51813427_413740355860528_579357505881112576_n_jpg.rf.f755dd8dc5127cb98867cbf845bf7c9b.jpg,train,Grade 2,NEAR_DUPLICATE_DHASH,False,False,1.0
train/Grade 4/367_jpg.rf.2d78684f9b890ff6591c9b7d5d257909.jpg,train,Grade 4,train/Grade 4/367_jpg.rf.7b09aa67d0c266be8a0afd79cd35fa36.jpg,train,Grade 4,NEAR_DUPLICATE_DHASH,False,False,1.0
train/Grade 2/51820014_412392489525783_8714311587852189696_n-1-_jpg.rf.dcd525d8f09d81390dc05db643b9cd6a.jpg,train,Grade 2,train/Grade 2/51820014_412392489525783_8714311587852189696_n-1-_jpg.rf.e3d74fbc56a62258e32c791764b1055c.jpg,train,Grade 2,NEAR_DUPLICATE_DHASH,False,False,1.0
train/Grade 2/51823941_2217754844912408_4592328961601568768_n_jpg.rf.81915ae9021cad8b7eafc11c8dda25e7.jpg,train,Grade 2,train/Grade 2/51823941_2217754844912408_4592328961601568768_n_jpg.rf.bde1efaf9f9c97d04ed8bdd7d0680715.jpg,train,Grade 2,NEAR_DUPLICATE_DHASH,False,False,2.0
train/Grade 2/51848097_2191241644520820_6788096464439476224_n_jpg.rf.0f9a1d79a4d978237b82cfdb4bea5162.jpg,train,Grade 2,train/Grade 2/51848097_2191241644520820_6788096464439476224_n_jpg.rf.693f0811feb7367f737668b85ef5b852.jpg,train,Grade 2,NEAR_DUPLICATE_DHASH,False,False,0.0
train/Grade 3/457_jpg.rf.213785a74f68fc6496187a401c0ebb70.jpg,train,Grade 3,train/Grade 3/457_jpg.rf.9c10d158dc2040cbeee0a474c7ba5401.jpg,train,Grade 3,NEAR_DUPLICATE_DHASH,False,False,0.0
train/Grade 2/52259339_771986766503759_5407247603848970240_n_jpg.rf.6643a752f2de6878ce1daf66b24fd5fc.jpg,train,Grade 2,train/Grade 2/52259339_771986766503759_5407247603848970240_n_jpg.rf.92cf6dbd58610b51f583f6c2c466a4cb.jpg,train,Grade 2,NEAR_DUPLICATE_DHASH,False,False,2.0
train/Grade 2/52259339_771986766503759_5407247603848970240_n_jpg.rf.711717c86cbdb8d3cfa757e0193d5523.jpg,train,Grade 2,train/Grade 2/52259339_771986766503759_5407247603848970240_n_jpg.rf.b6bafb400d4bf88d003b455cb979e313.jpg,train,Grade 2,NEAR_DUPLICATE_DHASH,False,False,0.0
train/Grade 2/52421007_343307159859587_2513761993760964608_n_jpg.rf.4f8297cbb9960a86357b26f543f1ee1a.jpg,train,Grade 2,train/Grade 2/52421007_343307159859587_2513761993760964608_n_jpg.rf.8be87aca3c30697bce2c063498fc52c1.jpg,train,Grade 2,NEAR_DUPLICATE_DHASH,False,False,1.0
train/Grade 2/52427921_788743391505332_9028806221594886144_n_jpg.rf.485a740837bc1799f1e212554ac4b8c6.jpg,train,Grade 2,train/Grade 2/52427921_788743391505332_9028806221594886144_n_jpg.rf.4da4bbf8d63e1281475b8b892dd54552.jpg,train,Grade 2,NEAR_DUPLICATE_DHASH,False,False,4.0
train/Grade 2/52436883_522899691564377_498827582045683712_n_jpg.rf.001ac9f3fd0d93b08408554acd13b112.jpg,train,Grade 2,train/Grade 2/52436883_522899691564377_498827582045683712_n_jpg.rf.639f219449fdfb66cb40164d06dc8265.jpg,train,Grade 2,NEAR_DUPLICATE_DHASH,False,False,0.0
train/Grade 2/52439580_303060813746178_42485588858765312_n_jpg.rf.b9f1adc37e127c6ddc7fbe62e888bda1.jpg,train,Grade 2,train/Grade 2/52439580_303060813746178_42485588858765312_n_jpg.rf.f6334b3641175652b17bd3d2fa9f86f7.jpg,train,Grade 2,NEAR_DUPLICATE_DHASH,False,False,4.0
train/Grade 2/52669909_292819728074291_6340199583842304000_n_jpg.rf.50c0b81a456c9cef5e8c4acc2f49fc79.jpg,train,Grade 2,train/Grade 2/52669909_292819728074291_6340199583842304000_n_jpg.rf.bceeb5b9cb2da4b515ce24dd4fca3b07.jpg,train,Grade 2,NEAR_DUPLICATE_DHASH,False,False,1.0
train/Grade 2/53112108_764639480577903_8301929057386233856_n_jpg.rf.446372a151ec0e44189504ab549635c8.jpg,train,Grade 2,train/Grade 2/53112108_764639480577903_8301929057386233856_n_jpg.rf.cfe086ad9e45afba218e670ee169b762.jpg,train,Grade 2,NEAR_DUPLICATE_DHASH,False,False,2.0
train/Grade 2/53112108_764639480577903_8301929057386233856_n_jpg.rf.446372a151ec0e44189504ab549635c8.jpg,train,Grade 2,train/Grade 3/52156688_262325001328063_4488024718745534464_n_jpg.rf.d306e80b98b70c48a7d8a25b60401d25.jpg,train,Grade 3,NEAR_DUPLICATE_DHASH,False,True,4.0
train/Grade 2/53112108_764639480577903_8301929057386233856_n_jpg.rf.cfe086ad9e45afba218e670ee169b762.jpg,train,Grade 2,train/Grade 3/52156688_262325001328063_4488024718745534464_n_jpg.rf.d306e80b98b70c48a7d8a25b60401d25.jpg,train,Grade 3,NEAR_DUPLICATE_DHASH,False,True,4.0
train/Grade 3/53055705_2319146521637967_7113294045014654976_n_jpg.rf.6e11f6a44bc7a9d788ce9b91492727cc.jpg,train,Grade 3,train/Grade 3/53055705_2319146521637967_7113294045014654976_n_jpg.rf.fc8c1a818af0c65449b9b7123c39ff3d.jpg,train,Grade 3,NEAR_DUPLICATE_DHASH,False,False,0.0
train/Grade 3/73_jpg.rf.6995be151bd01dafd11fc013533c0013.jpg,train,Grade 3,train/Grade 3/73_jpg.rf.a79ca1554b98b4168fe4ca4c17b5e3f6.jpg,train,Grade 3,NEAR_DUPLICATE_DHASH,False,False,2.0
train/Grade 3/73_jpg.rf.6995be151bd01dafd11fc013533c0013.jpg,train,Grade 3,train/Grade 3/73_jpg.rf.b2212da0367b07799186bab3551f8200.jpg,train,Grade 3,NEAR_DUPLICATE_DHASH,False,False,1.0
train/Grade 3/73_jpg.rf.6995be151bd01dafd11fc013533c0013.jpg,train,Grade 3,train/Grade 3/73_jpg.rf.e47b133b270e48ad2ecc22ad8b976938.jpg,train,Grade 3,NEAR_DUPLICATE_DHASH,False,False,2.0
train/Grade 3/73_jpg.rf.a79ca1554b98b4168fe4ca4c17b5e3f6.jpg,train,Grade 3,train/Grade 3/73_jpg.rf.b2212da0367b07799186bab3551f8200.jpg,train,Grade 3,NEAR_DUPLICATE_DHASH,False,False,1.0
train/Grade 3/73_jpg.rf.a79ca1554b98b4168fe4ca4c17b5e3f6.jpg,train,Grade 3,train/Grade 3/73_jpg.rf.e47b133b270e48ad2ecc22ad8b976938.jpg,train,Grade 3,NEAR_DUPLICATE_DHASH,False,False,0.0
train/Grade 3/73_jpg.rf.b2212da0367b07799186bab3551f8200.jpg,train,Grade 3,train/Grade 3/73_jpg.rf.e47b133b270e48ad2ecc22ad8b976938.jpg,train,Grade 3,NEAR_DUPLICATE_DHASH,False,False,1.0
train/Grade 2/53366413_337613673627474_3404452887131062272_n_jpg.rf.81dd28e9bedda3cfaf12d55132d82b20.jpg,train,Grade 2,train/Grade 2/53366413_337613673627474_3404452887131062272_n_jpg.rf.9e7c0ae7e97ebf05ba8c7721b722fd08.jpg,train,Grade 2,NEAR_DUPLICATE_DHASH,False,False,1.0
train/Grade 2/58_jpg.rf.e72ab29068c25b10ce692bfe131e2f59.jpg,train,Grade 2,train/Grade 2/58_jpg.rf.f2e5e555fca188c0b6fa29862c11e1c2.jpg,train,Grade 2,NEAR_DUPLICATE_DHASH,False,False,0.0
train/Grade 2/59_jpg.rf.6d3ea6ee8579f5c2f6401eb44dc57ddb.jpg,train,Grade 2,train/Grade 2/59_jpg.rf.6dcf6283beaeb0e5568f260d218c4c8a.jpg,train,Grade 2,NEAR_DUPLICATE_DHASH,False,False,0.0
train/Grade 2/5_jpg.rf.39714e649d46ca937b8c2afe5c7f7e0a.jpg,train,Grade 2,train/Grade 2/5_jpg.rf.d81cd96c76cf0b1e7fef91fe71d05116.jpg,train,Grade 2,NEAR_DUPLICATE_DHASH,False,False,0.0
train/Grade 2/5_png.rf.090843460c1fa6106d80bfc940cecf76.jpg,train,Grade 2,train/Grade 2/5_png.rf.23eb1bb388e734aec84701194e5a45a0.jpg,train,Grade 2,NEAR_DUPLICATE_DHASH,False,False,4.0
train/Grade 2/5_png.rf.090843460c1fa6106d80bfc940cecf76.jpg,train,Grade 2,train/Grade 3/5_jpg.rf.edd28c415b171537dcf6ab85e80464ff.jpg,train,Grade 3,NEAR_DUPLICATE_DHASH,False,True,0.0
train/Grade 2/5_png.rf.23eb1bb388e734aec84701194e5a45a0.jpg,train,Grade 2,train/Grade 2/5_png.rf.7c6f14f7b2f4ceb876abf977819e1058.jpg,train,Grade 2,NEAR_DUPLICATE_DHASH,False,False,2.0
train/Grade 2/5_png.rf.23eb1bb388e734aec84701194e5a45a0.jpg,train,Grade 2,train/Grade 3/5_jpg.rf.edd28c415b171537dcf6ab85e80464ff.jpg,train,Grade 3,NEAR_DUPLICATE_DHASH,False,True,4.0
train/Grade 2/5_png.rf.23eb1bb388e734aec84701194e5a45a0.jpg,train,Grade 2,train/Grade 3/5_jpg.rf.f82b85fba562d774a08fc1450dd09ca0.jpg,train,Grade 3,NEAR_DUPLICATE_DHASH,False,True,2.0
train/Grade 2/5_png.rf.7c6f14f7b2f4ceb876abf977819e1058.jpg,train,Grade 2,train/Grade 3/5_jpg.rf.f82b85fba562d774a08fc1450dd09ca0.jpg,train,Grade 3,NEAR_DUPLICATE_DHASH,False,True,0.0
train/Grade 3/304274_jpg.rf.57a523931554958d7ba23fb9b0d42095.jpg,train,Grade 3,train/Grade 3/304274_jpg.rf.e8c59192791438683c533e92702574fe.jpg,train,Grade 3,NEAR_DUPLICATE_DHASH,False,False,1.0
train/Grade 4/341_jpg.rf.23717c9721c43c421bbfcb137c219b79.jpg,train,Grade 4,train/Grade 4/341_jpg.rf.eeb13713dcb426b0d495187e8365d18b.jpg,train,Grade 4,NEAR_DUPLICATE_DHASH,False,False,0.0
train/Grade 2/7527tn_jpg.rf.2df86c52cd5ac836c8474ae18b11e34e.jpg,train,Grade 2,train/Grade 2/7527tn_jpg.rf.3626cf7ca8f84f02cf604f71433d4752.jpg,train,Grade 2,NEAR_DUPLICATE_DHASH,False,False,2.0
train/Grade 2/80_jpg.rf.3fcea0dfa19958987a7fe7ed5d052099.jpg,train,Grade 2,train/Grade 2/80_jpg.rf.5036f320327d45561c5ed8f96dffc8f7.jpg,train,Grade 2,NEAR_DUPLICATE_DHASH,False,False,0.0
train/Grade 4/40158037_506977779774764_3071165572445110272_n_jpg.rf.2473560b253587d99bbc7f089dcb79f1.jpg,train,Grade 4,train/Grade 4/40158037_506977779774764_3071165572445110272_n_jpg.rf.b177e71eba0e2694ac0f8901e79dd377.jpg,train,Grade 4,NEAR_DUPLICATE_DHASH,False,False,1.0
train/Grade 4/301391_jpg.rf.81f4affd80ce794760e07e2d64af1a82.jpg,train,Grade 4,train/Grade 4/301391_jpg.rf.89dbab2533c76e57705baffba3280fc2.jpg,train,Grade 4,NEAR_DUPLICATE_DHASH,False,False,1.0
train/Grade 4/51797944_254790468769500_1401433397594685440_n_jpg.rf.e6c958359dd6f3a4de6f763eb33b5b4c.jpg,train,Grade 4,train/Grade 4/52365720_652591511824432_1461259560428765184_n_jpg.rf.1d84dc8e9654ea66e742fb325876360f.jpg,train,Grade 4,NEAR_DUPLICATE_DHASH,False,False,1.0
train/Grade 4/51797944_254790468769500_1401433397594685440_n_jpg.rf.e6c958359dd6f3a4de6f763eb33b5b4c.jpg,train,Grade 4,train/Grade 4/52365720_652591511824432_1461259560428765184_n_jpg.rf.c05bac85159e17e5efb0f05d324283e0.jpg,train,Grade 4,NEAR_DUPLICATE_DHASH,False,False,3.0
train/Grade 4/51797944_254790468769500_1401433397594685440_n_jpg.rf.e6c958359dd6f3a4de6f763eb33b5b4c.jpg,train,Grade 4,train/Grade 4/52365720_652591511824432_1461259560428765184_n_jpg.rf.e052a0731970be19955e89d5560eea76.jpg,train,Grade 4,NEAR_DUPLICATE_DHASH,False,False,3.0
train/Grade 4/52365720_652591511824432_1461259560428765184_n_jpg.rf.1d84dc8e9654ea66e742fb325876360f.jpg,train,Grade 4,train/Grade 4/52365720_652591511824432_1461259560428765184_n_jpg.rf.c05bac85159e17e5efb0f05d324283e0.jpg,train,Grade 4,NEAR_DUPLICATE_DHASH,False,False,2.0
train/Grade 4/52365720_652591511824432_1461259560428765184_n_jpg.rf.1d84dc8e9654ea66e742fb325876360f.jpg,train,Grade 4,train/Grade 4/52365720_652591511824432_1461259560428765184_n_jpg.rf.e052a0731970be19955e89d5560eea76.jpg,train,Grade 4,NEAR_DUPLICATE_DHASH,False,False,2.0
train/Grade 4/52365720_652591511824432_1461259560428765184_n_jpg.rf.6eddd7c5c17a6921b32b8952f8b3419a.jpg,train,Grade 4,train/Grade 4/52365720_652591511824432_1461259560428765184_n_jpg.rf.c05bac85159e17e5efb0f05d324283e0.jpg,train,Grade 4,NEAR_DUPLICATE_DHASH,False,False,3.0
train/Grade 4/52365720_652591511824432_1461259560428765184_n_jpg.rf.6eddd7c5c17a6921b32b8952f8b3419a.jpg,train,Grade 4,train/Grade 4/52365720_652591511824432_1461259560428765184_n_jpg.rf.e052a0731970be19955e89d5560eea76.jpg,train,Grade 4,NEAR_DUPLICATE_DHASH,False,False,3.0
train/Grade 4/52365720_652591511824432_1461259560428765184_n_jpg.rf.c05bac85159e17e5efb0f05d324283e0.jpg,train,Grade 4,train/Grade 4/52365720_652591511824432_1461259560428765184_n_jpg.rf.e052a0731970be19955e89d5560eea76.jpg,train,Grade 4,NEAR_DUPLICATE_DHASH,False,False,0.0
train/Grade 2/diabetic_foot_ulcer_jpg.rf.9f2c02cf54cf94dbc349f147684dd4d5.jpg,train,Grade 2,train/Grade 2/diabetic_foot_ulcer_jpg.rf.f3c6024e099850a091d604116109e583.jpg,train,Grade 2,NEAR_DUPLICATE_DHASH,False,False,0.0
train/Grade 2/display_jpg.rf.158d6573864fcf49925e38c604b41f87.jpg,train,Grade 2,train/Grade 2/display_jpg.rf.9bb1d901ca5f9a8d6a3e36382b564fd3.jpg,train,Grade 2,NEAR_DUPLICATE_DHASH,False,False,0.0
train/Grade 2/display_jpg.rf.5a31c6866f3b4d9c62c5835f85f84a44.jpg,train,Grade 2,train/Grade 2/display_jpg.rf.cc75fd24581535b00ace9bd3f79d17a8.jpg,train,Grade 2,NEAR_DUPLICATE_DHASH,False,False,0.0
train/Grade 2/foot-ulcer_jpg.rf.7bd1dd5d7011aff9112aa8873b43c543.jpg,train,Grade 2,train/Grade 2/foot-ulcer_jpg.rf.7e18417dba6b70dc7db32203a3fe3417.jpg,train,Grade 2,NEAR_DUPLICATE_DHASH,False,False,1.0
train/Grade 2/foot-ulcer_jpg.rf.7bd1dd5d7011aff9112aa8873b43c543.jpg,train,Grade 2,train/Grade 2/foot-ulcer_jpg.rf.9498d279abdfc8f589fcd32dbb7c859f.jpg,train,Grade 2,NEAR_DUPLICATE_DHASH,False,False,1.0
train/Grade 2/foot-ulcer_jpg.rf.7e18417dba6b70dc7db32203a3fe3417.jpg,train,Grade 2,train/Grade 2/foot-ulcer_jpg.rf.9498d279abdfc8f589fcd32dbb7c859f.jpg,train,Grade 2,NEAR_DUPLICATE_DHASH,False,False,0.0
train/Grade 4/322_jpg.rf.36b859c12ac4ed446f26c2ca69c83406.jpg,train,Grade 4,train/Grade 4/322_jpg.rf.e4f2230dc9e59173c030fbf67945af23.jpg,train,Grade 4,NEAR_DUPLICATE_DHASH,False,False,3.0
train/Grade 2/images-20-_jpg.rf.0d10d1c9d2c3f093637920d43df016cd.jpg,train,Grade 2,train/Grade 2/images-20-_jpg.rf.0d6f879879c4cab37ba19ebb2fe58354.jpg,train,Grade 2,NEAR_DUPLICATE_DHASH,False,False,2.0
train/Grade 3/1_jpg.rf.43d7b70d5237b94101c5110ef6b1c28a.jpg,train,Grade 3,train/Grade 3/1_jpg.rf.bdc7f856a4523272ea29f9d63f69cecd.jpg,train,Grade 3,NEAR_DUPLICATE_DHASH,False,False,0.0
train/Grade 3/1_jpg.rf.d619aa87e9c77833ca2fadf8c51f1be6.jpg,train,Grade 3,train/Grade 3/1_jpg.rf.f5d0e6f56844e940c62a8d1c074b28b3.jpg,train,Grade 3,NEAR_DUPLICATE_DHASH,False,False,2.0
train/Grade 2/images-6-_jpg.rf.5900c2b7c31858770bbce0e1b7c83621.jpg,train,Grade 2,train/Grade 2/images-6-_jpg.rf.a643cccb03ba49dd6c74ca5d9a39ffcc.jpg,train,Grade 2,NEAR_DUPLICATE_DHASH,False,False,1.0
train/Grade 2/lesioni-piede-diabetico_01_jpg.rf.03a0aac096156698cace80b78ac704ce.jpg,train,Grade 2,train/Grade 2/lesioni-piede-diabetico_01_jpg.rf.2fee926c83069e846b8f6f349a776fba.jpg,train,Grade 2,NEAR_DUPLICATE_DHASH,False,False,0.0
train/Grade 2/maxresdefault_jpg.rf.68cd2a7b96130b44460429e5c42c6cb6.jpg,train,Grade 2,train/Grade 2/maxresdefault_jpg.rf.b2bacce4b8f48695cdb78cf43806c1a9.jpg,train,Grade 2,NEAR_DUPLICATE_DHASH,False,False,4.0
train/Grade 2/maxresdefault_jpg.rf.b08d6b1eb0b00df49baa16df67d1196b.jpg,train,Grade 2,train/Grade 2/maxresdefault_jpg.rf.b668c2e0edb309325b5d0401b7297e20.jpg,train,Grade 2,NEAR_DUPLICATE_DHASH,False,False,0.0
train/Grade 2/ulcers_jpg.rf.37ca04d7922e03aea84199e2185b4866.jpg,train,Grade 2,train/Grade 2/ulcers_jpg.rf.74ac79d21ee19a832915af6cbc0ae3f1.jpg,train,Grade 2,NEAR_DUPLICATE_DHASH,False,False,1.0
train/Grade 2/ulcers_jpg.rf.37ca04d7922e03aea84199e2185b4866.jpg,train,Grade 2,train/Grade 2/ulcers_jpg.rf.7e6adad51ff8cb347de2eee74d5f3c4c.jpg,train,Grade 2,NEAR_DUPLICATE_DHASH,False,False,2.0
train/Grade 2/ulcers_jpg.rf.74ac79d21ee19a832915af6cbc0ae3f1.jpg,train,Grade 2,train/Grade 2/ulcers_jpg.rf.7e6adad51ff8cb347de2eee74d5f3c4c.jpg,train,Grade 2,NEAR_DUPLICATE_DHASH,False,False,3.0
train/Grade 3/-a-a_jpg.rf.5b235006f8a5727fc4b5e092e54b2b9b.jpg,train,Grade 3,train/Grade 3/-a-a_jpg.rf.ffbc8967e5ff32845dc3869ed6a5f851.jpg,train,Grade 3,NEAR_DUPLICATE_DHASH,False,False,2.0
train/Grade 4/307_jpg.rf.1c220f2eba5c9dacdcc829d4fe63c286.jpg,train,Grade 4,train/Grade 4/307_jpg.rf.d2ab6b2aec7cc2825bb5877921fca82c.jpg,train,Grade 4,NEAR_DUPLICATE_DHASH,False,False,0.0
train/Grade 4/40158037_506977779774764_3071165572445110272_n_jpg.rf.1176f17a66c5e564fb08c9639495262c.jpg,train,Grade 4,train/Grade 4/40158037_506977779774764_3071165572445110272_n_jpg.rf.5ffd34e5263c7b9114b98fd58834afdc.jpg,train,Grade 4,NEAR_DUPLICATE_DHASH,False,False,4.0
train/Grade 4/40158037_506977779774764_3071165572445110272_n_jpg.rf.1176f17a66c5e564fb08c9639495262c.jpg,train,Grade 4,train/Grade 4/40158037_506977779774764_3071165572445110272_n_jpg.rf.a3399777dce3c2bd596cd38b53c50dbd.jpg,train,Grade 4,NEAR_DUPLICATE_DHASH,False,False,0.0
train/Grade 4/40158037_506977779774764_3071165572445110272_n_jpg.rf.1176f17a66c5e564fb08c9639495262c.jpg,train,Grade 4,train/Grade 4/40158037_506977779774764_3071165572445110272_n_jpg.rf.a7ba32bfc31ea25946247c2aa1bf9d3e.jpg,train,Grade 4,NEAR_DUPLICATE_DHASH,False,False,4.0
train/Grade 4/40158037_506977779774764_3071165572445110272_n_jpg.rf.5ffd34e5263c7b9114b98fd58834afdc.jpg,train,Grade 4,train/Grade 4/40158037_506977779774764_3071165572445110272_n_jpg.rf.a3399777dce3c2bd596cd38b53c50dbd.jpg,train,Grade 4,NEAR_DUPLICATE_DHASH,False,False,4.0
train/Grade 4/40158037_506977779774764_3071165572445110272_n_jpg.rf.5ffd34e5263c7b9114b98fd58834afdc.jpg,train,Grade 4,train/Grade 4/40158037_506977779774764_3071165572445110272_n_jpg.rf.a7ba32bfc31ea25946247c2aa1bf9d3e.jpg,train,Grade 4,NEAR_DUPLICATE_DHASH,False,False,0.0
train/Grade 4/40158037_506977779774764_3071165572445110272_n_jpg.rf.a3399777dce3c2bd596cd38b53c50dbd.jpg,train,Grade 4,train/Grade 4/40158037_506977779774764_3071165572445110272_n_jpg.rf.a7ba32bfc31ea25946247c2aa1bf9d3e.jpg,train,Grade 4,NEAR_DUPLICATE_DHASH,False,False,4.0
train/Grade 3/-c-e-a_jpg.rf.1d838d6e3cde16bd10353f47fc53ecda.jpg,train,Grade 3,train/Grade 3/-c-e-a_jpg.rf.6cd6a3a0445117cb533d1823b7d3e301.jpg,train,Grade 3,NEAR_DUPLICATE_DHASH,False,False,0.0
train/Grade 3/11_jpg.rf.40beb059a60695eda640a3227c8de50b.jpg,train,Grade 3,train/Grade 3/11_jpg.rf.78a89d4781d625b60d2a64ec266ee98e.jpg,train,Grade 3,NEAR_DUPLICATE_DHASH,False,False,0.0
train/Grade 3/130_jpg.rf.4a65998d8f628a21d41a1878e275061b.jpg,train,Grade 3,train/Grade 3/130_jpg.rf.cbd77944748848ccf2a0ffeb595ba4cd.jpg,train,Grade 3,NEAR_DUPLICATE_DHASH,False,False,0.0
train/Grade 3/153_jpg.rf.10903c9b61fa20e89019462393a7b3d9.jpg,train,Grade 3,train/Grade 3/153_jpg.rf.7830fac4a924c7f7a9964e98f127611a.jpg,train,Grade 3,NEAR_DUPLICATE_DHASH,False,False,0.0
train/Grade 3/303520_jpg.rf.0f973504ef7494ca10f9f973c9772901.jpg,train,Grade 3,train/Grade 3/303520_jpg.rf.9d33f3d97d6911dec650d3a8fc4f17bf.jpg,train,Grade 3,NEAR_DUPLICATE_DHASH,False,False,2.0
train/Grade 3/16_jpg.rf.8dbd316959e932c484b71879017f32f1.jpg,train,Grade 3,train/Grade 3/16_jpg.rf.8e08e5877b4621f0dec6b4946974fe7c.jpg,train,Grade 3,NEAR_DUPLICATE_DHASH,False,False,4.0
train/Grade 3/214_jpg.rf.8789642313d4d2ce12df8fa79fd8354a.jpg,train,Grade 3,train/Grade 3/214_jpg.rf.f1aa6e4ce5b7a6ef9608d14a4dee585a.jpg,train,Grade 3,NEAR_DUPLICATE_DHASH,False,False,0.0
train/Grade 3/21_jpg.rf.006fae65302b3033765512f24a1591a0.jpg,train,Grade 3,train/Grade 3/21_jpg.rf.616e7e6e2375433219e4702f664ffaa4.jpg,train,Grade 3,NEAR_DUPLICATE_DHASH,False,False,0.0
train/Grade 3/21_jpg.rf.006fae65302b3033765512f24a1591a0.jpg,train,Grade 3,train/Grade 3/21_jpg.rf.971998e850e4bad936917e45a6538cc6.jpg,train,Grade 3,NEAR_DUPLICATE_DHASH,False,False,0.0
train/Grade 3/21_jpg.rf.006fae65302b3033765512f24a1591a0.jpg,train,Grade 3,train/Grade 3/21_jpg.rf.9a1ac09af1cbba6af6ba9bedf794c9b7.jpg,train,Grade 3,NEAR_DUPLICATE_DHASH,False,False,0.0
train/Grade 3/21_jpg.rf.616e7e6e2375433219e4702f664ffaa4.jpg,train,Grade 3,train/Grade 3/21_jpg.rf.971998e850e4bad936917e45a6538cc6.jpg,train,Grade 3,NEAR_DUPLICATE_DHASH,False,False,0.0
train/Grade 3/21_jpg.rf.616e7e6e2375433219e4702f664ffaa4.jpg,train,Grade 3,train/Grade 3/21_jpg.rf.9a1ac09af1cbba6af6ba9bedf794c9b7.jpg,train,Grade 3,NEAR_DUPLICATE_DHASH,False,False,0.0
train/Grade 3/21_jpg.rf.971998e850e4bad936917e45a6538cc6.jpg,train,Grade 3,train/Grade 3/21_jpg.rf.9a1ac09af1cbba6af6ba9bedf794c9b7.jpg,train,Grade 3,NEAR_DUPLICATE_DHASH,False,False,0.0
train/Grade 3/304573_jpg.rf.35e80f3040c264741408b4f573bfb08a.jpg,train,Grade 3,train/Grade 3/304573_jpg.rf.4a234bc4ac5bb4cf2ef778cc59ce3a54.jpg,train,Grade 3,NEAR_DUPLICATE_DHASH,False,False,0.0
train/Grade 3/23_jpg.rf.0fb622f4ac4249c328467920bda5c6b0.jpg,train,Grade 3,train/Grade 3/23_jpg.rf.60b48cf6866b52c931788d7afe068590.jpg,train,Grade 3,NEAR_DUPLICATE_DHASH,False,False,0.0
train/Grade 3/23_jpg.rf.1a9de74b0756767e1d80bc3ac7cc69eb.jpg,train,Grade 3,train/Grade 3/23_jpg.rf.5380bde7f564c357c607c06f921921ca.jpg,train,Grade 3,NEAR_DUPLICATE_DHASH,False,False,3.0
train/Grade 3/23_jpg.rf.53f2b09cc87e4a6ebc264033b23742c1.jpg,train,Grade 3,train/Grade 3/23_jpg.rf.95a8f64c4bbf8287310dc71a46188fb5.jpg,train,Grade 3,NEAR_DUPLICATE_DHASH,False,False,1.0
train/Grade 3/243_jpg.rf.023280eea574ed5617ba20f51de4f9e9.jpg,train,Grade 3,train/Grade 3/243_jpg.rf.405f02a727a6aa16ac22d5cc91bec40c.jpg,train,Grade 3,NEAR_DUPLICATE_DHASH,False,False,2.0
train/Grade 3/243_jpg.rf.023280eea574ed5617ba20f51de4f9e9.jpg,train,Grade 3,train/Grade 3/243_jpg.rf.71a63d7b517b5b9eb3fb6ff89bf7a392.jpg,train,Grade 3,NEAR_DUPLICATE_DHASH,False,False,2.0
train/Grade 3/243_jpg.rf.405f02a727a6aa16ac22d5cc91bec40c.jpg,train,Grade 3,train/Grade 3/243_jpg.rf.71a63d7b517b5b9eb3fb6ff89bf7a392.jpg,train,Grade 3,NEAR_DUPLICATE_DHASH,False,False,0.0
train/Grade 3/248_jpg.rf.04d9eca3f86db3ce95901eb7fad474ab.jpg,train,Grade 3,train/Grade 3/248_jpg.rf.9f5611fbac3a3168566a2d4e048494a8.jpg,train,Grade 3,NEAR_DUPLICATE_DHASH,False,False,4.0
train/Grade 3/253_jpg.rf.d99de92d51e4bc1b8acd9dc40839d7e2.jpg,train,Grade 3,train/Grade 3/253_jpg.rf.f16ad14461210126c4a213f1eeddc7ff.jpg,train,Grade 3,NEAR_DUPLICATE_DHASH,False,False,0.0
train/Grade 3/311_jpg.rf.1584ee4965bc1d7c563ced32f3a1d2ec.jpg,train,Grade 3,train/Grade 3/311_jpg.rf.9e173b6cfb0ae07484e24529727e8b59.jpg,train,Grade 3,NEAR_DUPLICATE_DHASH,False,False,0.0
train/Grade 4/38_JPG.rf.0475504d7f54141e5609c37d5bf4ebcb.jpg,train,Grade 4,train/Grade 4/38_JPG.rf.a2c96431be2a3b1c0ae77de5bc2bfe7d.jpg,train,Grade 4,NEAR_DUPLICATE_DHASH,False,False,0.0
train/Grade 3/279_jpg.rf.238a15e905bf50e58a3626303db9a00b.jpg,train,Grade 3,train/Grade 3/279_jpg.rf.8a1767f225a050c3de6f5273ae0b96c5.jpg,train,Grade 3,NEAR_DUPLICATE_DHASH,False,False,3.0
train/Grade 4/1_jpg.rf.9877fb783aca722d939781479ada7372.jpg,train,Grade 4,train/Grade 4/1_jpg.rf.aa5bed42d075dd7415dfebf5b0da1ac0.jpg,train,Grade 4,NEAR_DUPLICATE_DHASH,False,False,0.0
train/Grade 3/2854-fig-1_png.rf.59f8c71e0522524cf2039ca65a327df0.jpg,train,Grade 3,train/Grade 3/2854-fig-1_png.rf.fce960d636becf2f47ea014e25a5f2df.jpg,train,Grade 3,NEAR_DUPLICATE_DHASH,False,False,1.0
train/Grade 3/2854-fig-1_png.rf.5fd63545d3f6e430fe5e87b95974ec8c.jpg,train,Grade 3,train/Grade 3/2854-fig-1_png.rf.fce960d636becf2f47ea014e25a5f2df.jpg,train,Grade 3,NEAR_DUPLICATE_DHASH,False,False,4.0
train/Grade 3/2854-fig-1_png.rf.dc49727845ce7e3dd057d83ac902251f.jpg,train,Grade 3,valid/Grade 2/images-19-_jpg.rf.4f90e259a6b0b0dad4516309aa0c4ca9.jpg,valid,Grade 2,NEAR_DUPLICATE_DHASH,True,True,0.0
train/Grade 3/28_jpg.rf.35fe6a6e22e0b5c38f1f3690ef257f0d.jpg,train,Grade 3,train/Grade 3/28_jpg.rf.5fcadc7db9c55a18259c569c3f43d29d.jpg,train,Grade 3,NEAR_DUPLICATE_DHASH,False,False,0.0
train/Grade 3/306046_jpg.rf.14a29a619c6b443edb4bdb3376b7a6d8.jpg,train,Grade 3,train/Grade 3/306046_jpg.rf.fadff723508465dcf5c9284021a20e4c.jpg,train,Grade 3,NEAR_DUPLICATE_DHASH,False,False,1.0
train/Grade 3/301026_jpg.rf.a203dd7d6bff3424dcbffcf5cd0724b1.jpg,train,Grade 3,train/Grade 3/301026_jpg.rf.e39a2f9659daff314f18411bb64fcd00.jpg,train,Grade 3,NEAR_DUPLICATE_DHASH,False,False,2.0
train/Grade 3/301041_jpg.rf.338cd41c56ca1fedc0cd6e29e41bb0be.jpg,train,Grade 3,train/Grade 3/301041_jpg.rf.77db831b51a09d634243813fd0f67690.jpg,train,Grade 3,NEAR_DUPLICATE_DHASH,False,False,2.0
train/Grade 3/301055_jpg.rf.857eea8a8dd08181ed1582eadddf2d4d.jpg,train,Grade 3,train/Grade 3/301055_jpg.rf.d412d77b5d8663c518790b09f4834530.jpg,train,Grade 3,NEAR_DUPLICATE_DHASH,False,False,2.0
train/Grade 3/301084_jpg.rf.2ba870c7493594c39b140448c498a19d.jpg,train,Grade 3,train/Grade 3/301084_jpg.rf.66466e7946e7f257f1d8ba208de44152.jpg,train,Grade 3,NEAR_DUPLICATE_DHASH,False,False,0.0
train/Grade 4/501788_jpg.rf.1ba4dd7a7854304a2ed29f10d1d6aba4.jpg,train,Grade 4,train/Grade 4/501788_jpg.rf.23aa35060fd9ca9592f118b9678abfd9.jpg,train,Grade 4,NEAR_DUPLICATE_DHASH,False,False,2.0
train/Grade 3/301160_jpg.rf.a36f16bea3daafac38d5853aac267184.jpg,train,Grade 3,train/Grade 3/301160_jpg.rf.c646e759b5629df6b0585138f68accdf.jpg,train,Grade 3,NEAR_DUPLICATE_DHASH,False,False,0.0
train/Grade 3/301176_jpg.rf.3da911212ad37b545f02e854e973f87f.jpg,train,Grade 3,train/Grade 3/301176_jpg.rf.96814b4fe49924b6f45b6d4858bec452.jpg,train,Grade 3,NEAR_DUPLICATE_DHASH,False,False,1.0
train/Grade 3/301176_jpg.rf.3da911212ad37b545f02e854e973f87f.jpg,train,Grade 3,train/Grade 3/301176_jpg.rf.9e66bef3477964e4ef86feff1485d90a.jpg,train,Grade 3,NEAR_DUPLICATE_DHASH,False,False,1.0
train/Grade 3/301176_jpg.rf.96814b4fe49924b6f45b6d4858bec452.jpg,train,Grade 3,train/Grade 3/301176_jpg.rf.9e66bef3477964e4ef86feff1485d90a.jpg,train,Grade 3,NEAR_DUPLICATE_DHASH,False,False,2.0
train/Grade 4/276_jpg.rf.156d9e8b46c13af60a1ff939167f09f3.jpg,train,Grade 4,train/Grade 4/276_jpg.rf.1cc437a58b09a04f376c63191f4be00a.jpg,train,Grade 4,NEAR_DUPLICATE_DHASH,False,False,4.0
train/Grade 4/276_jpg.rf.156d9e8b46c13af60a1ff939167f09f3.jpg,train,Grade 4,train/Grade 4/276_jpg.rf.385b0f105364ecb97bb1dc5faf62e043.jpg,train,Grade 4,NEAR_DUPLICATE_DHASH,False,False,2.0
train/Grade 4/276_jpg.rf.1cc437a58b09a04f376c63191f4be00a.jpg,train,Grade 4,train/Grade 4/276_jpg.rf.385b0f105364ecb97bb1dc5faf62e043.jpg,train,Grade 4,NEAR_DUPLICATE_DHASH,False,False,2.0
train/Grade 3/301179_jpg.rf.5028473a065727ad5284374c26f28f50.jpg,train,Grade 3,train/Grade 3/301179_jpg.rf.66c6e9697d8bc99b41a88012c70b8abd.jpg,train,Grade 3,NEAR_DUPLICATE_DHASH,False,False,0.0
train/Grade 3/303048_jpg.rf.160435cc2b7fca3c142cbe63537c4a01.jpg,train,Grade 3,train/Grade 3/303048_jpg.rf.726c5f18635d7b29527a7fc92ddf9ec5.jpg,train,Grade 3,NEAR_DUPLICATE_DHASH,False,False,1.0
train/Grade 3/301372_jpg.rf.c1944b7ef133bf1bccbbbefdd1abcc5f.jpg,train,Grade 3,train/Grade 3/301372_jpg.rf.ee18de747db8ed24de9bc2c8846579b4.jpg,train,Grade 3,NEAR_DUPLICATE_DHASH,False,False,1.0
train/Grade 3/3013862228767377321_jpg.rf.28a6042b24176b36d98a3dac4e049369.jpg,train,Grade 3,train/Grade 3/3013862228767377321_jpg.rf.f63cbbcf6d3075403a280830e3aa5761.jpg,train,Grade 3,NEAR_DUPLICATE_DHASH,False,False,0.0
train/Grade 3/301463_jpg.rf.2391a9a2a04352b6c89a8d63ad3aca46.jpg,train,Grade 3,train/Grade 3/301463_jpg.rf.550be2b35f0fb518db1953e29cb99901.jpg,train,Grade 3,NEAR_DUPLICATE_DHASH,False,False,3.0
train/Grade 3/301463_jpg.rf.451f489e1bb3f88db199a05487146892.jpg,train,Grade 3,train/Grade 3/301463_jpg.rf.919692f72e4fc013391571705115ee5f.jpg,train,Grade 3,NEAR_DUPLICATE_DHASH,False,False,1.0
train/Grade 3/301463_jpg.rf.b3fd1695e19004ba62f5df36ce1155da.jpg,train,Grade 3,train/Grade 3/301463_jpg.rf.d70597513c8adc66e5a8a8bb9ba827e8.jpg,train,Grade 3,NEAR_DUPLICATE_DHASH,False,False,2.0
train/Grade 3/52161595_744752005897031_2296705449111584768_n_jpg.rf.3cbbfb8cceec0474a9acce48c1efa85f.jpg,train,Grade 3,train/Grade 3/52161595_744752005897031_2296705449111584768_n_jpg.rf.8881da1904456cb8623beff8c164dd74.jpg,train,Grade 3,NEAR_DUPLICATE_DHASH,False,False,1.0
train/Grade 3/301522_jpg.rf.5df58dabd7e512802b37afd4312eed7e.jpg,train,Grade 3,train/Grade 3/301522_jpg.rf.b037e2dda2fefab4353981cb1ba2ef13.jpg,train,Grade 3,NEAR_DUPLICATE_DHASH,False,False,2.0
train/Grade 3/301742_jpg.rf.95204d513797b61cb5780065cc37bacf.jpg,train,Grade 3,train/Grade 3/301742_jpg.rf.bc9f8210bfeda633e4d48af649f3213b.jpg,train,Grade 3,NEAR_DUPLICATE_DHASH,False,False,2.0
train/Grade 3/301857_jpg.rf.6e172d97a710dc991e79cd288b8aecb7.jpg,train,Grade 3,train/Grade 3/301857_jpg.rf.82419266032a7f026be26ce50d69783b.jpg,train,Grade 3,NEAR_DUPLICATE_DHASH,False,False,1.0
train/Grade 3/301932_jpg.rf.041f34779e4d3ada9ca9df087cc1519f.jpg,train,Grade 3,train/Grade 3/301932_jpg.rf.c56c53b3f6a14ff7ca568c3fd59f3b8e.jpg,train,Grade 3,NEAR_DUPLICATE_DHASH,False,False,1.0
train/Grade 3/301948_jpg.rf.62f51061d14ea0fd2a49f814e31dbc41.jpg,train,Grade 3,train/Grade 3/301948_jpg.rf.68d08a98378155b05dbfcd64637929de.jpg,train,Grade 3,NEAR_DUPLICATE_DHASH,False,False,3.0
train/Grade 3/301948_jpg.rf.a329a0518d344cc94e28e27e69f09606.jpg,train,Grade 3,train/Grade 3/301948_jpg.rf.eb9311972d1accd7c86ea0f133c3efe1.jpg,train,Grade 3,NEAR_DUPLICATE_DHASH,False,False,1.0
train/Grade 4/501586_jpg.rf.a18ddc57f010d9f01c306c30011dbc85.jpg,train,Grade 4,train/Grade 4/501586_jpg.rf.f4e8260cf1df92b1dc4d7e5043b652b3.jpg,train,Grade 4,NEAR_DUPLICATE_DHASH,False,False,0.0
train/Grade 3/302011_jpg.rf.3f1d80418cad8404d2b5f5ae32cf3a10.jpg,train,Grade 3,train/Grade 3/302011_jpg.rf.5b92b7125977010363caa728cac49028.jpg,train,Grade 3,NEAR_DUPLICATE_DHASH,False,False,1.0
train/Grade 3/304361_jpg.rf.8eaa02de9e5032bcbb05e03da0ed29ae.jpg,train,Grade 3,train/Grade 3/304361_jpg.rf.e29f38802d83c5c61fb26671395a7c91.jpg,train,Grade 3,NEAR_DUPLICATE_DHASH,False,False,2.0
train/Grade 3/302308_jpg.rf.3aea011e953a924616ac7dd5c2a42786.jpg,train,Grade 3,train/Grade 3/302308_jpg.rf.ade5c8e04917b54dd1d5a1476aa08fde.jpg,train,Grade 3,NEAR_DUPLICATE_DHASH,False,False,0.0
train/Grade 3/302328_jpg.rf.3c614809c01b6aade80bdea34d88d6ad.jpg,train,Grade 3,train/Grade 3/302328_jpg.rf.e3ceac23821dd22d33757afd72e6263e.jpg,train,Grade 3,NEAR_DUPLICATE_DHASH,False,False,0.0
train/Grade 3/302464_jpg.rf.14b0617018a0cd1b0ae790f861e3fccb.jpg,train,Grade 3,train/Grade 3/302464_jpg.rf.9bb143786ec3f7bef2d137a2a6c4e937.jpg,train,Grade 3,NEAR_DUPLICATE_DHASH,False,False,4.0
train/Grade 3/302469_jpg.rf.6609d782f9016cee7759c9f785f73bf5.jpg,train,Grade 3,train/Grade 3/302469_jpg.rf.c86a708a8edd32489f0ea17b78bc1679.jpg,train,Grade 3,NEAR_DUPLICATE_DHASH,False,False,0.0
train/Grade 3/302480_jpg.rf.10ecb33e16e054c64d9503356e35c38a.jpg,train,Grade 3,train/Grade 3/302480_jpg.rf.763178f9000c757d744319850d0cff5f.jpg,train,Grade 3,NEAR_DUPLICATE_DHASH,False,False,2.0
train/Grade 3/302595_jpg.rf.268763d47f0b3acf5da55af4681bdf3d.jpg,train,Grade 3,train/Grade 3/302595_jpg.rf.e00839aec47c1d810e81929b76d23721.jpg,train,Grade 3,NEAR_DUPLICATE_DHASH,False,False,1.0
train/Grade 3/482_jpg.rf.21077bd6e9461a605c32ea087cc29bd7.jpg,train,Grade 3,train/Grade 3/482_jpg.rf.fa097540995527babd97f1d75a538be8.jpg,train,Grade 3,NEAR_DUPLICATE_DHASH,False,False,0.0
train/Grade 3/482_jpg.rf.21077bd6e9461a605c32ea087cc29bd7.jpg,train,Grade 3,train/Grade 3/482_jpg.rf.ffde41e9b3876f19fa0fade3cf3ebeee.jpg,train,Grade 3,NEAR_DUPLICATE_DHASH,False,False,1.0
train/Grade 3/482_jpg.rf.fa097540995527babd97f1d75a538be8.jpg,train,Grade 3,train/Grade 3/482_jpg.rf.ffde41e9b3876f19fa0fade3cf3ebeee.jpg,train,Grade 3,NEAR_DUPLICATE_DHASH,False,False,1.0
train/Grade 4/307_jpg.rf.532e1953eef5e35d067dcb142f5f884a.jpg,train,Grade 4,train/Grade 4/307_jpg.rf.eb82f09c5c0334ba1be0264804295632.jpg,train,Grade 4,NEAR_DUPLICATE_DHASH,False,False,3.0
train/Grade 3/305853_jpg.rf.4a8647d130d9697c81122e5017163bb6.jpg,train,Grade 3,train/Grade 3/305853_jpg.rf.688b397fe4f32d25b3b37cbfcd698066.jpg,train,Grade 3,NEAR_DUPLICATE_DHASH,False,False,0.0
train/Grade 3/305338_jpg.rf.23c1c1076523de7fa62f9d2d130029e9.jpg,train,Grade 3,train/Grade 3/305338_jpg.rf.fa9d88fe9131373758a2ef14aea98e1e.jpg,train,Grade 3,NEAR_DUPLICATE_DHASH,False,False,0.0
train/Grade 3/302853_jpg.rf.5afcadd8079a84a5445bd155c6bc5184.jpg,train,Grade 3,train/Grade 3/302853_jpg.rf.cb491882fd90a05d658c47642cd148a5.jpg,train,Grade 3,NEAR_DUPLICATE_DHASH,False,False,1.0
train/Grade 3/302947_jpg.rf.2ace74ecc14508a703a8cbb5c40997a2.jpg,train,Grade 3,train/Grade 3/302947_jpg.rf.9fb4f14b7f9744eb1ee53de79ba053b5.jpg,train,Grade 3,NEAR_DUPLICATE_DHASH,False,False,0.0
train/Grade 3/303048_jpg.rf.62cfdb113a37ab7985fbc682717613c4.jpg,train,Grade 3,train/Grade 3/303048_jpg.rf.7f2b3ce7f4ab47cc53dd63b5aaaa831f.jpg,train,Grade 3,NEAR_DUPLICATE_DHASH,False,False,0.0
train/Grade 3/303090_jpg.rf.13ce965d782286fd1231798f7c5a8b29.jpg,train,Grade 3,train/Grade 3/303090_jpg.rf.964989a0a38c6f3b47af273aa2b6fad1.jpg,train,Grade 3,NEAR_DUPLICATE_DHASH,False,False,0.0
train/Grade 3/303090_jpg.rf.f30e17e78de5dc65ab45571a3b78d9a1.jpg,train,Grade 3,train/Grade 3/303090_jpg.rf.ff28c3099ef11fa19ee39a1849ae3fcc.jpg,train,Grade 3,NEAR_DUPLICATE_DHASH,False,False,3.0
train/Grade 3/303125_jpg.rf.2f23fb9e27836495384eb5a9c7b4dacd.jpg,train,Grade 3,train/Grade 3/303125_jpg.rf.4eb97639251b8c8fb0cb67387b0e16be.jpg,train,Grade 3,NEAR_DUPLICATE_DHASH,False,False,0.0
train/Grade 3/303272_jpg.rf.22a4dc16c0292ed322d3915afe4854b7.jpg,train,Grade 3,train/Grade 3/303272_jpg.rf.d3cfb80a11796381b19e3d695654dba9.jpg,train,Grade 3,NEAR_DUPLICATE_DHASH,False,False,0.0
train/Grade 3/303309_jpg.rf.37fa16359691bbcb50418bf6fd20ecc5.jpg,train,Grade 3,train/Grade 3/303309_jpg.rf.fc28cf334a54c8f7f2424160758dd63f.jpg,train,Grade 3,NEAR_DUPLICATE_DHASH,False,False,2.0
train/Grade 3/303506_jpg.rf.0e3ab5578cf0d2efb21a84b6c8671894.jpg,train,Grade 3,train/Grade 3/303506_jpg.rf.92879bb45b658fbbe7cdb8b131f4e1ed.jpg,train,Grade 3,NEAR_DUPLICATE_DHASH,False,False,1.0
train/Grade 3/303506_jpg.rf.0e3ab5578cf0d2efb21a84b6c8671894.jpg,train,Grade 3,train/Grade 3/303506_jpg.rf.a6979e828a46882692a60b09308cbdeb.jpg,train,Grade 3,NEAR_DUPLICATE_DHASH,False,False,0.0
train/Grade 3/303506_jpg.rf.0e3ab5578cf0d2efb21a84b6c8671894.jpg,train,Grade 3,train/Grade 3/303506_jpg.rf.c1b348de35b22f6b2f465e42f26d50f5.jpg,train,Grade 3,NEAR_DUPLICATE_DHASH,False,False,1.0
train/Grade 3/303506_jpg.rf.92879bb45b658fbbe7cdb8b131f4e1ed.jpg,train,Grade 3,train/Grade 3/303506_jpg.rf.a6979e828a46882692a60b09308cbdeb.jpg,train,Grade 3,NEAR_DUPLICATE_DHASH,False,False,1.0
train/Grade 3/303506_jpg.rf.92879bb45b658fbbe7cdb8b131f4e1ed.jpg,train,Grade 3,train/Grade 3/303506_jpg.rf.c1b348de35b22f6b2f465e42f26d50f5.jpg,train,Grade 3,NEAR_DUPLICATE_DHASH,False,False,0.0
train/Grade 3/303506_jpg.rf.a6979e828a46882692a60b09308cbdeb.jpg,train,Grade 3,train/Grade 3/303506_jpg.rf.c1b348de35b22f6b2f465e42f26d50f5.jpg,train,Grade 3,NEAR_DUPLICATE_DHASH,False,False,1.0
train/Grade 3/303507_jpg.rf.6b625b34d8ae64bf37e1f3e15325b35d.jpg,train,Grade 3,train/Grade 3/303507_jpg.rf.89876609322b4e007f9177591bea6d97.jpg,train,Grade 3,NEAR_DUPLICATE_DHASH,False,False,1.0
train/Grade 3/303525_jpg.rf.0b5acda9695fadc128f973a4d3bdfa19.jpg,train,Grade 3,train/Grade 3/303525_jpg.rf.c9dd2df37d80b3cd2c1600eafa5df7b9.jpg,train,Grade 3,NEAR_DUPLICATE_DHASH,False,False,0.0
train/Grade 3/303525_jpg.rf.0b5acda9695fadc128f973a4d3bdfa19.jpg,train,Grade 3,train/Grade 3/303525_jpg.rf.f2249319a45a7d13f4daa505b7e74c8f.jpg,train,Grade 3,NEAR_DUPLICATE_DHASH,False,False,2.0
train/Grade 3/303525_jpg.rf.c9dd2df37d80b3cd2c1600eafa5df7b9.jpg,train,Grade 3,train/Grade 3/303525_jpg.rf.f2249319a45a7d13f4daa505b7e74c8f.jpg,train,Grade 3,NEAR_DUPLICATE_DHASH,False,False,2.0
train/Grade 3/303783_jpg.rf.0d3feefe6480108f0c52f66d5a1cdb75.jpg,train,Grade 3,train/Grade 3/303783_jpg.rf.c7bb05a5445b0c98f6c24e4af14218d2.jpg,train,Grade 3,NEAR_DUPLICATE_DHASH,False,False,0.0
train/Grade 3/53055705_2319146521637967_7113294045014654976_n_jpg.rf.727c1ddc24dfa8de6f890d671955fb2d.jpg,train,Grade 3,train/Grade 3/53055705_2319146521637967_7113294045014654976_n_jpg.rf.aff65b7b0b046da73c811df5ddf7b928.jpg,train,Grade 3,NEAR_DUPLICATE_DHASH,False,False,0.0
train/Grade 3/303948_jpg.rf.82c32b47a681800ecf6466a4f3fad3b1.jpg,train,Grade 3,train/Grade 3/303948_jpg.rf.86d2b1d9c12075d3b92d389394b74695.jpg,train,Grade 3,NEAR_DUPLICATE_DHASH,False,False,2.0
train/Grade 3/303948_jpg.rf.82c32b47a681800ecf6466a4f3fad3b1.jpg,train,Grade 3,train/Grade 3/303948_jpg.rf.d5b4db1d1178464359728038c825a47f.jpg,train,Grade 3,NEAR_DUPLICATE_DHASH,False,False,1.0
train/Grade 3/303948_jpg.rf.86d2b1d9c12075d3b92d389394b74695.jpg,train,Grade 3,train/Grade 3/303948_jpg.rf.d5b4db1d1178464359728038c825a47f.jpg,train,Grade 3,NEAR_DUPLICATE_DHASH,False,False,1.0
train/Grade 4/302894_jpg.rf.20a71527fd06d01e15201a1909af45ef.jpg,train,Grade 4,train/Grade 4/302894_jpg.rf.521924d347d57544c9c8679ff5a95cd4.jpg,train,Grade 4,NEAR_DUPLICATE_DHASH,False,False,1.0
train/Grade 3/303988_jpg.rf.0e1293cf20a84e3d59b5b5257709a57b.jpg,train,Grade 3,train/Grade 3/303988_jpg.rf.d5f6c2a244bec2a99763b006780035b9.jpg,train,Grade 3,NEAR_DUPLICATE_DHASH,False,False,1.0
train/Grade 3/304065_jpg.rf.df60d2e0f3643df3f20887b4ea8a91f7.jpg,train,Grade 3,train/Grade 3/304065_jpg.rf.e31d010b546157437111e55c30e95767.jpg,train,Grade 3,NEAR_DUPLICATE_DHASH,False,False,0.0
train/Grade 3/304168_jpg.rf.3f3588d51578cd29520630e7225845c4.jpg,train,Grade 3,train/Grade 3/304168_jpg.rf.9035cf444b83cc40838237c2e92d330a.jpg,train,Grade 3,NEAR_DUPLICATE_DHASH,False,False,0.0
train/Grade 3/304176_jpg.rf.542508a15a41982ba8fcdd9c6382b423.jpg,train,Grade 3,train/Grade 3/304176_jpg.rf.89f62af2e2537d75ce89ae40aca07062.jpg,train,Grade 3,NEAR_DUPLICATE_DHASH,False,False,1.0
train/Grade 3/304678_jpg.rf.2ef632fda47e8ca10f4b391d74ca84ef.jpg,train,Grade 3,train/Grade 3/304678_jpg.rf.e2eb5f2d29af3f1e359cbf9601f38363.jpg,train,Grade 3,NEAR_DUPLICATE_DHASH,False,False,2.0
train/Grade 4/403374_jpg.rf.b00444416a38b10e01ba30ba6e96a8de.jpg,train,Grade 4,train/Grade 4/403374_jpg.rf.cdbb6153d75f956881629662f70d4d96.jpg,train,Grade 4,NEAR_DUPLICATE_DHASH,False,False,2.0
train/Grade 3/304200_jpg.rf.88f210bcaed21df283efe9f48b856ef9.jpg,train,Grade 3,train/Grade 3/304200_jpg.rf.9d1c0075c64f5a1973fcbbc811a5dee7.jpg,train,Grade 3,NEAR_DUPLICATE_DHASH,False,False,1.0
train/Grade 4/301101_jpg.rf.54f54bf32f330bea1a22f404291f108e.jpg,train,Grade 4,train/Grade 4/301101_jpg.rf.72a1863f595ede6c212c5c33c381ffde.jpg,train,Grade 4,NEAR_DUPLICATE_DHASH,False,False,2.0
train/Grade 3/304222_jpg.rf.f0d3029c04fc484f28464cbba7321f45.jpg,train,Grade 3,train/Grade 3/304222_jpg.rf.f55664224eaed33fc5b1c98b74fd309b.jpg,train,Grade 3,NEAR_DUPLICATE_DHASH,False,False,2.0
train/Grade 3/304224_jpg.rf.1e83f24597dc4be66451313290669e10.jpg,train,Grade 3,train/Grade 3/304224_jpg.rf.24f0360c7421876e9ae8cb111281df99.jpg,train,Grade 3,NEAR_DUPLICATE_DHASH,False,False,0.0
train/Grade 3/304274_jpg.rf.a28f83f74065e285ec87267180d8d6ed.jpg,train,Grade 3,train/Grade 3/304274_jpg.rf.c6ef1e824f6527a2eaee868bd2980b91.jpg,train,Grade 3,NEAR_DUPLICATE_DHASH,False,False,1.0
train/Grade 3/304306_jpg.rf.0e3da5d4781df19b5417880412f95e87.jpg,train,Grade 3,train/Grade 3/304306_jpg.rf.3d990755e9f1ed16808181762e3ccac4.jpg,train,Grade 3,NEAR_DUPLICATE_DHASH,False,False,0.0
train/Grade 3/304473_jpg.rf.5f0ce18df520ec66deeca4da153be2de.jpg,train,Grade 3,train/Grade 3/304473_jpg.rf.93ea7e5abc36e5753fa3b3407358a012.jpg,train,Grade 3,NEAR_DUPLICATE_DHASH,False,False,1.0
train/Grade 3/305495_jpg.rf.9259b6ea1585d574ace22550a9e64d20.jpg,train,Grade 3,train/Grade 3/305495_jpg.rf.beb7f3d25d40670d10b4d208b456bf52.jpg,train,Grade 3,NEAR_DUPLICATE_DHASH,False,False,1.0
train/Grade 3/304551_jpg.rf.9a4cf922e73451b3f064facc96da47c2.jpg,train,Grade 3,train/Grade 3/304551_jpg.rf.eed91cbaa9b4a6a6b5aa449fcb768fab.jpg,train,Grade 3,NEAR_DUPLICATE_DHASH,False,False,0.0
train/Grade 3/304593_jpg.rf.364499c6366aabd8b0315fb3df081525.jpg,train,Grade 3,train/Grade 3/304593_jpg.rf.d4dcce909a166825bf2d54d9e967a291.jpg,train,Grade 3,NEAR_DUPLICATE_DHASH,False,False,0.0
train/Grade 3/304642_jpg.rf.19bf900c1964cdae799670a6c7f8e063.jpg,train,Grade 3,train/Grade 3/304642_jpg.rf.45d525033f2186c6599cae179c0b25c3.jpg,train,Grade 3,NEAR_DUPLICATE_DHASH,False,False,3.0
train/Grade 3/304642_jpg.rf.19bf900c1964cdae799670a6c7f8e063.jpg,train,Grade 3,train/Grade 3/304642_jpg.rf.46a4aebf3b771a847c6caae604c4d8c2.jpg,train,Grade 3,NEAR_DUPLICATE_DHASH,False,False,0.0
train/Grade 3/304642_jpg.rf.19bf900c1964cdae799670a6c7f8e063.jpg,train,Grade 3,train/Grade 3/304642_jpg.rf.734bef2d1ad355e46558c60f10cf34cc.jpg,train,Grade 3,NEAR_DUPLICATE_DHASH,False,False,1.0
train/Grade 3/304642_jpg.rf.45d525033f2186c6599cae179c0b25c3.jpg,train,Grade 3,train/Grade 3/304642_jpg.rf.46a4aebf3b771a847c6caae604c4d8c2.jpg,train,Grade 3,NEAR_DUPLICATE_DHASH,False,False,3.0
train/Grade 3/304642_jpg.rf.45d525033f2186c6599cae179c0b25c3.jpg,train,Grade 3,train/Grade 3/304642_jpg.rf.734bef2d1ad355e46558c60f10cf34cc.jpg,train,Grade 3,NEAR_DUPLICATE_DHASH,False,False,2.0
train/Grade 3/304642_jpg.rf.46a4aebf3b771a847c6caae604c4d8c2.jpg,train,Grade 3,train/Grade 3/304642_jpg.rf.734bef2d1ad355e46558c60f10cf34cc.jpg,train,Grade 3,NEAR_DUPLICATE_DHASH,False,False,1.0
train/Grade 3/304642_jpg.rf.8b5407f8cfba617e2029c76dbdc8be20.jpg,train,Grade 3,train/Grade 3/304642_jpg.rf.f73e73ef210e309e264cb8ecb3ac520e.jpg,train,Grade 3,NEAR_DUPLICATE_DHASH,False,False,2.0
train/Grade 3/304699_jpg.rf.6573a137d4c26104cc14ee7534cd34c7.jpg,train,Grade 3,train/Grade 3/304699_jpg.rf.f6e7be5174bd9708fe07e012882dcf9f.jpg,train,Grade 3,NEAR_DUPLICATE_DHASH,False,False,0.0
train/Grade 3/304853_jpg.rf.25ce3163bb384723729eef04313608bc.jpg,train,Grade 3,train/Grade 3/304853_jpg.rf.e456109c03ed205815a7a27500bf7b14.jpg,train,Grade 3,NEAR_DUPLICATE_DHASH,False,False,2.0
train/Grade 3/304873_jpg.rf.231ec4217373484c8a8d047bd0ec66a3.jpg,train,Grade 3,train/Grade 3/304873_jpg.rf.650e1f57d68080e7b375736dc9a2aec4.jpg,train,Grade 3,NEAR_DUPLICATE_DHASH,False,False,2.0
train/Grade 3/304873_jpg.rf.3990374403b640539dd882cdc6132317.jpg,train,Grade 3,train/Grade 3/304873_jpg.rf.cd54ce4ab7935254a1246df2172070ee.jpg,train,Grade 3,NEAR_DUPLICATE_DHASH,False,False,0.0
train/Grade 3/304876_jpg.rf.06605dfa27217f6e877bab914734a2c3.jpg,train,Grade 3,train/Grade 3/304876_jpg.rf.1ace3ca118d768295b1f742737256b6b.jpg,train,Grade 3,NEAR_DUPLICATE_DHASH,False,False,3.0
train/Grade 3/304910_jpg.rf.328393a2873c5ba7d0e16e6abd9df0b4.jpg,train,Grade 3,train/Grade 3/304910_jpg.rf.81daffa64e0ba9b23e51807879c97d4d.jpg,train,Grade 3,NEAR_DUPLICATE_DHASH,False,False,3.0
train/Grade 4/303756_jpg.rf.0cf79210b5c988bda9a58641018584d9.jpg,train,Grade 4,train/Grade 4/303756_jpg.rf.9fa6603b7d3b7ac164e141c43373655f.jpg,train,Grade 4,NEAR_DUPLICATE_DHASH,False,False,0.0
train/Grade 3/304997_jpg.rf.1e3ee94bf1e5f9bf49c8637d015c4774.jpg,train,Grade 3,train/Grade 3/304997_jpg.rf.5f5f74da792fc9c028749ad2e7c8a50e.jpg,train,Grade 3,NEAR_DUPLICATE_DHASH,False,False,0.0
train/Grade 3/304997_jpg.rf.92b59a8597afca08e6d82d2c0ec5e2a9.jpg,train,Grade 3,train/Grade 3/304997_jpg.rf.eaec2a43bdb065f2a3a49b2efd9f1cb4.jpg,train,Grade 3,NEAR_DUPLICATE_DHASH,False,False,1.0
train/Grade 3/305027_jpg.rf.24337f969744ef17690729475073f904.jpg,train,Grade 3,train/Grade 3/305027_jpg.rf.717cd669e277915fb9622b78924051a5.jpg,train,Grade 3,NEAR_DUPLICATE_DHASH,False,False,0.0
train/Grade 4/302856_jpg.rf.5bccca8b32beccbc71b41e3386ab8d89.jpg,train,Grade 4,train/Grade 4/302856_jpg.rf.f52439ffcc999bb2928e07fc8498e1b6.jpg,train,Grade 4,NEAR_DUPLICATE_DHASH,False,False,0.0
train/Grade 3/305053_jpg.rf.01db661823f613d418b73dc03bbace74.jpg,train,Grade 3,train/Grade 3/305053_jpg.rf.b06e05c8d339829ef0e38212e1ef5b98.jpg,train,Grade 3,NEAR_DUPLICATE_DHASH,False,False,2.0
train/Grade 3/305101_jpg.rf.1842e999adcb2f7b161349fe47cf84f6.jpg,train,Grade 3,train/Grade 3/305101_jpg.rf.1eef43814bcfb20719853aa4cdc15687.jpg,train,Grade 3,NEAR_DUPLICATE_DHASH,False,False,0.0
train/Grade 3/305101_jpg.rf.1842e999adcb2f7b161349fe47cf84f6.jpg,train,Grade 3,train/Grade 3/305101_jpg.rf.8ec609414a9027344cb245401e614b64.jpg,train,Grade 3,NEAR_DUPLICATE_DHASH,False,False,4.0
train/Grade 3/305101_jpg.rf.1eef43814bcfb20719853aa4cdc15687.jpg,train,Grade 3,train/Grade 3/305101_jpg.rf.8ec609414a9027344cb245401e614b64.jpg,train,Grade 3,NEAR_DUPLICATE_DHASH,False,False,4.0
train/Grade 3/305138_jpg.rf.2a8effeb8fcfbd7f3c833b14bb66792c.jpg,train,Grade 3,train/Grade 3/305138_jpg.rf.8b4416a5419f7ba0399b0b224d2eb96e.jpg,train,Grade 3,NEAR_DUPLICATE_DHASH,False,False,1.0
train/Grade 4/245_jpg.rf.29342975309073b447219809f0a6e4f4.jpg,train,Grade 4,train/Grade 4/245_jpg.rf.91cd11a6bb5f786a1d310b8d8078a97e.jpg,train,Grade 4,NEAR_DUPLICATE_DHASH,False,False,1.0
train/Grade 3/51847193_1198079097034739_7666106518407741440_n_jpg.rf.3634675eae4be819afd06770d32f7a1d.jpg,train,Grade 3,train/Grade 3/51847193_1198079097034739_7666106518407741440_n_jpg.rf.93a97ff14f55385dfe4e657d0bb7e453.jpg,train,Grade 3,NEAR_DUPLICATE_DHASH,False,False,0.0
train/Grade 3/305229_jpg.rf.a3401e0a6470b2cc5022cf2b7e9af0a3.jpg,train,Grade 3,train/Grade 3/305229_jpg.rf.b9b6ec4b751d5bb15b4a3226187a9340.jpg,train,Grade 3,NEAR_DUPLICATE_DHASH,False,False,0.0
train/Grade 3/305263_jpg.rf.273ff90bd938f233a4b5020359f8677d.jpg,train,Grade 3,train/Grade 3/305263_jpg.rf.ba4f0045fbac26ffd0e1aed643a65e9c.jpg,train,Grade 3,NEAR_DUPLICATE_DHASH,False,False,1.0
train/Grade 3/305380_jpg.rf.2b5365d5607a24400d3e382809a70364.jpg,train,Grade 3,train/Grade 3/305380_jpg.rf.910c53b51d6a7b99aead99c5c928caaa.jpg,train,Grade 3,NEAR_DUPLICATE_DHASH,False,False,0.0
train/Grade 3/305404_jpg.rf.3b448e971c88a846f0b2884ca9c800a6.jpg,train,Grade 3,train/Grade 3/305404_jpg.rf.784174b04e3c95c88233c6504fe5347a.jpg,train,Grade 3,NEAR_DUPLICATE_DHASH,False,False,2.0
train/Grade 3/305419_jpg.rf.10cafd8c61bfab6387b6914e52da0efe.jpg,train,Grade 3,train/Grade 3/305419_jpg.rf.1e684eff67b05d608ce18ee4953a35ac.jpg,train,Grade 3,NEAR_DUPLICATE_DHASH,False,False,0.0
train/Grade 3/305483_jpg.rf.56e387c83fd8b2e10cd19088ff661517.jpg,train,Grade 3,train/Grade 3/305483_jpg.rf.80986afb49b20f1f23d96c3fb33dff51.jpg,train,Grade 3,NEAR_DUPLICATE_DHASH,False,False,1.0
train/Grade 3/305590_jpg.rf.536d0dce12d4837052c2b24c3b9d6d22.jpg,train,Grade 3,train/Grade 3/305590_jpg.rf.62bf11d068e5e45e32324f703eba56d4.jpg,train,Grade 3,NEAR_DUPLICATE_DHASH,False,False,0.0
train/Grade 4/418_jpg.rf.2f5f0ad81f43574483f4a4299ca634f3.jpg,train,Grade 4,train/Grade 4/418_jpg.rf.38f0c8e401eff0a63d51d31fdee6f0c3.jpg,train,Grade 4,NEAR_DUPLICATE_DHASH,False,False,3.0
train/Grade 3/305684_jpg.rf.0fb6f6cf24a6d6b3b030bfae41ef77d1.jpg,train,Grade 3,train/Grade 3/305684_jpg.rf.7e56ab68e658e21c0e73e4ea852baa51.jpg,train,Grade 3,NEAR_DUPLICATE_DHASH,False,False,1.0
train/Grade 3/305790_jpg.rf.4eb5144273bfea237052aa73d76696b9.jpg,train,Grade 3,train/Grade 3/305790_jpg.rf.ce2e64929895701d4e1f30b8b7f16879.jpg,train,Grade 3,NEAR_DUPLICATE_DHASH,False,False,1.0
train/Grade 3/305853_jpg.rf.4a0a5c1c0aca3901816f20f37b727627.jpg,train,Grade 3,train/Grade 3/305853_jpg.rf.6e69a689d07c5ab6b64b4e055a38062c.jpg,train,Grade 3,NEAR_DUPLICATE_DHASH,False,False,0.0
train/Grade 4/501655_jpg.rf.37c95f9a17d740cf458e6f17da7be25d.jpg,train,Grade 4,train/Grade 4/501655_jpg.rf.f12dbb99f13a3d9b028a34dd5b21d9d3.jpg,train,Grade 4,NEAR_DUPLICATE_DHASH,False,False,1.0
train/Grade 3/306070_jpg.rf.3abb73b242067d21b707510f37aada51.jpg,train,Grade 3,train/Grade 3/306070_jpg.rf.f873d0a8150fb96481678d678543881b.jpg,train,Grade 3,NEAR_DUPLICATE_DHASH,False,False,2.0
train/Grade 3/306145_jpg.rf.dfd1fd164bc35d1511c6fa4681cdd284.jpg,train,Grade 3,train/Grade 3/306145_jpg.rf.e6043817080206582053ddc2e4084058.jpg,train,Grade 3,NEAR_DUPLICATE_DHASH,False,False,0.0
train/Grade 3/310_jpg.rf.2a5d95bc224f2bcb6b3e23a3c990b8ce.jpg,train,Grade 3,train/Grade 3/310_jpg.rf.d6898f85e375ba9e76777f507caf7b12.jpg,train,Grade 3,NEAR_DUPLICATE_DHASH,False,False,0.0
train/Grade 4/368_jpg.rf.44ba66de29478c1aeb161879fefa0a23.jpg,train,Grade 4,train/Grade 4/368_jpg.rf.994234362c9af7bb6063672dfd1cda67.jpg,train,Grade 4,NEAR_DUPLICATE_DHASH,False,False,1.0
train/Grade 3/317_jpg.rf.21e25d8bf93e858e6ed5488f0375016d.jpg,train,Grade 3,train/Grade 3/317_jpg.rf.ec4fb5addf7caee7bbbf1f69a8d56b95.jpg,train,Grade 3,NEAR_DUPLICATE_DHASH,False,False,1.0
train/Grade 3/327_jpg.rf.37f5ca429490d7894c7ff359d1e03c7d.jpg,train,Grade 3,train/Grade 3/327_jpg.rf.97bb3133d0fa417914761c057e29119e.jpg,train,Grade 3,NEAR_DUPLICATE_DHASH,False,False,0.0
train/Grade 3/40112747_2192041194373899_7270408969519104000_n_jpg.rf.0b466d64221a5c4401700d72091fe2f4.jpg,train,Grade 3,train/Grade 3/40112747_2192041194373899_7270408969519104000_n_jpg.rf.5facb871fe163069f3838cb5806b1eaf.jpg,train,Grade 3,NEAR_DUPLICATE_DHASH,False,False,0.0
train/Grade 3/52333371_1602356613200527_9073263226212319232_n_jpg.rf.42b360fa6211c62ef81c19dc6d73002a.jpg,train,Grade 3,train/Grade 3/52333371_1602356613200527_9073263226212319232_n_jpg.rf.cb93c3a77d2d8021a6e1565f1a25b573.jpg,train,Grade 3,NEAR_DUPLICATE_DHASH,False,False,2.0
train/Grade 3/3460354257920857474_jpg.rf.72563686969ad25ad5625946178caf36.jpg,train,Grade 3,train/Grade 3/3460354257920857474_jpg.rf.c52aefc665497979de8b87e3619b0c44.jpg,train,Grade 3,NEAR_DUPLICATE_DHASH,False,False,1.0
train/Grade 3/378_jpg.rf.3fea2428753fa7497adc1f576fa3df55.jpg,train,Grade 3,train/Grade 3/378_jpg.rf.9898f8a38b75722e760738ffe9eceb0d.jpg,train,Grade 3,NEAR_DUPLICATE_DHASH,False,False,1.0
train/Grade 3/3_jpg.rf.6ba8cc8016adc1533783fdcfe15ac3ea.jpg,train,Grade 3,train/Grade 3/3_jpg.rf.6fe60c7ef23d9d0a29e21f8d6471e9c4.jpg,train,Grade 3,NEAR_DUPLICATE_DHASH,False,False,0.0
train/Grade 3/40102024_1872496076152851_2833052289202126848_n_jpg.rf.75945e32d93a7fde082ba7b869802fae.jpg,train,Grade 3,train/Grade 3/40102024_1872496076152851_2833052289202126848_n_jpg.rf.85fee57dda69b3a852c69756f2cfd2d0.jpg,train,Grade 3,NEAR_DUPLICATE_DHASH,False,False,0.0
train/Grade 3/40160114_561447687605812_704463112870297600_n_jpg.rf.8356a08227fe0e94d1631246bec826ac.jpg,train,Grade 3,train/Grade 3/40160114_561447687605812_704463112870297600_n_jpg.rf.956ed93599a4fb720792f8e0b0cbdec1.jpg,train,Grade 3,NEAR_DUPLICATE_DHASH,False,False,1.0
train/Grade 3/40161743_470925433411584_5592644707608952832_n_jpg.rf.2908c6714c168a942dc064ce0cc965dd.jpg,train,Grade 3,train/Grade 3/40161743_470925433411584_5592644707608952832_n_jpg.rf.db534388c5e9c0ee992261be0950c79e.jpg,train,Grade 3,NEAR_DUPLICATE_DHASH,False,False,4.0
train/Grade 3/40161743_470925433411584_5592644707608952832_n_jpg.rf.2908c6714c168a942dc064ce0cc965dd.jpg,train,Grade 3,train/Grade 3/40161743_470925433411584_5592644707608952832_n_jpg.rf.f907021022ba3856339f15a6a8e358c0.jpg,train,Grade 3,NEAR_DUPLICATE_DHASH,False,False,4.0
train/Grade 3/40161743_470925433411584_5592644707608952832_n_jpg.rf.db534388c5e9c0ee992261be0950c79e.jpg,train,Grade 3,train/Grade 3/40161743_470925433411584_5592644707608952832_n_jpg.rf.f907021022ba3856339f15a6a8e358c0.jpg,train,Grade 3,NEAR_DUPLICATE_DHASH,False,False,0.0
train/Grade 3/409_jpg.rf.a78b30e6ef5297370dad92617ae1efd0.jpg,train,Grade 3,train/Grade 3/409_jpg.rf.ca8b1474b35009b2ceeaa6f9e284ebbe.jpg,train,Grade 3,NEAR_DUPLICATE_DHASH,False,False,2.0
train/Grade 3/452_jpg.rf.5800101303cd14574017b73680cce3d1.jpg,train,Grade 3,train/Grade 3/452_jpg.rf.eac38784b8fd02415081f4f0896b31e5.jpg,train,Grade 3,NEAR_DUPLICATE_DHASH,False,False,0.0
train/Grade 3/456_jpg.rf.336fdff94e22e4079917d2386d3b17ac.jpg,train,Grade 3,train/Grade 3/456_jpg.rf.bd9494f8473917d3380b63bdf93e3286.jpg,train,Grade 3,NEAR_DUPLICATE_DHASH,False,False,0.0
train/Grade 3/458_jpg.rf.2d724b98a571a84d828936214fc8038d.jpg,train,Grade 3,train/Grade 3/458_jpg.rf.59d97845754037b8afb62d57079517f7.jpg,train,Grade 3,NEAR_DUPLICATE_DHASH,False,False,2.0
train/Grade 3/498_jpg.rf.b99206f307e3e70ba62657d783da7bd9.jpg,train,Grade 3,train/Grade 3/498_jpg.rf.ec7d59013457efff59439d4b6cff6e83.jpg,train,Grade 3,NEAR_DUPLICATE_DHASH,False,False,0.0
train/Grade 4/320_jpg.rf.717d3d61b5728abab4866eb8f1492283.jpg,train,Grade 4,train/Grade 4/320_jpg.rf.badd8cd971c96c312f942d988dc49d33.jpg,train,Grade 4,NEAR_DUPLICATE_DHASH,False,False,2.0
train/Grade 3/51664948_353656301890219_8952929980724019200_n_jpg.rf.a27efc93ab6331c235ee690544d81fc7.jpg,train,Grade 3,train/Grade 3/51664948_353656301890219_8952929980724019200_n_jpg.rf.a4ec714075e74b99a931e9e3f9d3323b.jpg,train,Grade 3,NEAR_DUPLICATE_DHASH,False,False,1.0
train/Grade 3/51795551_387825175429049_5388304199618396160_n_jpg.rf.44b5462b8e965ef5b4488ff16febca65.jpg,train,Grade 3,train/Grade 3/51795551_387825175429049_5388304199618396160_n_jpg.rf.c1824f0b318a467653fb470251b89a1d.jpg,train,Grade 3,NEAR_DUPLICATE_DHASH,False,False,1.0
train/Grade 3/52956309_2293937097352804_1370826348246859776_n_jpg.rf.2f1cbe0d779ace7953e1029c4322a962.jpg,train,Grade 3,train/Grade 3/52956309_2293937097352804_1370826348246859776_n_jpg.rf.da2771ebfb7527ddae625064f34e1a30.jpg,train,Grade 3,NEAR_DUPLICATE_DHASH,False,False,2.0
train/Grade 3/51814847_548907345629031_1716986440128135168_n_jpg.rf.7c0d1dc393d2582ae50b1d33fb042d49.jpg,train,Grade 3,train/Grade 3/51814847_548907345629031_1716986440128135168_n_jpg.rf.f7a9f3ec0320a7c462a195337afb9c56.jpg,train,Grade 3,NEAR_DUPLICATE_DHASH,False,False,0.0
train/Grade 3/51824005_250337185899577_8630780469719334912_n_jpg.rf.09d0b70be6c884331d271a53fe1ee4d0.jpg,train,Grade 3,train/Grade 3/51824005_250337185899577_8630780469719334912_n_jpg.rf.a357b0da287d0716471e09d52c18a4ed.jpg,train,Grade 3,NEAR_DUPLICATE_DHASH,False,False,0.0
train/Grade 4/301407_jpg.rf.6faac708b46f8fe4bc5a7aa8da2285a0.jpg,train,Grade 4,train/Grade 4/301407_jpg.rf.98cf49166600b768816f9752bfbb691e.jpg,train,Grade 4,NEAR_DUPLICATE_DHASH,False,False,0.0
train/Grade 3/51842370_560309807805119_6735023119771107328_n_jpg.rf.69a9fa1704183db043b81748904738fa.jpg,train,Grade 3,train/Grade 3/51842370_560309807805119_6735023119771107328_n_jpg.rf.9a1bb6b98f1ccadbc06640243acd0e5c.jpg,train,Grade 3,NEAR_DUPLICATE_DHASH,False,False,0.0
train/Grade 3/51855821_2291824434475322_7031402762575282176_n_jpg.rf.0ea521d637fb41c3ae864372dd18550f.jpg,train,Grade 3,train/Grade 3/51855821_2291824434475322_7031402762575282176_n_jpg.rf.d2d72acc64deb9301264f4c1ef55a72f.jpg,train,Grade 3,NEAR_DUPLICATE_DHASH,False,False,0.0
train/Grade 3/51874747_2065109713558566_4555611457986756608_n_jpg.rf.5caf937035fad9d64d589ffcd9d33ab7.jpg,train,Grade 3,train/Grade 3/51874747_2065109713558566_4555611457986756608_n_jpg.rf.97836208b887679b4b854800371f22b7.jpg,train,Grade 3,NEAR_DUPLICATE_DHASH,False,False,3.0
train/Grade 3/53323459_2396396807256877_8878559465192816640_n_jpg.rf.8bc428991192572cd2d5cd6166ffd3d1.jpg,train,Grade 3,train/Grade 3/53323459_2396396807256877_8878559465192816640_n_jpg.rf.8d345cd6405a3cd59ee31b74161da087.jpg,train,Grade 3,NEAR_DUPLICATE_DHASH,False,False,0.0
train/Grade 3/52109868_331988894096172_8494518217027354624_n_jpg.rf.6b481c863d8897eb2b374f94cb30b90f.jpg,train,Grade 3,train/Grade 3/52109868_331988894096172_8494518217027354624_n_jpg.rf.cab9a2f373f8b5183ed09a9d3871d668.jpg,train,Grade 3,NEAR_DUPLICATE_DHASH,False,False,1.0
train/Grade 3/52117938_814622648937232_500011498370760704_n_jpg.rf.45838667addc5209c5c03f5ed21a63f6.jpg,train,Grade 3,train/Grade 3/52117938_814622648937232_500011498370760704_n_jpg.rf.a0982a1aba259086cd97f9151e206e16.jpg,train,Grade 3,NEAR_DUPLICATE_DHASH,False,False,0.0
train/Grade 3/52117938_814622648937232_500011498370760704_n_jpg.rf.4e2a6c551697af4f5e9ac659e02d36f6.jpg,train,Grade 3,train/Grade 3/52117938_814622648937232_500011498370760704_n_jpg.rf.e4c68a46aeb524d768b6e64d0d560624.jpg,train,Grade 3,NEAR_DUPLICATE_DHASH,False,False,2.0
train/Grade 3/52117938_814622648937232_500011498370760704_n_jpg.rf.4e2a6c551697af4f5e9ac659e02d36f6.jpg,train,Grade 3,train/Grade 3/52117938_814622648937232_500011498370760704_n_jpg.rf.ffd51a62c5bcaf5d4218ce101a044d1d.jpg,train,Grade 3,NEAR_DUPLICATE_DHASH,False,False,2.0
train/Grade 3/52117938_814622648937232_500011498370760704_n_jpg.rf.e4c68a46aeb524d768b6e64d0d560624.jpg,train,Grade 3,train/Grade 3/52117938_814622648937232_500011498370760704_n_jpg.rf.ffd51a62c5bcaf5d4218ce101a044d1d.jpg,train,Grade 3,NEAR_DUPLICATE_DHASH,False,False,0.0
train/Grade 3/52144319_559825034522907_3922162987950931968_n_jpg.rf.7b2ac80616c7a998101da6154a670c18.jpg,train,Grade 3,train/Grade 3/52144319_559825034522907_3922162987950931968_n_jpg.rf.feb8a7b5f4552ccfbca5e9e4156b8e3f.jpg,train,Grade 3,NEAR_DUPLICATE_DHASH,False,False,1.0
train/Grade 3/52156688_262325001328063_4488024718745534464_n_jpg.rf.90df3f363506d84530b44c5b3ba3aaee.jpg,train,Grade 3,train/Grade 3/52156688_262325001328063_4488024718745534464_n_jpg.rf.e40c297fa962b294863316c1d10fe4fb.jpg,train,Grade 3,NEAR_DUPLICATE_DHASH,False,False,2.0
train/Grade 3/52161595_744752005897031_2296705449111584768_n_jpg.rf.358f8334b38960cf7225fe9b06da2bc9.jpg,train,Grade 3,train/Grade 3/52161595_744752005897031_2296705449111584768_n_jpg.rf.da4fcd319c1372ed34cb9823440a681b.jpg,train,Grade 3,NEAR_DUPLICATE_DHASH,False,False,0.0
train/Grade 3/52281293_337922530152377_7755374471602503680_n_jpg.rf.6db608c09788adbe89433d0b09278c1f.jpg,train,Grade 3,train/Grade 3/52281293_337922530152377_7755374471602503680_n_jpg.rf.9dc1e5ceabeb269632cd8fbacf59895e.jpg,train,Grade 3,NEAR_DUPLICATE_DHASH,False,False,1.0
train/Grade 4/301110_jpg.rf.73741446c0368d12b5254a2e3999194e.jpg,train,Grade 4,train/Grade 4/301110_jpg.rf.a13e45f53f34e12ac9f98c09497d8eca.jpg,train,Grade 4,NEAR_DUPLICATE_DHASH,False,False,1.0
train/Grade 4/301110_jpg.rf.73741446c0368d12b5254a2e3999194e.jpg,train,Grade 4,train/Grade 4/301110_jpg.rf.c4f754c069fd9d34b51dbcf65c534faa.jpg,train,Grade 4,NEAR_DUPLICATE_DHASH,False,False,0.0
train/Grade 4/301110_jpg.rf.73741446c0368d12b5254a2e3999194e.jpg,train,Grade 4,train/Grade 4/301110_jpg.rf.efc8e8bcdc886a3d44532c69c8efa66c.jpg,train,Grade 4,NEAR_DUPLICATE_DHASH,False,False,0.0
train/Grade 4/301110_jpg.rf.a13e45f53f34e12ac9f98c09497d8eca.jpg,train,Grade 4,train/Grade 4/301110_jpg.rf.c4f754c069fd9d34b51dbcf65c534faa.jpg,train,Grade 4,NEAR_DUPLICATE_DHASH,False,False,1.0
train/Grade 4/301110_jpg.rf.a13e45f53f34e12ac9f98c09497d8eca.jpg,train,Grade 4,train/Grade 4/301110_jpg.rf.efc8e8bcdc886a3d44532c69c8efa66c.jpg,train,Grade 4,NEAR_DUPLICATE_DHASH,False,False,1.0
train/Grade 4/301110_jpg.rf.c4f754c069fd9d34b51dbcf65c534faa.jpg,train,Grade 4,train/Grade 4/301110_jpg.rf.efc8e8bcdc886a3d44532c69c8efa66c.jpg,train,Grade 4,NEAR_DUPLICATE_DHASH,False,False,0.0
train/Grade 3/52328256_332029277444667_3976285039078932480_n_jpg.rf.2f2e0c89a3191bb956c232d9f459950c.jpg,train,Grade 3,train/Grade 3/52328256_332029277444667_3976285039078932480_n_jpg.rf.4bdcc1039cc252599e03552fc32ddc42.jpg,train,Grade 3,NEAR_DUPLICATE_DHASH,False,False,3.0
train/Grade 3/53178322_991406074378351_2435687412534345728_n_jpg.rf.4d354ee63fc8a279b603ee4a6f87c380.jpg,train,Grade 3,train/Grade 3/53178322_991406074378351_2435687412534345728_n_jpg.rf.58b90cecdeab173fa8a4313adab089c6.jpg,train,Grade 3,NEAR_DUPLICATE_DHASH,False,False,1.0
train/Grade 3/52426208_2281296765528376_463499977092497408_n_jpg.rf.5cb3679c55d5e2aec88f2ff134b5fef5.jpg,train,Grade 3,train/Grade 3/52426208_2281296765528376_463499977092497408_n_jpg.rf.c29e7c98293db8402f952f9f2fccf2c6.jpg,train,Grade 3,NEAR_DUPLICATE_DHASH,False,False,1.0
train/Grade 3/52426208_2281296765528376_463499977092497408_n_jpg.rf.5cb3679c55d5e2aec88f2ff134b5fef5.jpg,train,Grade 3,train/Grade 3/52426208_2281296765528376_463499977092497408_n_jpg.rf.d93621dc1a9309167b2e55b0c763672c.jpg,train,Grade 3,NEAR_DUPLICATE_DHASH,False,False,0.0
train/Grade 3/52426208_2281296765528376_463499977092497408_n_jpg.rf.c29e7c98293db8402f952f9f2fccf2c6.jpg,train,Grade 3,train/Grade 3/52426208_2281296765528376_463499977092497408_n_jpg.rf.d93621dc1a9309167b2e55b0c763672c.jpg,train,Grade 3,NEAR_DUPLICATE_DHASH,False,False,1.0
train/Grade 3/52666743_2068132596608014_2901770443088199680_n_jpg.rf.1515cd436d1f70213742c61ff194cf1f.jpg,train,Grade 3,train/Grade 3/52666743_2068132596608014_2901770443088199680_n_jpg.rf.6772f776e2943b1c42caff217ff727df.jpg,train,Grade 3,NEAR_DUPLICATE_DHASH,False,False,3.0
train/Grade 3/52712870_1048758511985794_3224426184708194304_n_jpg.rf.6a0f5accecd329677535e0576543eade.jpg,train,Grade 3,train/Grade 3/52712870_1048758511985794_3224426184708194304_n_jpg.rf.e410e023ce50322e2b28ebfd01c95cfa.jpg,train,Grade 3,NEAR_DUPLICATE_DHASH,False,False,0.0
train/Grade 3/52713800_356031544995319_6047195025123573760_n_jpg.rf.1cad18685111c49200fa7b14a8a56f5a.jpg,train,Grade 3,train/Grade 3/52713800_356031544995319_6047195025123573760_n_jpg.rf.f331e549ef74070d2fa035b9d086cbaa.jpg,train,Grade 3,NEAR_DUPLICATE_DHASH,False,False,1.0
train/Grade 3/52801033_1943192979141207_9089006600634499072_n_jpg.rf.1b295a88db9c5626d9fa0a70303b8963.jpg,train,Grade 3,train/Grade 3/52801033_1943192979141207_9089006600634499072_n_jpg.rf.9e66f607b9f60f56ba374d9b65ebb6be.jpg,train,Grade 3,NEAR_DUPLICATE_DHASH,False,False,0.0
train/Grade 3/52801033_1943192979141207_9089006600634499072_n_jpg.rf.642484181554500ee0750e26392546e7.jpg,train,Grade 3,train/Grade 3/52801033_1943192979141207_9089006600634499072_n_jpg.rf.e8fb6de2311ff926af83bd22240989b1.jpg,train,Grade 3,NEAR_DUPLICATE_DHASH,False,False,1.0
train/Grade 3/53065724_556509794855795_1292984953679642624_n_jpg.rf.8eb2f52c755e85e324782080397791b6.jpg,train,Grade 3,train/Grade 3/53065724_556509794855795_1292984953679642624_n_jpg.rf.cae4b45165cb89cae474119785314730.jpg,train,Grade 3,NEAR_DUPLICATE_DHASH,False,False,3.0
train/Grade 3/73_jpg.rf.6d245472b76a74aa0cddc0855b03daab.jpg,train,Grade 3,train/Grade 3/73_jpg.rf.9af75f29a4fc544342b0f23da25a3fef.jpg,train,Grade 3,NEAR_DUPLICATE_DHASH,False,False,0.0
train/Grade 3/75_jpg.rf.0942002a1595916b3ec618d631b27d0a.jpg,train,Grade 3,train/Grade 3/75_jpg.rf.72a7969899f510010f9354728fd5db9a.jpg,train,Grade 3,NEAR_DUPLICATE_DHASH,False,False,0.0
train/Grade 3/88_jpg.rf.30029e656654a0dd9064c9f5b5060d6a.jpg,train,Grade 3,train/Grade 3/88_jpg.rf.d5550a0220c2797bef1cacdd3c2cd61c.jpg,train,Grade 3,NEAR_DUPLICATE_DHASH,False,False,0.0
train/Grade 3/8_jpg.rf.19c90d6b357bc16aee1546b402c3299e.jpg,train,Grade 3,train/Grade 3/8_jpg.rf.2f82afb943372bf8ec47d2b30c937faf.jpg,train,Grade 3,NEAR_DUPLICATE_DHASH,False,False,1.0
train/Grade 4/301080_jpg.rf.7f2773883511431d9b1d5793af31063e.jpg,train,Grade 4,train/Grade 4/301080_jpg.rf.cbf699392a9ff8929509c8d8d91d217d.jpg,train,Grade 4,NEAR_DUPLICATE_DHASH,False,False,1.0
train/Grade 3/images-2-_jpg.rf.3aa7bb48eeb11603926c8e690df82d3f.jpg,train,Grade 3,train/Grade 3/images-2-_jpg.rf.7e8ec7d9681431c6e043b8aa20ac3c3b.jpg,train,Grade 3,NEAR_DUPLICATE_DHASH,False,False,0.0
train/Grade 4/301075_jpg.rf.2de1b16fff13e3affe2f97d37b22a723.jpg,train,Grade 4,train/Grade 4/301075_jpg.rf.34e0dbb60146ffaf8f3711ac5d46d148.jpg,train,Grade 4,NEAR_DUPLICATE_DHASH,False,False,1.0
train/Grade 4/-e-a-a-e-a-1-a-jpg33444444_jpg.rf.02486c6e745fb8e16010270c9e19217f.jpg,train,Grade 4,train/Grade 4/-e-a-a-e-a-1-a-jpg33444444_jpg.rf.562a941806bbdd71716162b9569955c0.jpg,train,Grade 4,NEAR_DUPLICATE_DHASH,False,False,0.0
train/Grade 4/102_jpg.rf.59fd60daef897af085fc379225c2e79b.jpg,train,Grade 4,train/Grade 4/102_jpg.rf.818931f9d473bfd2d5feb485aa6474d8.jpg,train,Grade 4,NEAR_DUPLICATE_DHASH,False,False,0.0
train/Grade 4/102_jpg.rf.59fd60daef897af085fc379225c2e79b.jpg,train,Grade 4,train/Grade 4/102_jpg.rf.b1d573a5787138df01416cf7f2505255.jpg,train,Grade 4,NEAR_DUPLICATE_DHASH,False,False,0.0
train/Grade 4/102_jpg.rf.818931f9d473bfd2d5feb485aa6474d8.jpg,train,Grade 4,train/Grade 4/102_jpg.rf.b1d573a5787138df01416cf7f2505255.jpg,train,Grade 4,NEAR_DUPLICATE_DHASH,False,False,0.0
train/Grade 4/10_jpg.rf.4a05bb772d03a81cc5ddaa7828b5978e.jpg,train,Grade 4,train/Grade 4/10_jpg.rf.5cfc5d37bf25db78fe389df284d15d4d.jpg,train,Grade 4,NEAR_DUPLICATE_DHASH,False,False,0.0
train/Grade 4/111_jpg.rf.4ce05d5c6f0c4cae095512b63e0cc6a9.jpg,train,Grade 4,train/Grade 4/111_jpg.rf.613f0ddb6f5717bf2b3e3654411cae83.jpg,train,Grade 4,NEAR_DUPLICATE_DHASH,False,False,1.0
train/Grade 4/114_jpg.rf.168f8e127a32b284c1666d66d9023268.jpg,train,Grade 4,train/Grade 4/114_jpg.rf.f174b811dbc6545af0b14cc673f242cb.jpg,train,Grade 4,NEAR_DUPLICATE_DHASH,False,False,0.0
train/Grade 4/119_jpg.rf.69b7362939ac25d9fc7ecb7228031765.jpg,train,Grade 4,train/Grade 4/119_jpg.rf.93bcaceb751eb6d1887b91e66c97fa61.jpg,train,Grade 4,NEAR_DUPLICATE_DHASH,False,False,0.0
train/Grade 4/120_jpg.rf.a4464ec2d7fd13c4afbba686a0a8ee99.jpg,train,Grade 4,train/Grade 4/120_jpg.rf.c6c1bf25b311de660661e1878f070197.jpg,train,Grade 4,NEAR_DUPLICATE_DHASH,False,False,1.0
train/Grade 4/125_jpg.rf.63ec41a8080c599cbed92264263deb65.jpg,train,Grade 4,train/Grade 4/125_jpg.rf.d242c3484658b905abf484f93381ef4d.jpg,train,Grade 4,NEAR_DUPLICATE_DHASH,False,False,0.0
train/Grade 4/134_jpg.rf.1845ced844785ff55cdbc566bfd599df.jpg,train,Grade 4,train/Grade 4/134_jpg.rf.aa1677a4b0292c4bdc1eaeed9d14f237.jpg,train,Grade 4,NEAR_DUPLICATE_DHASH,False,False,3.0
train/Grade 4/141_jpg.rf.5259cc6108a967a6e303fa1c4728a0ee.jpg,train,Grade 4,train/Grade 4/141_jpg.rf.92636e7b20bd9e86971e79052ecb381e.jpg,train,Grade 4,NEAR_DUPLICATE_DHASH,False,False,3.0
train/Grade 4/501788_jpg.rf.3fa232a30df7f5e8a99c16f6e4e144a3.jpg,train,Grade 4,train/Grade 4/501788_jpg.rf.4732afaaefbdaa6b37a9e0ef620cb6a4.jpg,train,Grade 4,NEAR_DUPLICATE_DHASH,False,False,0.0
train/Grade 4/159_jpg.rf.37c35c3dcf135cc32a67d03b963d1621.jpg,train,Grade 4,train/Grade 4/159_jpg.rf.4185c426024dd61e60af5e5b51e7cf3b.jpg,train,Grade 4,NEAR_DUPLICATE_DHASH,False,False,2.0
train/Grade 4/165_jpg.rf.62c993459d731e633e14eb32595661fd.jpg,train,Grade 4,train/Grade 4/165_jpg.rf.bb9d63b4ff46be9bcd0e54fb574d779d.jpg,train,Grade 4,NEAR_DUPLICATE_DHASH,False,False,2.0
train/Grade 4/166_jpg.rf.347b879b6ce243215476bff01bdb9382.jpg,train,Grade 4,train/Grade 4/166_jpg.rf.80fe8cf4689f4cd7272730f7d314001e.jpg,train,Grade 4,NEAR_DUPLICATE_DHASH,False,False,0.0
train/Grade 4/17_jpg.rf.4e69dfc9775fbddffb02c4b8e1f716b4.jpg,train,Grade 4,train/Grade 4/17_jpg.rf.589ae3fa2830a94ddabc7ed07bb9e425.jpg,train,Grade 4,NEAR_DUPLICATE_DHASH,False,False,0.0
train/Grade 4/17_jpg.rf.4e69dfc9775fbddffb02c4b8e1f716b4.jpg,train,Grade 4,valid/Grade 1/44_jpg.rf.b6890726c855213b85154c0ffea57bb6.jpg,valid,Grade 1,NEAR_DUPLICATE_DHASH,True,True,0.0
train/Grade 4/17_jpg.rf.589ae3fa2830a94ddabc7ed07bb9e425.jpg,train,Grade 4,valid/Grade 1/44_jpg.rf.b6890726c855213b85154c0ffea57bb6.jpg,valid,Grade 1,NEAR_DUPLICATE_DHASH,True,True,0.0
train/Grade 4/191_jpg.rf.5bec92d4496126f050cc45015ec21fae.jpg,train,Grade 4,train/Grade 4/191_jpg.rf.de3eb18cc1707ee381e641276d29d459.jpg,train,Grade 4,NEAR_DUPLICATE_DHASH,False,False,0.0
train/Grade 4/359_jpg.rf.70ae93895f94ddca582b0358f85f053e.jpg,train,Grade 4,train/Grade 4/359_jpg.rf.9f05d8061667b30860158f8b8baa2d00.jpg,train,Grade 4,NEAR_DUPLICATE_DHASH,False,False,1.0
train/Grade 4/359_jpg.rf.70ae93895f94ddca582b0358f85f053e.jpg,train,Grade 4,train/Grade 4/359_jpg.rf.e0783a1225ff8c385dedf067478c3727.jpg,train,Grade 4,NEAR_DUPLICATE_DHASH,False,False,1.0
train/Grade 4/359_jpg.rf.9f05d8061667b30860158f8b8baa2d00.jpg,train,Grade 4,train/Grade 4/359_jpg.rf.e0783a1225ff8c385dedf067478c3727.jpg,train,Grade 4,NEAR_DUPLICATE_DHASH,False,False,0.0
train/Grade 4/359_jpg.rf.22d3c655706656217b245b91de144c7c.jpg,train,Grade 4,train/Grade 4/359_jpg.rf.e202ecc977f6ada7f9841f72fd4c1201.jpg,train,Grade 4,NEAR_DUPLICATE_DHASH,False,False,0.0
train/Grade 4/52985842_2191114764444546_3837081889135394816_n_jpg.rf.4624759ad0c96c60073e9163a1168788.jpg,train,Grade 4,train/Grade 4/52985842_2191114764444546_3837081889135394816_n_jpg.rf.521ae12755727d83ab69051b7be0cc90.jpg,train,Grade 4,NEAR_DUPLICATE_DHASH,False,False,0.0
train/Grade 4/52985842_2191114764444546_3837081889135394816_n_jpg.rf.4624759ad0c96c60073e9163a1168788.jpg,train,Grade 4,train/Grade 4/52985842_2191114764444546_3837081889135394816_n_jpg.rf.cadc7a4ceb0e4905ea7ac2d697a4e761.jpg,train,Grade 4,NEAR_DUPLICATE_DHASH,False,False,1.0
train/Grade 4/52985842_2191114764444546_3837081889135394816_n_jpg.rf.521ae12755727d83ab69051b7be0cc90.jpg,train,Grade 4,train/Grade 4/52985842_2191114764444546_3837081889135394816_n_jpg.rf.cadc7a4ceb0e4905ea7ac2d697a4e761.jpg,train,Grade 4,NEAR_DUPLICATE_DHASH,False,False,1.0
train/Grade 4/206_jpg.rf.73fdf011bb24ab042ca538c977802b49.jpg,train,Grade 4,train/Grade 4/206_jpg.rf.ae652232049e3d22a9d31c5e35683b99.jpg,train,Grade 4,NEAR_DUPLICATE_DHASH,False,False,2.0
train/Grade 4/53117785_2460643370672500_861234714868973568_n_jpg.rf.3f0e4a6bbaabebbbf509865dd1d22804.jpg,train,Grade 4,train/Grade 4/53117785_2460643370672500_861234714868973568_n_jpg.rf.ee7fcae131e23e2695950b2173734122.jpg,train,Grade 4,NEAR_DUPLICATE_DHASH,False,False,1.0
train/Grade 4/20_jpg.rf.0813b090e5dc5d79891f2cf2eb6a5b2b.jpg,train,Grade 4,train/Grade 4/20_jpg.rf.7736639501c6e5f0befb0441607bbbe5.jpg,train,Grade 4,NEAR_DUPLICATE_DHASH,False,False,0.0
train/Grade 4/241_jpg.rf.330032a6455427ee7bb1b75dd7b6565c.jpg,train,Grade 4,train/Grade 4/241_jpg.rf.7b82ffc3fc93c6477c8900ff59052d4f.jpg,train,Grade 4,NEAR_DUPLICATE_DHASH,False,False,0.0
train/Grade 4/365_jpg.rf.40c6bcbd1e5809ec75a4b8241587d002.jpg,train,Grade 4,train/Grade 4/365_jpg.rf.ec07bd339c18336a8467f1d51bf72c7c.jpg,train,Grade 4,NEAR_DUPLICATE_DHASH,False,False,0.0
train/Grade 4/275_jpg.rf.ca692befad07893325e8b1c9f89e8494.jpg,train,Grade 4,train/Grade 4/275_jpg.rf.e8bb94635695ab352ec871cca4ccf784.jpg,train,Grade 4,NEAR_DUPLICATE_DHASH,False,False,0.0
train/Grade 4/305801_jpg.rf.0a6d7856e1bec6b0f3eea97b1aaf045e.jpg,train,Grade 4,train/Grade 4/305801_jpg.rf.73e4c04446baf2bb24fa0c675750f58d.jpg,train,Grade 4,NEAR_DUPLICATE_DHASH,False,False,1.0
train/Grade 4/301352_jpg.rf.575f501f40251ba4e34e0b29c04f33c0.jpg,train,Grade 4,train/Grade 4/301352_jpg.rf.617d64dc4c74b7511cd28f966f0039cd.jpg,train,Grade 4,NEAR_DUPLICATE_DHASH,False,False,0.0
train/Grade 4/85_jpg.rf.375d3cc5ead58d34684ca2eac5506879.jpg,train,Grade 4,train/Grade 4/85_jpg.rf.e4a5d612237e5fbf7a3baf8b39376f0c.jpg,train,Grade 4,NEAR_DUPLICATE_DHASH,False,False,1.0
train/Grade 4/301391_jpg.rf.08aa272262ef6e58ce33d117312b75dc.jpg,train,Grade 4,train/Grade 4/301391_jpg.rf.76f67afed43a5598fbea73d2b72539f0.jpg,train,Grade 4,NEAR_DUPLICATE_DHASH,False,False,2.0
train/Grade 4/301560_jpg.rf.374962ef1f71dcfa9317dda53ff2c210.jpg,train,Grade 4,train/Grade 4/301560_jpg.rf.6e0129cb2e9f572a19fd5c074e41e484.jpg,train,Grade 4,NEAR_DUPLICATE_DHASH,False,False,2.0
train/Grade 4/301698_jpg.rf.12dc4daa5400286f0f62f9e122cbacd9.jpg,train,Grade 4,train/Grade 4/301698_jpg.rf.792647b15d73e3aa51e5039e253ec017.jpg,train,Grade 4,NEAR_DUPLICATE_DHASH,False,False,2.0
train/Grade 4/301829_jpg.rf.3f3bc1c8ec0ee688a207ade53e3e9f62.jpg,train,Grade 4,train/Grade 4/301829_jpg.rf.740ed38f51244cad3668e190792ab4df.jpg,train,Grade 4,NEAR_DUPLICATE_DHASH,False,False,0.0
train/Grade 4/301829_jpg.rf.3f3bc1c8ec0ee688a207ade53e3e9f62.jpg,train,Grade 4,train/Grade 4/301829_jpg.rf.7c600e45025492d33d3ead267ec34de2.jpg,train,Grade 4,NEAR_DUPLICATE_DHASH,False,False,0.0
train/Grade 4/301829_jpg.rf.740ed38f51244cad3668e190792ab4df.jpg,train,Grade 4,train/Grade 4/301829_jpg.rf.7c600e45025492d33d3ead267ec34de2.jpg,train,Grade 4,NEAR_DUPLICATE_DHASH,False,False,0.0
train/Grade 4/303194_jpg.rf.6f56b813e1ee4500117f5a3c5fc58b71.jpg,train,Grade 4,train/Grade 4/303194_jpg.rf.a1936a390714924d3406dbc385b32310.jpg,train,Grade 4,NEAR_DUPLICATE_DHASH,False,False,1.0
train/Grade 4/301904_jpg.rf.01b988ff77ee75ca924d0ef5bdefc464.jpg,train,Grade 4,train/Grade 4/301904_jpg.rf.a5a4f5852dbf6b6ad80349799a64952c.jpg,train,Grade 4,NEAR_DUPLICATE_DHASH,False,False,2.0
train/Grade 4/301939_jpg.rf.0de411ba1364b51ee1437a02a38913c1.jpg,train,Grade 4,train/Grade 4/301939_jpg.rf.c1fa0e419470e5a405092a7005f15fb5.jpg,train,Grade 4,NEAR_DUPLICATE_DHASH,False,False,0.0
train/Grade 4/301978_jpg.rf.ed6accde04e18353bf1d708d232d7a43.jpg,train,Grade 4,train/Grade 4/301978_jpg.rf.f56c9cf9f4c9312c3fb29c21e0dec660.jpg,train,Grade 4,NEAR_DUPLICATE_DHASH,False,False,1.0
train/Grade 4/302143_jpg.rf.b65c2dc86f37e98b5b5c5fbd3eded129.jpg,train,Grade 4,train/Grade 4/302143_jpg.rf.d70649635992ad1599950e6e3d02f374.jpg,train,Grade 4,NEAR_DUPLICATE_DHASH,False,False,0.0
train/Grade 4/302151_jpg.rf.2984edd093765fd4798cf6b617ae8ccf.jpg,train,Grade 4,train/Grade 4/302151_jpg.rf.32eb9b20d3acaf024a1b73e370f5cdd4.jpg,train,Grade 4,NEAR_DUPLICATE_DHASH,False,False,1.0
train/Grade 4/302194_jpg.rf.a9d5476ec44954d13586adb7980e2ef3.jpg,train,Grade 4,train/Grade 4/302194_jpg.rf.cacc70cfae945ba0987e11dc65319fb0.jpg,train,Grade 4,NEAR_DUPLICATE_DHASH,False,False,3.0
train/Grade 4/302194_jpg.rf.a9d5476ec44954d13586adb7980e2ef3.jpg,train,Grade 4,train/Grade 4/302194_jpg.rf.cc4f1e6373f02ca47cf70a1cd678708d.jpg,train,Grade 4,NEAR_DUPLICATE_DHASH,False,False,3.0
train/Grade 4/302194_jpg.rf.cacc70cfae945ba0987e11dc65319fb0.jpg,train,Grade 4,train/Grade 4/302194_jpg.rf.cc4f1e6373f02ca47cf70a1cd678708d.jpg,train,Grade 4,NEAR_DUPLICATE_DHASH,False,False,0.0
train/Grade 4/302249_jpg.rf.2d73f98d1c9e68a3cd0492d44c8eaf40.jpg,train,Grade 4,train/Grade 4/302249_jpg.rf.a5f0a982e92b27b06b93281cf62fc37c.jpg,train,Grade 4,NEAR_DUPLICATE_DHASH,False,False,1.0
train/Grade 4/302615_jpg.rf.489f416390ce5a3a23b322ccba375cf7.jpg,train,Grade 4,train/Grade 4/302615_jpg.rf.959fc1224263a80d7977c2b571493735.jpg,train,Grade 4,NEAR_DUPLICATE_DHASH,False,False,0.0
train/Grade 4/302639_jpg.rf.67759a0c67ed47472798d1c5da8dc5a5.jpg,train,Grade 4,train/Grade 4/302639_jpg.rf.f13f955cf681b6744b2082ae23f1beef.jpg,train,Grade 4,NEAR_DUPLICATE_DHASH,False,False,0.0
train/Grade 4/302787_jpg.rf.58fe9ddb1f367360f6cbec213d5372fa.jpg,train,Grade 4,train/Grade 4/302787_jpg.rf.9deca048a454d2495f45900b9a62be1c.jpg,train,Grade 4,NEAR_DUPLICATE_DHASH,False,False,0.0
train/Grade 4/302872_jpg.rf.28fad3f87d99d56c1210300fddd6aec4.jpg,train,Grade 4,train/Grade 4/302872_jpg.rf.76f1927078815a74a9e27f590f02fafb.jpg,train,Grade 4,NEAR_DUPLICATE_DHASH,False,False,3.0
train/Grade 4/302894_jpg.rf.a863c468b30f1433ca30909d1f695a0b.jpg,train,Grade 4,train/Grade 4/302894_jpg.rf.c1c4a0b517b208fd3b0435f13ddc0064.jpg,train,Grade 4,NEAR_DUPLICATE_DHASH,False,False,2.0
train/Grade 4/302991_jpg.rf.6663142be3f3ca56d155a6cf10d8bdab.jpg,train,Grade 4,train/Grade 4/302991_jpg.rf.90b5bc3881a8bc42348006f9105fe2f6.jpg,train,Grade 4,NEAR_DUPLICATE_DHASH,False,False,1.0
train/Grade 4/302991_jpg.rf.6663142be3f3ca56d155a6cf10d8bdab.jpg,train,Grade 4,train/Grade 4/302991_jpg.rf.e5d32f50a7dd18038f33901daec55252.jpg,train,Grade 4,NEAR_DUPLICATE_DHASH,False,False,2.0
train/Grade 4/302991_jpg.rf.90b5bc3881a8bc42348006f9105fe2f6.jpg,train,Grade 4,train/Grade 4/302991_jpg.rf.e5d32f50a7dd18038f33901daec55252.jpg,train,Grade 4,NEAR_DUPLICATE_DHASH,False,False,1.0
train/Grade 4/303149_jpg.rf.b053909213600e2a2fd08ad4783f1394.jpg,train,Grade 4,train/Grade 4/303149_jpg.rf.c173bdb6b8d26d9c0b84ec01c0c8cf03.jpg,train,Grade 4,NEAR_DUPLICATE_DHASH,False,False,0.0
train/Grade 4/images-23-_jpg.rf.05c69b56d2457bfa2712e6d40450e678.jpg,train,Grade 4,train/Grade 4/images-23-_jpg.rf.ee741dcdf9f962ace2cffbd10476924e.jpg,train,Grade 4,NEAR_DUPLICATE_DHASH,False,False,0.0
train/Grade 4/303269_jpg.rf.189b5f00b75cbd4c77f66253979b789d.jpg,train,Grade 4,train/Grade 4/303269_jpg.rf.e9447d51602098a3645ea1323e35a547.jpg,train,Grade 4,NEAR_DUPLICATE_DHASH,False,False,2.0
train/Grade 4/303275_jpg.rf.037fee23dc0bef4b2f7d5abb15587350.jpg,train,Grade 4,train/Grade 4/303275_jpg.rf.da07379e88274379302be25d52b2450d.jpg,train,Grade 4,NEAR_DUPLICATE_DHASH,False,False,0.0
train/Grade 4/303508_jpg.rf.a70c351aafb1bfe073b7d2c7bc63f6a1.jpg,train,Grade 4,train/Grade 4/303508_jpg.rf.b94f7091fef1320103ac74fb508b3034.jpg,train,Grade 4,NEAR_DUPLICATE_DHASH,False,False,0.0
train/Grade 4/303640_jpg.rf.0d58d40a0e2e38c5d265465ad2a972b4.jpg,train,Grade 4,train/Grade 4/303640_jpg.rf.8c57a8d86606ef173d8c2bd602455ac2.jpg,train,Grade 4,NEAR_DUPLICATE_DHASH,False,False,1.0
train/Grade 4/303682_jpg.rf.610951f0262fe3cae264f03f69088d12.jpg,train,Grade 4,train/Grade 4/303682_jpg.rf.8f613e190d06241d9927e6876dcc5a15.jpg,train,Grade 4,NEAR_DUPLICATE_DHASH,False,False,3.0
train/Grade 4/303805_jpg.rf.46e543556a8cfbd9c394d34ab1b3ffc9.jpg,train,Grade 4,train/Grade 4/303805_jpg.rf.bab0b5cd922c061d8648c3b93e015a38.jpg,train,Grade 4,NEAR_DUPLICATE_DHASH,False,False,0.0
train/Grade 4/303805_jpg.rf.46e543556a8cfbd9c394d34ab1b3ffc9.jpg,train,Grade 4,train/Grade 4/303805_jpg.rf.e95ab97b64ad078d6a28caa10723c92d.jpg,train,Grade 4,NEAR_DUPLICATE_DHASH,False,False,0.0
train/Grade 4/303805_jpg.rf.bab0b5cd922c061d8648c3b93e015a38.jpg,train,Grade 4,train/Grade 4/303805_jpg.rf.e95ab97b64ad078d6a28caa10723c92d.jpg,train,Grade 4,NEAR_DUPLICATE_DHASH,False,False,0.0
train/Grade 4/303904_jpg.rf.0fb75ee597838e0f9e4e4b2025143435.jpg,train,Grade 4,train/Grade 4/303904_jpg.rf.6549f99cacbd0634fc49849b307e572f.jpg,train,Grade 4,NEAR_DUPLICATE_DHASH,False,False,0.0
train/Grade 4/402848_jpg.rf.61a138c26109ba140e3d93ceaf86ab9f.jpg,train,Grade 4,train/Grade 4/402848_jpg.rf.d5b81a5b53f0b680d4fb225fda39c0cd.jpg,train,Grade 4,NEAR_DUPLICATE_DHASH,False,False,0.0
train/Grade 4/402848_jpg.rf.61a138c26109ba140e3d93ceaf86ab9f.jpg,train,Grade 4,train/Grade 4/402848_jpg.rf.df45464975e417e9c03e64367a393df3.jpg,train,Grade 4,NEAR_DUPLICATE_DHASH,False,False,0.0
train/Grade 4/402848_jpg.rf.d5b81a5b53f0b680d4fb225fda39c0cd.jpg,train,Grade 4,train/Grade 4/402848_jpg.rf.df45464975e417e9c03e64367a393df3.jpg,train,Grade 4,NEAR_DUPLICATE_DHASH,False,False,0.0
train/Grade 4/303990_jpg.rf.79c6d6051f5734f626f32732d0da9472.jpg,train,Grade 4,train/Grade 4/303990_jpg.rf.e77ad2837915d355d92f7630c5da1b27.jpg,train,Grade 4,NEAR_DUPLICATE_DHASH,False,False,2.0
train/Grade 4/304325_jpg.rf.0196e0e21f1343ff89a3e01342eca614.jpg,train,Grade 4,train/Grade 4/304325_jpg.rf.f738f27a1c9d5f50ad2baf3d942132c3.jpg,train,Grade 4,NEAR_DUPLICATE_DHASH,False,False,0.0
train/Grade 4/304671_jpg.rf.02eaafaa52ec9531b274f37d871b5798.jpg,train,Grade 4,train/Grade 4/304671_jpg.rf.a8d76fa0dcb5331cfb4d55e71d49587e.jpg,train,Grade 4,NEAR_DUPLICATE_DHASH,False,False,0.0
train/Grade 4/304679_jpg.rf.e3e24372eb3067f8c4cd5d2148ebb31a.jpg,train,Grade 4,train/Grade 4/304679_jpg.rf.f146eaab66b7c6e987d5b16e8c858b25.jpg,train,Grade 4,NEAR_DUPLICATE_DHASH,False,False,1.0
train/Grade 4/304909_jpg.rf.488753ab46c4f261a403fddbbc307c97.jpg,train,Grade 4,train/Grade 4/304909_jpg.rf.6efab1a1ce2359e6b4cdfabdadd1c33f.jpg,train,Grade 4,NEAR_DUPLICATE_DHASH,False,False,2.0
train/Grade 4/304932_jpg.rf.2cf32c121dfdbec0ce5554ef048bdbbd.jpg,train,Grade 4,train/Grade 4/304932_jpg.rf.567b13288fba9c99477158b035c1d011.jpg,train,Grade 4,NEAR_DUPLICATE_DHASH,False,False,3.0
train/Grade 4/304932_jpg.rf.2cf32c121dfdbec0ce5554ef048bdbbd.jpg,train,Grade 4,train/Grade 4/304932_jpg.rf.8bddc1b5876044bd3d0421b86122c487.jpg,train,Grade 4,NEAR_DUPLICATE_DHASH,False,False,3.0
train/Grade 4/304932_jpg.rf.567b13288fba9c99477158b035c1d011.jpg,train,Grade 4,train/Grade 4/304932_jpg.rf.8bddc1b5876044bd3d0421b86122c487.jpg,train,Grade 4,NEAR_DUPLICATE_DHASH,False,False,0.0
train/Grade 4/305376_jpg.rf.5ae939f196219a4b066c49e5eb3c3efe.jpg,train,Grade 4,train/Grade 4/305376_jpg.rf.998b2f914e5c3db71b7daa98d8fd309a.jpg,train,Grade 4,NEAR_DUPLICATE_DHASH,False,False,3.0
train/Grade 4/305376_jpg.rf.5ae939f196219a4b066c49e5eb3c3efe.jpg,train,Grade 4,train/Grade 4/305376_jpg.rf.c9efac0f981dae4b04a80e6830e4d630.jpg,train,Grade 4,NEAR_DUPLICATE_DHASH,False,False,0.0
train/Grade 4/305376_jpg.rf.998b2f914e5c3db71b7daa98d8fd309a.jpg,train,Grade 4,train/Grade 4/305376_jpg.rf.c9efac0f981dae4b04a80e6830e4d630.jpg,train,Grade 4,NEAR_DUPLICATE_DHASH,False,False,3.0
train/Grade 4/305379_jpg.rf.232aa4e9c7609da94a3bf1910347ef83.jpg,train,Grade 4,train/Grade 4/305379_jpg.rf.c5aff69baf63241ebbe37ce51ac32fac.jpg,train,Grade 4,NEAR_DUPLICATE_DHASH,False,False,0.0
train/Grade 4/305648_jpg.rf.7796444f01beb4085689537221532ba5.jpg,train,Grade 4,train/Grade 4/305648_jpg.rf.9f73445021a3926d547ca3274d57015b.jpg,train,Grade 4,NEAR_DUPLICATE_DHASH,False,False,0.0
train/Grade 4/306155_jpg.rf.359a4b93470aee422743ad96f6064bca.jpg,train,Grade 4,train/Grade 4/306155_jpg.rf.7b922f020c5b2bddd72518de146b50b0.jpg,train,Grade 4,NEAR_DUPLICATE_DHASH,False,False,3.0
train/Grade 4/306171_jpg.rf.471ad63a75d8f7b3739fda0bd12db0d0.jpg,train,Grade 4,train/Grade 4/306171_jpg.rf.4a6852dbaf5d8f2d849a0e4191aa43a8.jpg,train,Grade 4,NEAR_DUPLICATE_DHASH,False,False,2.0
train/Grade 4/339_jpg.rf.27128e09ba823dbdc1f50883c74028c3.jpg,train,Grade 4,train/Grade 4/339_jpg.rf.2ff119b12ade4b17594b1225ee32e967.jpg,train,Grade 4,NEAR_DUPLICATE_DHASH,False,False,0.0
train/Grade 4/33_jpg.rf.339f661ed13c341bcdb94777db617067.jpg,train,Grade 4,train/Grade 4/33_jpg.rf.55fbcf6de796cc376171d95b563eec28.jpg,train,Grade 4,NEAR_DUPLICATE_DHASH,False,False,4.0
train/Grade 4/33_jpg.rf.339f661ed13c341bcdb94777db617067.jpg,train,Grade 4,train/Grade 4/33_jpg.rf.812fe2d3f50363ecfcd1037420309e85.jpg,train,Grade 4,NEAR_DUPLICATE_DHASH,False,False,3.0
train/Grade 4/33_jpg.rf.339f661ed13c341bcdb94777db617067.jpg,train,Grade 4,train/Grade 4/33_jpg.rf.a410ceb8e1f9cf4a08ab264a9266d06c.jpg,train,Grade 4,NEAR_DUPLICATE_DHASH,False,False,1.0
train/Grade 4/33_jpg.rf.55fbcf6de796cc376171d95b563eec28.jpg,train,Grade 4,train/Grade 4/33_jpg.rf.812fe2d3f50363ecfcd1037420309e85.jpg,train,Grade 4,NEAR_DUPLICATE_DHASH,False,False,1.0
train/Grade 4/33_jpg.rf.812fe2d3f50363ecfcd1037420309e85.jpg,train,Grade 4,train/Grade 4/33_jpg.rf.a410ceb8e1f9cf4a08ab264a9266d06c.jpg,train,Grade 4,NEAR_DUPLICATE_DHASH,False,False,4.0
train/Grade 4/348_jpg.rf.b9ee376744b17ac3f23ccb16159f42ca.jpg,train,Grade 4,train/Grade 4/348_jpg.rf.f6e93a1420b7f5366515e751af2aea48.jpg,train,Grade 4,NEAR_DUPLICATE_DHASH,False,False,1.0
train/Grade 4/355_jpg.rf.71badfafef16add7866554abbb84e408.jpg,train,Grade 4,train/Grade 4/355_jpg.rf.b69747ec76be9b7bd0a51840a4c8ac6a.jpg,train,Grade 4,NEAR_DUPLICATE_DHASH,False,False,2.0
train/Grade 4/355_jpg.rf.71badfafef16add7866554abbb84e408.jpg,train,Grade 4,train/Grade 4/355_jpg.rf.fdb4d7f963002bfee64357ef96c35dfd.jpg,train,Grade 4,NEAR_DUPLICATE_DHASH,False,False,2.0
train/Grade 4/355_jpg.rf.b69747ec76be9b7bd0a51840a4c8ac6a.jpg,train,Grade 4,train/Grade 4/355_jpg.rf.fdb4d7f963002bfee64357ef96c35dfd.jpg,train,Grade 4,NEAR_DUPLICATE_DHASH,False,False,0.0
train/Grade 4/366_jpg.rf.509771d10d973e0beca75b5e724c673e.jpg,train,Grade 4,train/Grade 4/366_jpg.rf.9037a9f9ab0264e3c9aafccabf650683.jpg,train,Grade 4,NEAR_DUPLICATE_DHASH,False,False,0.0
train/Grade 4/366_jpg.rf.67e2cd36a3a1db426ceb6fa78db18eb0.jpg,train,Grade 4,train/Grade 4/366_jpg.rf.87ca24efdc5458309ef2e73c85162ca0.jpg,train,Grade 4,NEAR_DUPLICATE_DHASH,False,False,0.0
train/Grade 4/366_jpg.rf.67e2cd36a3a1db426ceb6fa78db18eb0.jpg,train,Grade 4,train/Grade 4/366_jpg.rf.a37a0fea834bd382e3263731c48f4f9f.jpg,train,Grade 4,NEAR_DUPLICATE_DHASH,False,False,0.0
train/Grade 4/366_jpg.rf.87ca24efdc5458309ef2e73c85162ca0.jpg,train,Grade 4,train/Grade 4/366_jpg.rf.a37a0fea834bd382e3263731c48f4f9f.jpg,train,Grade 4,NEAR_DUPLICATE_DHASH,False,False,0.0
train/Grade 4/368_jpg.rf.3e568836b7bfed393179f91f3e1b7fdb.jpg,train,Grade 4,train/Grade 4/368_jpg.rf.80af5d1b58783bdae6fbdf9607f1cf40.jpg,train,Grade 4,NEAR_DUPLICATE_DHASH,False,False,2.0
train/Grade 4/368_jpg.rf.611f4214fdb76242d70c672e54ddeea7.jpg,train,Grade 4,train/Grade 4/368_jpg.rf.abfd343d5a56db99fddda4177d8e1b9b.jpg,train,Grade 4,NEAR_DUPLICATE_DHASH,False,False,2.0
train/Grade 4/373_jpg.rf.0210f33bae74e3b8d531c0c9752f026a.jpg,train,Grade 4,train/Grade 4/373_jpg.rf.f2a433a0f8207e055072dfa757aee1c9.jpg,train,Grade 4,NEAR_DUPLICATE_DHASH,False,False,1.0
train/Grade 4/373_jpg.rf.7ac12853487b5f183d9b139f58aac1f1.jpg,train,Grade 4,train/Grade 4/373_jpg.rf.af8e5c6c87d1d1b4d7df6fe0d51b0f5b.jpg,train,Grade 4,NEAR_DUPLICATE_DHASH,False,False,0.0
train/Grade 4/379_jpg.rf.b03d5fe939c65ce68f99d5658d598fa8.jpg,train,Grade 4,train/Grade 4/379_jpg.rf.b191bf87f2f4cfbac97548b53b4d1c5e.jpg,train,Grade 4,NEAR_DUPLICATE_DHASH,False,False,2.0
train/Grade 4/417_jpg.rf.295a0b9e0ec9647f9f609d04bbb363ec.jpg,train,Grade 4,train/Grade 4/417_jpg.rf.b95e56e72cd6188d863e7426ca6722c1.jpg,train,Grade 4,NEAR_DUPLICATE_DHASH,False,False,0.0
train/Grade 4/417_jpg.rf.295a0b9e0ec9647f9f609d04bbb363ec.jpg,train,Grade 4,train/Grade 4/417_jpg.rf.d33a9d6a59f33ded9ffcbc5c0035c52b.jpg,train,Grade 4,NEAR_DUPLICATE_DHASH,False,False,0.0
train/Grade 4/417_jpg.rf.b95e56e72cd6188d863e7426ca6722c1.jpg,train,Grade 4,train/Grade 4/417_jpg.rf.d33a9d6a59f33ded9ffcbc5c0035c52b.jpg,train,Grade 4,NEAR_DUPLICATE_DHASH,False,False,0.0
train/Grade 4/418_jpg.rf.2660040ebd9f9ba192e952affc136b9e.jpg,train,Grade 4,train/Grade 4/418_jpg.rf.694f7d4cb12d514d8d22dd9b5ecf0947.jpg,train,Grade 4,NEAR_DUPLICATE_DHASH,False,False,0.0
train/Grade 4/419_jpg.rf.483c1dfa31b77707137f9a9b339aa418.jpg,train,Grade 4,train/Grade 4/419_jpg.rf.883b2f5ebf6dd4c4c2b712621d023a47.jpg,train,Grade 4,NEAR_DUPLICATE_DHASH,False,False,0.0
train/Grade 4/419_jpg.rf.483c1dfa31b77707137f9a9b339aa418.jpg,train,Grade 4,train/Grade 4/419_jpg.rf.a15a439a6b84840d705f5ac13aef54d6.jpg,train,Grade 4,NEAR_DUPLICATE_DHASH,False,False,0.0
train/Grade 4/419_jpg.rf.883b2f5ebf6dd4c4c2b712621d023a47.jpg,train,Grade 4,train/Grade 4/419_jpg.rf.a15a439a6b84840d705f5ac13aef54d6.jpg,train,Grade 4,NEAR_DUPLICATE_DHASH,False,False,0.0
train/Grade 4/52769400_2289082084749692_2368844041937747968_n_jpg.rf.069c2cbb76e4052d6a4307b17759c2ba.jpg,train,Grade 4,train/Grade 4/52769400_2289082084749692_2368844041937747968_n_jpg.rf.f58b8b121f7722b0db03ea64c198bcfc.jpg,train,Grade 4,NEAR_DUPLICATE_DHASH,False,False,0.0
train/Grade 4/425_jpg.rf.84bd96825100e5fa238132870fe7580c.jpg,train,Grade 4,train/Grade 4/425_jpg.rf.913546284075f828d112f58fa0cbf0e5.jpg,train,Grade 4,NEAR_DUPLICATE_DHASH,False,False,0.0
train/Grade 4/426_jpg.rf.724044444a419efa7dc1f87e98be5c02.jpg,train,Grade 4,train/Grade 4/426_jpg.rf.97d7c8002b8d2c1442be1ee5676e033d.jpg,train,Grade 4,NEAR_DUPLICATE_DHASH,False,False,0.0
train/Grade 4/426_jpg.rf.724044444a419efa7dc1f87e98be5c02.jpg,train,Grade 4,train/Grade 4/426_jpg.rf.e720ffcd2fa9b904f93bb8d1641cabc4.jpg,train,Grade 4,NEAR_DUPLICATE_DHASH,False,False,0.0
train/Grade 4/426_jpg.rf.97d7c8002b8d2c1442be1ee5676e033d.jpg,train,Grade 4,train/Grade 4/426_jpg.rf.e720ffcd2fa9b904f93bb8d1641cabc4.jpg,train,Grade 4,NEAR_DUPLICATE_DHASH,False,False,0.0
train/Grade 4/447_jpg.rf.08278c27658d47f663b19fc20736bed3.jpg,train,Grade 4,train/Grade 4/447_jpg.rf.7987b3787d18503e0177e263ed49179b.jpg,train,Grade 4,NEAR_DUPLICATE_DHASH,False,False,1.0
train/Grade 4/459_jpg.rf.315b0c69972b27e6f77b3fed153f00a6.jpg,train,Grade 4,train/Grade 4/459_jpg.rf.ad4e8f90af75e96c1db3be98838e7d3c.jpg,train,Grade 4,NEAR_DUPLICATE_DHASH,False,False,0.0
train/Grade 4/466_jpg.rf.8e00da9cd197897ca1b7ecc7ad33f3b9.jpg,train,Grade 4,train/Grade 4/466_jpg.rf.aec45b9b8994e4d8d07fbba59ab25f6b.jpg,train,Grade 4,NEAR_DUPLICATE_DHASH,False,False,0.0
train/Grade 4/469_jpg.rf.11e26bae9a88adabd20ef1de36dde28a.jpg,train,Grade 4,train/Grade 4/469_jpg.rf.d901975a171ab8371e971d28218c9e92.jpg,train,Grade 4,NEAR_DUPLICATE_DHASH,False,False,1.0
train/Grade 4/481_jpg.rf.d8635a44bee1dafec58e46a1a8fda327.jpg,train,Grade 4,train/Grade 4/481_jpg.rf.fa4644498197f0c3fe9d3c53837934a3.jpg,train,Grade 4,NEAR_DUPLICATE_DHASH,False,False,2.0
train/Grade 4/493_jpg.rf.635429753f32b32b5223af82d6a3dd31.jpg,train,Grade 4,train/Grade 4/493_jpg.rf.eb36981e35a48cdb518faeb77b3d9ad7.jpg,train,Grade 4,NEAR_DUPLICATE_DHASH,False,False,0.0
train/Grade 4/493_jpg.rf.6b6d25a479ed8b0ddc8751a3d4d514ad.jpg,train,Grade 4,train/Grade 4/493_jpg.rf.8ef3a51ec7c472e979d818af028412d7.jpg,train,Grade 4,NEAR_DUPLICATE_DHASH,False,False,1.0
train/Grade 4/501184_jpg.rf.3a864e70add3dcd0ef4dbfcddffc38c8.jpg,train,Grade 4,train/Grade 4/501184_jpg.rf.e40ed15fb05d46da4bb658469e85ae31.jpg,train,Grade 4,NEAR_DUPLICATE_DHASH,False,False,3.0
train/Grade 4/501253_jpg.rf.24da72142ec4f72aa30b56cc9c652082.jpg,train,Grade 4,train/Grade 4/501253_jpg.rf.3b97d7c192a58eebe692eaea7bd4486d.jpg,train,Grade 4,NEAR_DUPLICATE_DHASH,False,False,1.0
train/Grade 4/501387_jpg.rf.6e77db1cfeea309651b30169d99fe71f.jpg,train,Grade 4,train/Grade 4/501387_jpg.rf.f2e8ede4a3115c449bd1480ba544b408.jpg,train,Grade 4,NEAR_DUPLICATE_DHASH,False,False,0.0
train/Grade 4/501387_jpg.rf.ab931baa37544fd99057bed7bc971715.jpg,train,Grade 4,train/Grade 4/501387_jpg.rf.afe53c6971f8190c4abef71f19f3dbb1.jpg,train,Grade 4,NEAR_DUPLICATE_DHASH,False,False,0.0
train/Grade 4/501463_jpg.rf.1a59c9ab958012259a904ef98b5873fd.jpg,train,Grade 4,train/Grade 4/501463_jpg.rf.1c4878ae471d9b4bb2403fc81171715f.jpg,train,Grade 4,NEAR_DUPLICATE_DHASH,False,False,1.0
train/Grade 4/501488_jpg.rf.532c72e1323e71ed895901d2214cb1fb.jpg,train,Grade 4,train/Grade 4/501488_jpg.rf.75eb18cfb57b31ddb8a01b4ab3d29f7e.jpg,train,Grade 4,NEAR_DUPLICATE_DHASH,False,False,0.0
train/Grade 4/501488_jpg.rf.a686299da197d168d91d9e74de032f30.jpg,train,Grade 4,train/Grade 4/501488_jpg.rf.a95c5b13590cd1e5939304c3ee664181.jpg,train,Grade 4,NEAR_DUPLICATE_DHASH,False,False,2.0
train/Grade 4/501627_jpg.rf.45f479e719bd06937a3d14d4e27fec36.jpg,train,Grade 4,train/Grade 4/501627_jpg.rf.5a135cfcad344f1b91ddd3c82230b4d8.jpg,train,Grade 4,NEAR_DUPLICATE_DHASH,False,False,1.0
train/Grade 4/501655_jpg.rf.66c632bb9c80e03c52855d4fc602b0ca.jpg,train,Grade 4,train/Grade 4/501655_jpg.rf.fe52bb547c0fe65b34b50671eaa54806.jpg,train,Grade 4,NEAR_DUPLICATE_DHASH,False,False,0.0
train/Grade 4/501804_jpg.rf.0f59de40398289df43ad04e5f58f23a6.jpg,train,Grade 4,train/Grade 4/501804_jpg.rf.50a0fd7d47fbb6bbdc41bc862323dd4c.jpg,train,Grade 4,NEAR_DUPLICATE_DHASH,False,False,2.0
train/Grade 4/501830_jpg.rf.599a77686ff3416f1af523904ec71f7a.jpg,train,Grade 4,train/Grade 4/501830_jpg.rf.73c7041ebd4587f9ddd60470d3ea66fb.jpg,train,Grade 4,NEAR_DUPLICATE_DHASH,False,False,1.0
train/Grade 4/501830_jpg.rf.599a77686ff3416f1af523904ec71f7a.jpg,train,Grade 4,train/Grade 4/501830_jpg.rf.f06d0662062461f8ebf57cf3d8e84f2d.jpg,train,Grade 4,NEAR_DUPLICATE_DHASH,False,False,2.0
train/Grade 4/501830_jpg.rf.73c7041ebd4587f9ddd60470d3ea66fb.jpg,train,Grade 4,train/Grade 4/501830_jpg.rf.f06d0662062461f8ebf57cf3d8e84f2d.jpg,train,Grade 4,NEAR_DUPLICATE_DHASH,False,False,3.0
train/Grade 4/52123761_320182518622865_2722884148971700224_n_jpg.rf.417ec4390ceb151cd2ea4e04926bb20c.jpg,train,Grade 4,train/Grade 4/52123761_320182518622865_2722884148971700224_n_jpg.rf.7a5f286102c0d5c42d807061920a56d8.jpg,train,Grade 4,NEAR_DUPLICATE_DHASH,False,False,2.0
train/Grade 4/52717508_296261441061855_8639498046444404736_n_jpg.rf.987c7716f5d1ad20a4b2bfb4c576f041.jpg,train,Grade 4,train/Grade 4/52717508_296261441061855_8639498046444404736_n_jpg.rf.c3dfdc445022f10834f50412ceaaaba2.jpg,train,Grade 4,NEAR_DUPLICATE_DHASH,False,False,0.0
train/Grade 4/52927498_378124226358533_6907191887468167168_n_jpg.rf.b3a7085c8520a5412853461380a4225a.jpg,train,Grade 4,train/Grade 4/52927498_378124226358533_6907191887468167168_n_jpg.rf.fd16540dfb62a93343c5e0e6e8afab7f.jpg,train,Grade 4,NEAR_DUPLICATE_DHASH,False,False,0.0
train/Grade 4/85_jpg.rf.2de0498c5a0fd518e2c7931a941c2a77.jpg,train,Grade 4,train/Grade 4/85_jpg.rf.74fc0c9151654457e79843129f0cbacc.jpg,train,Grade 4,NEAR_DUPLICATE_DHASH,False,False,1.0
train/Grade 4/99_jpg.rf.24e0191a78720872baa83a6607ec0af1.jpg,train,Grade 4,train/Grade 4/99_jpg.rf.d1dee928a52e4b8b927814eb47ba3d2c.jpg,train,Grade 4,NEAR_DUPLICATE_DHASH,False,False,0.0
train/Grade 4/diabetic-foot-ulcer-pictures-5_jpg.rf.442872956fc4e096bfdb3856ebea9095.jpg,train,Grade 4,train/Grade 4/diabetic-foot-ulcer-pictures-5_jpg.rf.b5cfa968785fe381591eaad9a21a9ba0.jpg,train,Grade 4,NEAR_DUPLICATE_DHASH,False,False,4.0
train/Grade 4/diabetic-foot-ulcer-pictures-5_jpg.rf.442872956fc4e096bfdb3856ebea9095.jpg,train,Grade 4,train/Grade 4/diabetic-foot-ulcer-pictures-5_jpg.rf.c0106af758282ebdd8bb99a2abfd8e21.jpg,train,Grade 4,NEAR_DUPLICATE_DHASH,False,False,1.0
train/Grade 4/diabetic-foot-ulcer-pictures-5_jpg.rf.b5cfa968785fe381591eaad9a21a9ba0.jpg,train,Grade 4,train/Grade 4/diabetic-foot-ulcer-pictures-5_jpg.rf.c0106af758282ebdd8bb99a2abfd8e21.jpg,train,Grade 4,NEAR_DUPLICATE_DHASH,False,False,3.0
train/Grade 4/diabetic-foot-ulcer-pictures-5_jpg.rf.9db4dea42945866124f3cc874091511a.jpg,train,Grade 4,train/Grade 4/diabetic-foot-ulcer-pictures-5_jpg.rf.c1649e854e48afc71771c8e4cd7d92cb.jpg,train,Grade 4,NEAR_DUPLICATE_DHASH,False,False,2.0
train/Grade 4/images-16-_jpg.rf.0481038106123fef310be6b1a43a6ef6.jpg,train,Grade 4,train/Grade 4/images-16-_jpg.rf.bf700ba34247df0bc280c5f3e275ab72.jpg,train,Grade 4,NEAR_DUPLICATE_DHASH,False,False,0.0
train/Grade 4/images-30-_jpg.rf.49d52039ab52940e48e47ab7c85d0416.jpg,train,Grade 4,train/Grade 4/images-30-_jpg.rf.b8cf41a71d0bcd97648d2c5875bbd081.jpg,train,Grade 4,NEAR_DUPLICATE_DHASH,False,False,2.0
train/Grade 4/images-30-_jpg.rf.49d52039ab52940e48e47ab7c85d0416.jpg,train,Grade 4,train/Grade 4/images-30-_jpg.rf.d45df5d2927349f8ec11af91b90022a1.jpg,train,Grade 4,NEAR_DUPLICATE_DHASH,False,False,0.0
train/Grade 4/images-30-_jpg.rf.b8cf41a71d0bcd97648d2c5875bbd081.jpg,train,Grade 4,train/Grade 4/images-30-_jpg.rf.d45df5d2927349f8ec11af91b90022a1.jpg,train,Grade 4,NEAR_DUPLICATE_DHASH,False,False,2.0
train/Grade 4/Initial-presentation-of-the-diabetic-ulcer-at-the-left-lateral-foot_png.rf.494f5c2d9d4e691451b161a09e683d32.jpg,train,Grade 4,train/Grade 4/Initial-presentation-of-the-diabetic-ulcer-at-the-left-lateral-foot_png.rf.9ed6bcf28954248d59c2b33cc1f0de85.jpg,train,Grade 4,NEAR_DUPLICATE_DHASH,False,False,2.0
train/Grade 4/Initial-presentation-of-the-diabetic-ulcer-at-the-left-lateral-foot_png.rf.494f5c2d9d4e691451b161a09e683d32.jpg,train,Grade 4,train/Grade 4/Initial-presentation-of-the-diabetic-ulcer-at-the-left-lateral-foot_png.rf.dbf9a0ecfd52acc0f4080f6d71f11312.jpg,train,Grade 4,NEAR_DUPLICATE_DHASH,False,False,0.0
train/Grade 4/Initial-presentation-of-the-diabetic-ulcer-at-the-left-lateral-foot_png.rf.9ed6bcf28954248d59c2b33cc1f0de85.jpg,train,Grade 4,train/Grade 4/Initial-presentation-of-the-diabetic-ulcer-at-the-left-lateral-foot_png.rf.dbf9a0ecfd52acc0f4080f6d71f11312.jpg,train,Grade 4,NEAR_DUPLICATE_DHASH,False,False,2.0
train/Grade 4/thumbnail_IMG_3225_jpg.rf.a25b1d2d4850e6f9265efb2e46830b44.jpg,train,Grade 4,train/Grade 4/thumbnail_IMG_3225_jpg.rf.bb8e0bfe5107960582c25a9d954ba520.jpg,train,Grade 4,NEAR_DUPLICATE_DHASH,False,False,0.0
